period,registration_type,brand,nameplate,model,trim_label,grade,drive,range_km,battery_kwh,powertrain_hint,segment,body_type,market_position,powertrain,brand_segment,units,raw_label
2026-01,RY1,Jaecoo,Jaecoo 5 EV,Jaecoo 5 EV,Long Range Max,LONG RANGE MAX,,,,,B,CROSSOVER,VOLUME,BEV,MASS,6779.0,JAECOO 5 EV Long Range Max
2026-01,RY1,BYD,Dolphin,Dolphin,435KM-STD,STD,,435.0,,,B,HATCHBACK,VOLUME,BEV,MASS,5061.0,BYD BYD DOLPHIN (435KM-STD)
2025-12,RY1,Jaecoo,Jaecoo 5 EV,Jaecoo 5 EV,Long Range Max,LONG RANGE MAX,,,,,B,CROSSOVER,VOLUME,BEV,MASS,3356.0,JAECOO 5 EV Long Range Max
2026-01,RY1,BYD,Atto 3,Atto 3,480KM-EXT,EXT,,480.0,,,B,CROSSOVER,VOLUME,BEV,MASS,2691.0,BYD BYD ATTO3 (480KM-EXT)
2026-01,RY1,MG,MG4 Electric,MG4 Electric,,,,,,,C,HATCHBACK,VOLUME,BEV,MASS,2400.0,MG MG4 ELECTRIC
2025-04,RY1,BYD,Sealion 6 DM-i,Sealion 6 DM-i,PREMIUM,PREMIUM,,,,,C,CROSSOVER,VOLUME,PHEV,MASS,2314.0,BYD BYD SEALION 6 DM-i PREMIUM
2023-03,RY1,BYD,Atto 3,Atto 3,,,,,,,B,CROSSOVER,VOLUME,BEV,MASS,2307.0,BYD BYD ATTO 3
2023-06,RY1,Neta,Neta V,Neta V,,,,,,,A,CROSSOVER,VOLUME,BEV,BUDGET,2203.0,NETA NETA V
2024-01,RY1,BYD,Dolphin,Dolphin,STD,STD,,,,,B,HATCHBACK,VOLUME,BEV,MASS,2201.0,BYD BYD DOLPHIN STD
2026-01,RY1,MG,MG S5 EV,MG S5 EV,,,,,,,C,CROSSOVER,VOLUME,BEV,MASS,2080.0,MG S5 EV
2024-01,RY1,Neta,Neta V,Neta V,,,,,,,A,CROSSOVER,VOLUME,BEV,BUDGET,2013.0,NETA NETA V
2025-11,RY1,Jaecoo,Jaecoo 5 EV,Jaecoo 5 EV,Long Range Max,LONG RANGE MAX,,,,,B,CROSSOVER,VOLUME,BEV,MASS,1952.0,JAECOO 5 EV Long Range Max
2026-01,RY1,Deepal,Deepal S05,Deepal S05,MAX,MAX,,,,,B,CROSSOVER,VOLUME,MIXED,MASS,1927.0,DEEPAL S05 MAX
2026-01,RY1,GWM,Ora Good Cat,Ora Good Cat,,,,,,,B,HATCHBACK,VOLUME,BEV,MASS,1904.0,ORA GOOD CAT
2023-05,RY1,BYD,Atto 3,Atto 3,,,,,,,B,CROSSOVER,VOLUME,BEV,MASS,1812.0,BYD BYD ATTO 3
2023-02,RY1,BYD,Atto 3,Atto 3,,,,,,,B,CROSSOVER,VOLUME,BEV,MASS,1795.0,BYD BYD ATTO 3
2023-11,RY1,BYD,Dolphin,Dolphin,STD,STD,,,,,B,HATCHBACK,VOLUME,BEV,MASS,1705.0,BYD BYD DOLPHIN STD
2025-06,RY1,BYD,Dolphin,Dolphin,435KM-STD,STD,,435.0,,,B,HATCHBACK,VOLUME,BEV,MASS,1697.0,BYD BYD DOLPHIN (435KM-STD)
2023-06,RY1,BYD,Atto 3,Atto 3,,,,,,,B,CROSSOVER,VOLUME,BEV,MASS,1599.0,BYD BYD ATTO 3
2023-04,RY1,BYD,Atto 3,Atto 3,,,,,,,B,CROSSOVER,VOLUME,BEV,MASS,1554.0,BYD BYD ATTO 3
2024-01,RY1,BYD,Seal,Seal,EXD RWD,,RWD,,,,D,SEDAN,UPPER,BEV,MASS,1494.0,BYD BYD SEAL EXD RWD
2023-08,RY1,BYD,Atto 3,Atto 3,,,,,,,B,CROSSOVER,VOLUME,BEV,MASS,1482.0,BYD BYD ATTO 3
2022-03,RY1,MG,MG5,MG5,,,,,,,C,SEDAN,VOLUME,ICE,MASS,1462.0,MG MG5
2025-06,RY1,BYD,Atto 3,Atto 3,410KM-PREMIUM,PREMIUM,,410.0,,,B,CROSSOVER,VOLUME,BEV,MASS,1402.0,BYD BYD ATTO3 (410KM-PREMIUM)
2026-01,RY1,BYD,Atto 3,Atto 3,410KM-PREMIUM,PREMIUM,,410.0,,,B,CROSSOVER,VOLUME,BEV,MASS,1384.0,BYD BYD ATTO3 (410KM-PREMIUM)
2024-01,RY1,BYD,Seal,Seal,EXD AWD,,AWD,,,,D,SEDAN,UPPER,BEV,MASS,1377.0,BYD BYD SEAL EXD AWD
2023-10,RY1,BYD,Dolphin,Dolphin,STD,STD,,,,,B,HATCHBACK,VOLUME,BEV,MASS,1369.0,BYD BYD DOLPHIN STD
2023-09,RY1,BYD,Dolphin,Dolphin,STD,STD,,,,,B,HATCHBACK,VOLUME,BEV,MASS,1355.0,BYD BYD DOLPHIN STD
2025-07,RY1,MG,MG4 Electric,MG4 Electric,,,,,,,C,HATCHBACK,VOLUME,BEV,MASS,1335.0,MG MG4 ELECTRIC
2023-09,RY1,BYD,Atto 3,Atto 3,,,,,,,B,CROSSOVER,VOLUME,BEV,MASS,1333.0,BYD BYD ATTO 3
2025-05,RY1,BYD,Dolphin,Dolphin,435KM-STD,STD,,435.0,,,B,HATCHBACK,VOLUME,BEV,MASS,1331.0,BYD BYD DOLPHIN (435KM-STD)
2024-01,RY1,BYD,Atto 3,Atto 3,,,,,,,B,CROSSOVER,VOLUME,BEV,MASS,1328.0,BYD BYD ATTO 3
2024-08,RY1,BYD,Dolphin,Dolphin,STD,STD,,,,,B,HATCHBACK,VOLUME,BEV,MASS,1316.0,BYD BYD DOLPHIN STD
2024-07,RY1,BYD,Dolphin,Dolphin,STD,STD,,,,,B,HATCHBACK,VOLUME,BEV,MASS,1280.0,BYD BYD DOLPHIN STD
2026-01,RY1,Aion,Aion V,Aion V,602 LUXURY,LUXURY,,602.0,,,C,CROSSOVER,UPPER,BEV,MASS,1255.0,AION AION V 602 LUXURY
2023-02,RY1,Neta,Neta V,Neta V,,,,,,,A,CROSSOVER,VOLUME,BEV,BUDGET,1254.0,NETA NETA V
2023-08,RY1,Neta,Neta V,Neta V,,,,,,,A,CROSSOVER,VOLUME,BEV,BUDGET,1251.0,NETA NETA V
2025-08,RY1,MG,MG4 Electric,MG4 Electric,,,,,,,C,HATCHBACK,VOLUME,BEV,MASS,1246.0,MG MG4 ELECTRIC
2023-10,RY1,BYD,Atto 3,Atto 3,,,,,,,B,CROSSOVER,VOLUME,BEV,MASS,1238.0,BYD BYD ATTO 3
2023-07,RY1,Neta,Neta V,Neta V,,,,,,,A,CROSSOVER,VOLUME,BEV,BUDGET,1234.0,NETA NETA V
2025-06,RY1,MG,MG4 Electric,MG4 Electric,,,,,,,C,HATCHBACK,VOLUME,BEV,MASS,1211.0,MG MG4 ELECTRIC
2025-01,RY1,BYD,Dolphin,Dolphin,435KM-STD,STD,,435.0,,,B,HATCHBACK,VOLUME,BEV,MASS,1185.0,BYD BYD DOLPHIN (435KM-STD)
2025-01,RY1,Deepal,Deepal S07,Deepal S07,,,,,,,C,CROSSOVER,UPPER,BEV,MASS,1167.0,DEEPAL S07
2023-07,RY1,BYD,Atto 3,Atto 3,,,,,,,B,CROSSOVER,VOLUME,BEV,MASS,1165.0,BYD BYD ATTO 3
2022-03,RY1,MG,MG ZS,MG ZS,,,,,,,B,CROSSOVER,VOLUME,ICE,MASS,1161.0,MG ZS
2022-06,RY1,MG,MG5,MG5,,,,,,,C,SEDAN,VOLUME,ICE,MASS,1141.0,MG MG5
2023-11,RY1,Neta,Neta V,Neta V,,,,,,,A,CROSSOVER,VOLUME,BEV,BUDGET,1134.0,NETA NETA V
2025-01,RY1,BYD,Sealion 7,Sealion 7,RWD,,RWD,,,,D,CROSSOVER,UPPER,BEV,MASS,1131.0,BYD BYD SEALION 7 RWD
2025-05,RY1,BYD,Sealion 6 DM-i,Sealion 6 DM-i,PREMIUM,PREMIUM,,,,,C,CROSSOVER,VOLUME,PHEV,MASS,1131.0,BYD BYD SEALION 6 DM-i PREMIUM
2023-11,RY1,BYD,Dolphin,Dolphin,EXD,,,,,,B,HATCHBACK,VOLUME,BEV,MASS,1120.0,BYD BYD DOLPHIN EXD
2025-01,RY1,MG,MG4 Electric,MG4 Electric,,,,,,,C,HATCHBACK,VOLUME,BEV,MASS,1113.0,MG MG4 ELECTRIC
2024-11,RY1,BYD,Dolphin,Dolphin,435KM-STD,STD,,435.0,,,B,HATCHBACK,VOLUME,BEV,MASS,1100.0,BYD BYD DOLPHIN (435KM-STD)
2023-11,RY1,BYD,Atto 3,Atto 3,,,,,,,B,CROSSOVER,VOLUME,BEV,MASS,1049.0,BYD BYD ATTO 3
2023-10,RY1,BYD,Dolphin,Dolphin,EXD,,,,,,B,HATCHBACK,VOLUME,BEV,MASS,1044.0,BYD BYD DOLPHIN EXD
2022-02,RY1,MG,MG5,MG5,,,,,,,C,SEDAN,VOLUME,ICE,MASS,1023.0,MG MG5
2022-05,RY1,MG,MG5,MG5,,,,,,,C,SEDAN,VOLUME,ICE,MASS,1009.0,MG MG5
2024-01,RY1,MG,MG4 Electric,MG4 Electric,,,,,,,C,HATCHBACK,VOLUME,BEV,MASS,1006.0,MG MG4 ELECTRIC
2025-03,RY1,BYD,Sealion 6 DM-i,Sealion 6 DM-i,PREMIUM,PREMIUM,,,,,C,CROSSOVER,VOLUME,PHEV,MASS,987.0,BYD BYD SEALION 6 DM-i PREMIUM
2024-01,RY1,BYD,Dolphin,Dolphin,EXD,,,,,,B,HATCHBACK,VOLUME,BEV,MASS,974.0,BYD BYD DOLPHIN EXD
2023-06,RY1,GWM,Ora Good Cat,Ora Good Cat,,,,,,,B,HATCHBACK,VOLUME,BEV,MASS,959.0,ORA GOOD CAT
2023-10,RY1,Neta,Neta V,Neta V,,,,,,,A,CROSSOVER,VOLUME,BEV,BUDGET,951.0,NETA NETA V
2022-01,RY1,MG,MG5,MG5,,,,,,,C,SEDAN,VOLUME,ICE,MASS,948.0,MG MG5
2023-02,RY1,MG,MG5,MG5,,,,,,,C,SEDAN,VOLUME,ICE,MASS,939.0,MG MG5
2022-09,RY1,MG,MG5,MG5,,,,,,,C,SEDAN,VOLUME,ICE,MASS,919.0,MG MG5
2022-02,RY1,MG,MG ZS,MG ZS,,,,,,,B,CROSSOVER,VOLUME,ICE,MASS,916.0,MG ZS
2022-08,RY1,MG,MG5,MG5,,,,,,,C,SEDAN,VOLUME,ICE,MASS,915.0,MG MG5
2025-09,RY1,MG,MG4 Electric,MG4 Electric,,,,,,,C,HATCHBACK,VOLUME,BEV,MASS,915.0,MG MG4 ELECTRIC
2025-05,RY1,MG,MG4 Electric,MG4 Electric,,,,,,,C,HATCHBACK,VOLUME,BEV,MASS,912.0,MG MG4 ELECTRIC
2023-01,RY1,BYD,Atto 3,Atto 3,,,,,,,B,CROSSOVER,VOLUME,BEV,MASS,911.0,BYD BYD ATTO 3
2022-01,RY1,MG,MG ZS,MG ZS,,,,,,,B,CROSSOVER,VOLUME,ICE,MASS,909.0,MG ZS
2022-04,RY1,MG,MG5,MG5,,,,,,,C,SEDAN,VOLUME,ICE,MASS,907.0,MG MG5
2025-10,RY1,MG,MG4 Electric,MG4 Electric,,,,,,,C,HATCHBACK,VOLUME,BEV,MASS,890.0,MG MG4 ELECTRIC
2026-01,RY1,GWM,Tank 300,Tank 300,,,,,,,C,PPV,UPPER,HEV,MASS,883.0,GWM GWM TANK 300
2023-09,RY1,Neta,Neta V,Neta V,,,,,,,A,CROSSOVER,VOLUME,BEV,BUDGET,854.0,NETA NETA V
2025-09,RY1,GWM,Tank 300,Tank 300,,,,,,,C,PPV,UPPER,HEV,MASS,853.0,GWM GWM TANK 300
2025-07,RY1,BYD,Atto 3,Atto 3,410KM-PREMIUM,PREMIUM,,410.0,,,B,CROSSOVER,VOLUME,BEV,MASS,852.0,BYD BYD ATTO3 (410KM-PREMIUM)
2025-07,RY1,BYD,Dolphin,Dolphin,435KM-STD,STD,,435.0,,,B,HATCHBACK,VOLUME,BEV,MASS,850.0,BYD BYD DOLPHIN (435KM-STD)
2025-12,RY1,MG,MG4 Electric,MG4 Electric,,,,,,,C,HATCHBACK,VOLUME,BEV,MASS,850.0,MG MG4 ELECTRIC
2023-05,RY1,MG,MG5,MG5,,,,,,,C,SEDAN,VOLUME,ICE,MASS,833.0,MG MG5
2023-01,RY1,MG,MG5,MG5,,,,,,,C,SEDAN,VOLUME,ICE,MASS,832.0,MG MG5
2026-01,RY1,BYD,Dolphin,Dolphin,490KM-EXT,EXT,,490.0,,,B,HATCHBACK,VOLUME,BEV,MASS,830.0,BYD BYD DOLPHIN (490KM-EXT)
2023-03,RY1,MG,MG5,MG5,,,,,,,C,SEDAN,VOLUME,ICE,MASS,823.0,MG MG5
2025-05,RY1,BYD,Sealion 7,Sealion 7,AWD,,AWD,,,,D,CROSSOVER,UPPER,BEV,MASS,823.0,BYD BYD SEALION 7 AWD
2023-06,RY1,MG,MG5,MG5,,,,,,,C,SEDAN,VOLUME,ICE,MASS,814.0,MG MG5
2026-01,RY1,Aion,Aion UT,Aion UT,420 STANDARD,STANDARD,,420.0,,,B,HATCHBACK,MIXED,BEV,MASS,809.0,AION AION UT 420 STANDARD
2025-10,RY1,GWM,Tank 300,Tank 300,,,,,,,C,PPV,UPPER,HEV,MASS,802.0,GWM GWM TANK 300
2023-11,RY1,GWM,Ora Good Cat,Ora Good Cat,,,,,,,B,HATCHBACK,VOLUME,BEV,MASS,790.0,ORA GOOD CAT
2023-11,RY1,MG,MG4 Electric,MG4 Electric,,,,,,,C,HATCHBACK,VOLUME,BEV,MASS,778.0,MG MG4 ELECTRIC
2025-12,RY1,BYD,Dolphin,Dolphin,435KM-STD,STD,,435.0,,,B,HATCHBACK,VOLUME,BEV,MASS,764.0,BYD BYD DOLPHIN (435KM-STD)
2022-05,RY1,MG,MG ZS,MG ZS,,,,,,,B,CROSSOVER,VOLUME,ICE,MASS,759.0,MG ZS
2025-12,RY1,Aion,Aion UT,Aion UT,420 STANDARD,STANDARD,,420.0,,,B,HATCHBACK,MIXED,BEV,MASS,755.0,AION AION UT 420 STANDARD
2024-04,RY1,Deepal,Deepal S07,Deepal S07,,,,,,,C,CROSSOVER,UPPER,BEV,MASS,754.0,DEEPAL S07
2025-05,RY1,Aion,Aion V,Aion V,602 LUXURY,LUXURY,,602.0,,,C,CROSSOVER,UPPER,BEV,MASS,754.0,AION AION V 602 LUXURY
2022-06,RY1,MG,MG ZS,MG ZS,,,,,,,B,CROSSOVER,VOLUME,ICE,MASS,743.0,MG ZS
2022-07,RY1,MG,MG5,MG5,,,,,,,C,SEDAN,VOLUME,ICE,MASS,743.0,MG MG5
2022-04,RY1,MG,MG ZS,MG ZS,,,,,,,B,CROSSOVER,VOLUME,ICE,MASS,741.0,MG ZS
2025-09,RY1,BYD,Dolphin,Dolphin,435KM-STD,STD,,435.0,,,B,HATCHBACK,VOLUME,BEV,MASS,739.0,BYD BYD DOLPHIN (435KM-STD)
2024-08,RY1,BYD,Dolphin,Dolphin,EXD,,,,,,B,HATCHBACK,VOLUME,BEV,MASS,730.0,BYD BYD DOLPHIN EXD
2025-08,RY1,GWM,Tank 300,Tank 300,,,,,,,C,PPV,UPPER,HEV,MASS,723.0,GWM GWM TANK 300
2025-07,RY1,GWM,Tank 300,Tank 300,,,,,,,C,PPV,UPPER,HEV,MASS,721.0,GWM GWM TANK 300
2025-08,RY1,BYD,Dolphin,Dolphin,435KM-STD,STD,,435.0,,,B,HATCHBACK,VOLUME,BEV,MASS,712.0,BYD BYD DOLPHIN (435KM-STD)
2024-12,RY1,BYD,Dolphin,Dolphin,435KM-STD,STD,,435.0,,,B,HATCHBACK,VOLUME,BEV,MASS,711.0,BYD BYD DOLPHIN (435KM-STD)
2026-01,RY1,Aion,Aion UT,Aion UT,500 PREMIUM,PREMIUM,,500.0,,,B,HATCHBACK,MIXED,BEV,MASS,709.0,AION AION UT 500 PREMIUM
2024-01,RY1,MG,MG5,MG5,,,,,,,C,SEDAN,VOLUME,ICE,MASS,708.0,MG MG5
2024-06,RY1,Deepal,Deepal S07,Deepal S07,,,,,,,C,CROSSOVER,UPPER,BEV,MASS,703.0,DEEPAL S07
2026-01,RY1,BYD,Sealion 7,Sealion 7,RWD,,RWD,,,,D,CROSSOVER,UPPER,BEV,MASS,702.0,BYD BYD SEALION 7 RWD
2025-12,RY1,MG,MG S5 EV,MG S5 EV,,,,,,,C,CROSSOVER,VOLUME,BEV,MASS,699.0,MG S5 EV
2023-03,RY1,Neta,Neta V,Neta V,,,,,,,A,CROSSOVER,VOLUME,BEV,BUDGET,693.0,NETA NETA V
2025-03,RY1,MG,MG4 Electric,MG4 Electric,,,,,,,C,HATCHBACK,VOLUME,BEV,MASS,688.0,MG MG4 ELECTRIC
2023-05,RY1,Neta,Neta V,Neta V,,,,,,,A,CROSSOVER,VOLUME,BEV,BUDGET,686.0,NETA NETA V
2025-03,RY1,BYD,Dolphin,Dolphin,435KM-STD,STD,,435.0,,,B,HATCHBACK,VOLUME,BEV,MASS,681.0,BYD BYD DOLPHIN (435KM-STD)
2025-11,RY1,GWM,Tank 300,Tank 300,,,,,,,C,PPV,UPPER,HEV,MASS,681.0,GWM GWM TANK 300
2024-08,RY1,BYD,Atto 3,Atto 3,,,,,,,B,CROSSOVER,VOLUME,BEV,MASS,679.0,BYD BYD ATTO 3
2022-11,RY1,MG,MG5,MG5,,,,,,,C,SEDAN,VOLUME,ICE,MASS,677.0,MG MG5
2022-10,RY1,MG,MG5,MG5,,,,,,,C,SEDAN,VOLUME,ICE,MASS,670.0,MG MG5
2025-11,RY1,MG,MG4 Electric,MG4 Electric,,,,,,,C,HATCHBACK,VOLUME,BEV,MASS,659.0,MG MG4 ELECTRIC
2023-07,RY1,MG,MG5,MG5,,,,,,,C,SEDAN,VOLUME,ICE,MASS,655.0,MG MG5
2024-05,RY1,BYD,Dolphin,Dolphin,STD,STD,,,,,B,HATCHBACK,VOLUME,BEV,MASS,653.0,BYD BYD DOLPHIN STD
2023-09,RY1,GWM,Ora Good Cat,Ora Good Cat,,,,,,,B,HATCHBACK,VOLUME,BEV,MASS,650.0,ORA GOOD CAT
2025-04,RY1,BYD,Sealion 7,Sealion 7,AWD,,AWD,,,,D,CROSSOVER,UPPER,BEV,MASS,647.0,BYD BYD SEALION 7 AWD
2023-08,RY1,MG,MG5,MG5,,,,,,,C,SEDAN,VOLUME,ICE,MASS,646.0,MG MG5
2025-09,RY1,Deepal,Deepal S05,Deepal S05,MAX,MAX,,,,,B,CROSSOVER,VOLUME,MIXED,MASS,645.0,DEEPAL S05 MAX
2023-07,RY1,GWM,Ora Good Cat,Ora Good Cat,,,,,,,B,HATCHBACK,VOLUME,BEV,MASS,643.0,ORA GOOD CAT
2023-10,RY1,GWM,Ora Good Cat,Ora Good Cat,,,,,,,B,HATCHBACK,VOLUME,BEV,MASS,641.0,ORA GOOD CAT
2025-10,RY1,Aion,Aion UT,Aion UT,420 STANDARD,STANDARD,,420.0,,,B,HATCHBACK,MIXED,BEV,MASS,640.0,AION AION UT 420 STANDARD
2025-10,RY1,Deepal,Deepal S05,Deepal S05,MAX,MAX,,,,,B,CROSSOVER,VOLUME,MIXED,MASS,640.0,DEEPAL S05 MAX
2025-12,RY1,BYD,Atto 3,Atto 3,480KM-EXT,EXT,,480.0,,,B,CROSSOVER,VOLUME,BEV,MASS,640.0,BYD BYD ATTO3 (480KM-EXT)
2025-05,RY1,Tesla,Model Y,Model Y,LONG RANGE,LONG RANGE,,,,,D,CROSSOVER,MIXED,BEV,PREMIUM_TECH,634.0,TESLA MODEL Y LONG RANGE
2024-05,RY1,Deepal,Deepal S07,Deepal S07,,,,,,,C,CROSSOVER,UPPER,BEV,MASS,633.0,DEEPAL S07
2025-01,RY1,Denza,Denza D9,Denza D9,FWD,,FWD,,,,E,MPV,LUXURY,MIXED,PREMIUM_LUXURY,633.0,DENZA DENZA D9 FWD
2025-09,RY1,Aion,Aion UT,Aion UT,420 STANDARD,STANDARD,,420.0,,,B,HATCHBACK,MIXED,BEV,MASS,629.0,AION AION UT 420 STANDARD
2022-09,RY1,MG,MG ZS,MG ZS,,,,,,,B,CROSSOVER,VOLUME,ICE,MASS,628.0,MG ZS
2025-11,RY1,BYD,Dolphin,Dolphin,435KM-STD,STD,,435.0,,,B,HATCHBACK,VOLUME,BEV,MASS,628.0,BYD BYD DOLPHIN (435KM-STD)
2025-01,RY1,BYD,Sealion 7,Sealion 7,AWD,,AWD,,,,D,CROSSOVER,UPPER,BEV,MASS,626.0,BYD BYD SEALION 7 AWD
2024-05,RY1,MG,MG4 Electric,MG4 Electric,,,,,,,C,HATCHBACK,VOLUME,BEV,MASS,623.0,MG MG4 ELECTRIC
2025-04,RY1,MG,MG4 Electric,MG4 Electric,,,,,,,C,HATCHBACK,VOLUME,BEV,MASS,619.0,MG MG4 ELECTRIC
2026-01,RY1,Deepal,Deepal S07,Deepal S07,L,,,,,,C,CROSSOVER,UPPER,BEV,MASS,614.0,DEEPAL S07 L
2022-08,RY1,MG,MG ZS,MG ZS,,,,,,,B,CROSSOVER,VOLUME,ICE,MASS,612.0,MG ZS
2024-02,RY1,MG,MG5,MG5,,,,,,,C,SEDAN,VOLUME,ICE,MASS,606.0,MG MG5
2024-07,RY1,MG,MG4 Electric,MG4 Electric,,,,,,,C,HATCHBACK,VOLUME,BEV,MASS,604.0,MG MG4 ELECTRIC
2025-03,RY1,Aion,Aion V,Aion V,602 LUXURY,LUXURY,,602.0,,,C,CROSSOVER,UPPER,BEV,MASS,604.0,AION AION V 602 LUXURY
2023-04,RY1,MG,MG5,MG5,,,,,,,C,SEDAN,VOLUME,ICE,MASS,601.0,MG MG5
2025-09,RY1,BYD,Atto 3,Atto 3,410KM-PREMIUM,PREMIUM,,410.0,,,B,CROSSOVER,VOLUME,BEV,MASS,600.0,BYD BYD ATTO3 (410KM-PREMIUM)
2023-08,RY1,GWM,Ora Good Cat,Ora Good Cat,,,,,,,B,HATCHBACK,VOLUME,BEV,MASS,598.0,ORA GOOD CAT
2023-03,RY1,Tesla,Model Y,Model Y,LONG RANGE,LONG RANGE,,,,,D,CROSSOVER,MIXED,BEV,PREMIUM_TECH,596.0,TESLA MODEL Y LONG RANGE
2022-09,RY1,GWM,Ora Good Cat,Ora Good Cat,,,,,,,B,HATCHBACK,VOLUME,BEV,MASS,591.0,ORA GOOD CAT
2024-06,RY1,Aion,Aion Y Plus,Aion Y Plus,,,,,,,B,CROSSOVER,VOLUME,BEV,MASS,587.0,AION AION Y PLUS
2024-06,RY1,BYD,Dolphin,Dolphin,STD,STD,,,,,B,HATCHBACK,VOLUME,BEV,MASS,585.0,BYD BYD DOLPHIN STD
2025-05,RY1,GWM,Ora Good Cat,Ora Good Cat,,,,,,,B,HATCHBACK,VOLUME,BEV,MASS,584.0,ORA GOOD CAT
2025-07,RY1,GWM,Ora Good Cat,Ora Good Cat,,,,,,,B,HATCHBACK,VOLUME,BEV,MASS,583.0,ORA GOOD CAT
2023-09,RY1,MG,MG5,MG5,,,,,,,C,SEDAN,VOLUME,ICE,MASS,582.0,MG MG5
2023-11,RY1,MG,MG5,MG5,,,,,,,C,SEDAN,VOLUME,ICE,MASS,580.0,MG MG5
2025-12,RY1,GWM,Ora Good Cat,Ora Good Cat,,,,,,,B,HATCHBACK,VOLUME,BEV,MASS,580.0,ORA GOOD CAT
2024-03,RY1,Neta,Neta V,Neta V,,,,,,,A,CROSSOVER,VOLUME,BEV,BUDGET,576.0,NETA NETA V
2025-07,RY1,MG,MG S5 EV,MG S5 EV,,,,,,,C,CROSSOVER,VOLUME,BEV,MASS,574.0,MG S5 EV
2022-12,RY1,MG,MG5,MG5,,,,,,,C,SEDAN,VOLUME,ICE,MASS,572.0,MG MG5
2023-12,RY1,MG,MG5,MG5,,,,,,,C,SEDAN,VOLUME,ICE,MASS,572.0,MG MG5
2025-02,RY1,BYD,Dolphin,Dolphin,435KM-STD,STD,,435.0,,,B,HATCHBACK,VOLUME,BEV,MASS,572.0,BYD BYD DOLPHIN (435KM-STD)
2025-06,RY1,BYD,Sealion 7,Sealion 7,RWD,,RWD,,,,D,CROSSOVER,UPPER,BEV,MASS,572.0,BYD BYD SEALION 7 RWD
2024-10,RY1,Neta,Neta X,Neta X,,,,,,,B,CROSSOVER,VOLUME,BEV,BUDGET,570.0,NETA NETA X
2024-05,RY1,BYD,Atto 3,Atto 3,,,,,,,B,CROSSOVER,VOLUME,BEV,MASS,569.0,BYD BYD ATTO 3
2024-10,RY1,BYD,Dolphin,Dolphin,435KM-STD,STD,,435.0,,,B,HATCHBACK,VOLUME,BEV,MASS,568.0,BYD BYD DOLPHIN (435KM-STD)
2025-01,RY1,Neta,Neta V,Neta V,,,,,,,A,CROSSOVER,VOLUME,BEV,BUDGET,566.0,NETA NETA V-II
2022-07,RY1,MG,MG ZS,MG ZS,,,,,,,B,CROSSOVER,VOLUME,ICE,MASS,565.0,MG ZS
2023-04,RY1,Neta,Neta V,Neta V,,,,,,,A,CROSSOVER,VOLUME,BEV,BUDGET,564.0,NETA NETA V
2025-05,RY1,BYD,Sealion 7,Sealion 7,RWD,,RWD,,,,D,CROSSOVER,UPPER,BEV,MASS,557.0,BYD BYD SEALION 7 RWD
2025-06,RY1,BYD,Sealion 6 DM-i,Sealion 6 DM-i,PREMIUM,PREMIUM,,,,,C,CROSSOVER,VOLUME,PHEV,MASS,556.0,BYD BYD SEALION 6 DM-i PREMIUM
2023-01,RY1,Neta,Neta V,Neta V,,,,,,,A,CROSSOVER,VOLUME,BEV,BUDGET,555.0,NETA NETA V
2023-10,RY1,MG,MG4 Electric,MG4 Electric,,,,,,,C,HATCHBACK,VOLUME,BEV,MASS,553.0,MG MG4 ELECTRIC
2024-07,RY1,BYD,Dolphin,Dolphin,EXD,,,,,,B,HATCHBACK,VOLUME,BEV,MASS,553.0,BYD BYD DOLPHIN EXD
2025-06,RY1,BYD,Sealion 7,Sealion 7,AWD,,AWD,,,,D,CROSSOVER,UPPER,BEV,MASS,552.0,BYD BYD SEALION 7 AWD
2025-10,RY1,GWM,Ora Good Cat,Ora Good Cat,,,,,,,B,HATCHBACK,VOLUME,BEV,MASS,547.0,ORA GOOD CAT
2026-01,RY1,Chery,Chery V23,Chery V23,2WD PLUS,PLUS,2WD,,,,B,SUV,VOLUME,BEV,MASS,546.0,CHERY V23 2WD PLUS
2023-10,RY1,MG,MG EP,MG EP,,,,,,,B,WAGON,VOLUME,BEV,MASS,546.0,MG EP
2025-04,RY1,BYD,Dolphin,Dolphin,435KM-STD,STD,,435.0,,,B,HATCHBACK,VOLUME,BEV,MASS,544.0,BYD BYD DOLPHIN (435KM-STD)
2025-06,RY1,BYD,Atto 3,Atto 3,480KM-EXT,EXT,,480.0,,,B,CROSSOVER,VOLUME,BEV,MASS,539.0,BYD BYD ATTO3 (480KM-EXT)
2026-01,RY1,Aion,Hyptec HT,Hyptec HT,620 PREMIUM,PREMIUM,,620.0,,,D,CROSSOVER,UPPER,BEV,MASS,535.0,AION HYPTEC HT 620 PREMIUM
2026-01,RY1,Chery,Chery V23,Chery V23,4WD PEAK,PEAK,4WD,,,,B,SUV,VOLUME,BEV,MASS,534.0,CHERY V23 4WD PEAK
2026-01,RY1,Jaecoo,Jaecoo 6 EV,Jaecoo 6 EV,Long Range 2WD PRO,LONG RANGE,2WD,,,,B,CROSSOVER,VOLUME,BEV,MASS,531.0,JAECOO 6 EV Long Range 2WD PRO
2025-10,RY1,BYD,Dolphin,Dolphin,435KM-STD,STD,,435.0,,,B,HATCHBACK,VOLUME,BEV,MASS,530.0,BYD BYD DOLPHIN (435KM-STD)
2025-06,RY1,GWM,Ora Good Cat,Ora Good Cat,,,,,,,B,HATCHBACK,VOLUME,BEV,MASS,517.0,ORA GOOD CAT
2022-08,RY1,GWM,Ora Good Cat,Ora Good Cat,,,,,,,B,HATCHBACK,VOLUME,BEV,MASS,516.0,ORA GOOD CAT
2022-03,RY1,GWM,Haval H6,Haval H6,HEV ULTRA,ULTRA,,,,HEV,C,CROSSOVER,UPPER,MIXED,MASS,510.0,HAVAL H6 HEV ULTRA
2022-10,RY1,MG,MG EP,MG EP,,,,,,,B,WAGON,VOLUME,BEV,MASS,507.0,MG EP
2024-09,RY1,Neta,Neta V,Neta V,,,,,,,A,CROSSOVER,VOLUME,BEV,BUDGET,505.0,NETA NETA V-II
2024-03,RY1,MG,MG4 Electric,MG4 Electric,,,,,,,C,HATCHBACK,VOLUME,BEV,MASS,504.0,MG MG4 ELECTRIC
2024-10,RY1,Neta,Neta V,Neta V,,,,,,,A,CROSSOVER,VOLUME,BEV,BUDGET,502.0,NETA NETA V-II
2025-05,RY1,BYD,Atto 3,Atto 3,480KM-EXT,EXT,,480.0,,,B,CROSSOVER,VOLUME,BEV,MASS,498.0,BYD BYD ATTO3 (480KM-EXT)
2025-03,RY1,GWM,Ora Good Cat,Ora Good Cat,,,,,,,B,HATCHBACK,VOLUME,BEV,MASS,497.0,ORA GOOD CAT
2025-05,RY1,Denza,Denza D9,Denza D9,FWD,,FWD,,,,E,MPV,LUXURY,MIXED,PREMIUM_LUXURY,497.0,DENZA DENZA D9 FWD
2026-01,RY1,Aion,Aion Y Plus,Aion Y Plus,,,,,,,B,CROSSOVER,VOLUME,BEV,MASS,496.0,AION AION Y PLUS
2023-06,RY1,Tesla,Model Y,Model Y,LONG RANGE,LONG RANGE,,,,,D,CROSSOVER,MIXED,BEV,PREMIUM_TECH,495.0,TESLA MODEL Y LONG RANGE
2023-01,RY1,GWM,Ora Good Cat,Ora Good Cat,,,,,,,B,HATCHBACK,VOLUME,BEV,MASS,494.0,ORA GOOD CAT
2025-11,RY1,GWM,Ora Good Cat,Ora Good Cat,,,,,,,B,HATCHBACK,VOLUME,BEV,MASS,494.0,ORA GOOD CAT
2022-03,RY1,GWM,Haval Jolion,Haval Jolion,HYBRID,,,,,HEV,B,CROSSOVER,VOLUME,HEV,MASS,493.0,HAVAL JOLION HYBRID
2025-12,RY1,GWM,Tank 300,Tank 300,,,,,,,C,PPV,UPPER,HEV,MASS,493.0,GWM GWM TANK 300
2023-10,RY1,MG,MG5,MG5,,,,,,,C,SEDAN,VOLUME,ICE,MASS,489.0,MG MG5
2023-09,RY1,MG,MG EP,MG EP,,,,,,,B,WAGON,VOLUME,BEV,MASS,488.0,MG EP
2023-11,RY1,BYD,Seal,Seal,EXD RWD,,RWD,,,,D,SEDAN,UPPER,BEV,MASS,485.0,BYD BYD SEAL EXD RWD
2025-01,RY1,GWM,Ora Good Cat,Ora Good Cat,,,,,,,B,HATCHBACK,VOLUME,BEV,MASS,485.0,ORA GOOD CAT
2024-11,RY1,Neta,Neta X,Neta X,,,,,,,B,CROSSOVER,VOLUME,BEV,BUDGET,483.0,NETA NETA X
2023-05,RY1,Tesla,Model Y,Model Y,LONG RANGE,LONG RANGE,,,,,D,CROSSOVER,MIXED,BEV,PREMIUM_TECH,481.0,TESLA MODEL Y LONG RANGE
2023-08,RY1,BYD,Dolphin,Dolphin,STD,STD,,,,,B,HATCHBACK,VOLUME,BEV,MASS,481.0,BYD BYD DOLPHIN STD
2024-03,RY1,MG,MG5,MG5,,,,,,,C,SEDAN,VOLUME,ICE,MASS,477.0,MG MG5
2024-03,RY1,Aion,Aion Y Plus,Aion Y Plus,,,,,,,B,CROSSOVER,VOLUME,BEV,MASS,476.0,AION AION Y PLUS
2024-04,RY1,MG,MG4 Electric,MG4 Electric,,,,,,,C,HATCHBACK,VOLUME,BEV,MASS,476.0,MG MG4 ELECTRIC
2024-04,RY1,MG,MG5,MG5,,,,,,,C,SEDAN,VOLUME,ICE,MASS,468.0,MG MG5
2025-10,RY1,Deepal,Deepal S07,Deepal S07,,,,,,,C,CROSSOVER,UPPER,BEV,MASS,468.0,DEEPAL S07
2025-03,RY1,BYD,Sealion 7,Sealion 7,AWD,,AWD,,,,D,CROSSOVER,UPPER,BEV,MASS,463.0,BYD BYD SEALION 7 AWD
2024-01,RY1,MG,MG EP,MG EP,,,,,,,B,WAGON,VOLUME,BEV,MASS,459.0,MG EP
2022-11,RY1,GWM,Ora Good Cat,Ora Good Cat,,,,,,,B,HATCHBACK,VOLUME,BEV,MASS,455.0,ORA GOOD CAT
2022-06,RY1,GWM,Ora Good Cat,Ora Good Cat,,,,,,,B,HATCHBACK,VOLUME,BEV,MASS,453.0,ORA GOOD CAT
2025-08,RY1,Changan,Changan Lumin,Changan Lumin,L DC,,,,,,A,HATCHBACK,ENTRY,BEV,MASS,452.0,CHANGAN LUMIN L DC
2026-01,RY1,BYD,Sealion 7,Sealion 7,AWD,,AWD,,,,D,CROSSOVER,UPPER,BEV,MASS,449.0,BYD BYD SEALION 7 AWD
2026-01,RY1,Deepal,Deepal S07,Deepal S07,,,,,,,C,CROSSOVER,UPPER,BEV,MASS,448.0,DEEPAL S07
2024-07,RY1,Deepal,Deepal S07,Deepal S07,,,,,,,C,CROSSOVER,UPPER,BEV,MASS,448.0,DEEPAL S07
2025-04,RY1,GWM,Ora Good Cat,Ora Good Cat,,,,,,,B,HATCHBACK,VOLUME,BEV,MASS,448.0,ORA GOOD CAT
2022-10,RY1,GWM,Ora Good Cat,Ora Good Cat,,,,,,,B,HATCHBACK,VOLUME,BEV,MASS,447.0,ORA GOOD CAT
2023-03,RY1,MG,MG4 Electric,MG4 Electric,,,,,,,C,HATCHBACK,VOLUME,BEV,MASS,447.0,MG MG4 ELECTRIC
2025-06,RY1,BYD,Dolphin,Dolphin,490KM-EXT,EXT,,490.0,,,B,HATCHBACK,VOLUME,BEV,MASS,443.0,BYD BYD DOLPHIN (490KM-EXT)
2025-02,RY1,Aion,Aion V,Aion V,602 LUXURY,LUXURY,,602.0,,,C,CROSSOVER,UPPER,BEV,MASS,439.0,AION AION V 602 LUXURY
2025-08,RY1,GWM,Ora Good Cat,Ora Good Cat,,,,,,,B,HATCHBACK,VOLUME,BEV,MASS,439.0,ORA GOOD CAT
2024-06,RY1,Neta,Neta V,Neta V,,,,,,,A,CROSSOVER,VOLUME,BEV,BUDGET,437.0,NETA NETA V
2025-08,RY1,MG,MG S5 EV,MG S5 EV,,,,,,,C,CROSSOVER,VOLUME,BEV,MASS,431.0,MG S5 EV
2023-05,RY1,GWM,Ora Good Cat,Ora Good Cat,,,,,,,B,HATCHBACK,VOLUME,BEV,MASS,430.0,ORA GOOD CAT
2026-01,RY1,BYD,Sealion 6 DM-i,Sealion 6 DM-i,PREMIUM,PREMIUM,,,,,C,CROSSOVER,VOLUME,PHEV,MASS,427.0,BYD BYD SEALION 6 DM-i PREMIUM
2024-06,RY1,MG,MG4 Electric,MG4 Electric,,,,,,,C,HATCHBACK,VOLUME,BEV,MASS,425.0,MG MG4 ELECTRIC
2025-05,RY1,BYD,Sealion 6 DM-i,Sealion 6 DM-i,DYNAMIC,DYNAMIC,,,,,C,CROSSOVER,VOLUME,PHEV,MASS,424.0,BYD BYD SEALION 6 DM-i DYNAMIC
2026-01,RY1,MG,MG IM6,MG IM6,,,,,,,D,CROSSOVER,LUXURY,BEV,MASS,419.0,MG IM6
2024-03,RY1,BYD,Dolphin,Dolphin,STD,STD,,,,,B,HATCHBACK,VOLUME,BEV,MASS,419.0,BYD BYD DOLPHIN STD
2025-06,RY1,Aion,Aion V,Aion V,602 LUXURY,LUXURY,,602.0,,,C,CROSSOVER,UPPER,BEV,MASS,419.0,AION AION V 602 LUXURY
2025-11,RY1,Deepal,Deepal S05,Deepal S05,MAX,MAX,,,,,B,CROSSOVER,VOLUME,MIXED,MASS,417.0,DEEPAL S05 MAX
2026-01,RY1,Geely,Geely EX5,Geely EX5,,,,,,,C,CROSSOVER,VOLUME,BEV,MASS,414.0,GEELY EX5
2025-05,RY1,Tesla,Model Y,Model Y,Rear-Wheel Drive,,,,,,D,CROSSOVER,MIXED,BEV,PREMIUM_TECH,414.0,TESLA Model Y Rear-Wheel Drive
2022-10,RY1,MG,MG ZS,MG ZS,,,,,,,B,CROSSOVER,VOLUME,ICE,MASS,412.0,MG ZS
2025-01,RY1,Neta,Neta X,Neta X,,,,,,,B,CROSSOVER,VOLUME,BEV,BUDGET,409.0,NETA NETA X
2025-06,RY1,Tesla,Model Y,Model Y,LONG RANGE,LONG RANGE,,,,,D,CROSSOVER,MIXED,BEV,PREMIUM_TECH,409.0,TESLA MODEL Y LONG RANGE
2023-05,RY1,MG,MG4 Electric,MG4 Electric,,,,,,,C,HATCHBACK,VOLUME,BEV,MASS,407.0,MG MG4 ELECTRIC
2025-12,RY1,Deepal,Deepal S05,Deepal S05,MAX,MAX,,,,,B,CROSSOVER,VOLUME,MIXED,MASS,407.0,DEEPAL S05 MAX
2022-11,RY1,MG,MG ZS,MG ZS,,,,,,,B,CROSSOVER,VOLUME,ICE,MASS,405.0,MG ZS
2025-03,RY1,Denza,Denza D9,Denza D9,FWD,,FWD,,,,E,MPV,LUXURY,MIXED,PREMIUM_LUXURY,404.0,DENZA DENZA D9 FWD
2026-01,RY1,Jaecoo,Jaecoo 6 EV,Jaecoo 6 EV,Long Range 4WD,LONG RANGE,4WD,,,,B,CROSSOVER,VOLUME,BEV,MASS,402.0,JAECOO 6 EV Long Range 4WD
2025-10,RY1,BYD,Atto 3,Atto 3,410KM-PREMIUM,PREMIUM,,410.0,,,B,CROSSOVER,VOLUME,BEV,MASS,401.0,BYD BYD ATTO3 (410KM-PREMIUM)
2024-01,RY1,GWM,Haval Jolion,Haval Jolion,HYBRID,,,,,HEV,B,CROSSOVER,VOLUME,HEV,MASS,400.0,HAVAL JOLION HYBRID
2025-08,RY1,BYD,Atto 3,Atto 3,410KM-PREMIUM,PREMIUM,,410.0,,,B,CROSSOVER,VOLUME,BEV,MASS,399.0,BYD BYD ATTO3 (410KM-PREMIUM)
2025-04,RY1,Aion,Aion V,Aion V,602 LUXURY,LUXURY,,602.0,,,C,CROSSOVER,UPPER,BEV,MASS,398.0,AION AION V 602 LUXURY
2025-09,RY1,GWM,Ora Good Cat,Ora Good Cat,,,,,,,B,HATCHBACK,VOLUME,BEV,MASS,398.0,ORA GOOD CAT
2023-02,RY1,GWM,Haval Jolion,Haval Jolion,HYBRID,,,,,HEV,B,CROSSOVER,VOLUME,HEV,MASS,395.0,HAVAL JOLION HYBRID
2024-03,RY1,Deepal,Deepal S07,Deepal S07,,,,,,,C,CROSSOVER,UPPER,BEV,MASS,395.0,DEEPAL S07
2025-06,RY1,Deepal,Deepal S07,Deepal S07,,,,,,,C,CROSSOVER,UPPER,BEV,MASS,395.0,DEEPAL S07
2023-01,RY1,GWM,Haval Jolion,Haval Jolion,HYBRID,,,,,HEV,B,CROSSOVER,VOLUME,HEV,MASS,394.0,HAVAL JOLION HYBRID
2023-11,RY1,MG,MG EP,MG EP,,,,,,,B,WAGON,VOLUME,BEV,MASS,393.0,MG EP
2025-08,RY1,Deepal,Deepal S07,Deepal S07,,,,,,,C,CROSSOVER,UPPER,BEV,MASS,392.0,DEEPAL S07
2026-01,RY1,Aion,Aion Y Plus,Aion Y Plus,490 PREMIUM,PREMIUM,,490.0,,,B,CROSSOVER,VOLUME,BEV,MASS,391.0,AION AION Y PLUS 490 PREMIUM
2025-03,RY1,BYD,Sealion 7,Sealion 7,RWD,,RWD,,,,D,CROSSOVER,UPPER,BEV,MASS,390.0,BYD BYD SEALION 7 RWD
2025-08,RY1,Aion,Aion UT,Aion UT,420 STANDARD,STANDARD,,420.0,,,B,HATCHBACK,MIXED,BEV,MASS,388.0,AION AION UT 420 STANDARD
2024-06,RY1,BYD,Atto 3,Atto 3,,,,,,,B,CROSSOVER,VOLUME,BEV,MASS,387.0,BYD BYD ATTO 3
2025-01,RY1,BYD,BYD M6,BYD M6,EXTENDED,,,,,,C,MPV,VOLUME,BEV,MASS,387.0,BYD BYD M6 EXTENDED
2025-07,RY1,MG,MG IM6,MG IM6,,,,,,,D,CROSSOVER,LUXURY,BEV,MASS,386.0,MG IM6
2023-08,RY1,MG,MG EP,MG EP,,,,,,,B,WAGON,VOLUME,BEV,MASS,385.0,MG EP
2022-08,RY1,MG,MG EP,MG EP,,,,,,,B,WAGON,VOLUME,BEV,MASS,383.0,MG EP
2024-04,RY1,Neta,Neta V,Neta V,,,,,,,A,CROSSOVER,VOLUME,BEV,BUDGET,381.0,NETA NETA V
2023-09,RY1,MG,MG4 Electric,MG4 Electric,,,,,,,C,HATCHBACK,VOLUME,BEV,MASS,380.0,MG MG4 ELECTRIC
2024-02,RY1,BYD,Dolphin,Dolphin,STD,STD,,,,,B,HATCHBACK,VOLUME,BEV,MASS,380.0,BYD BYD DOLPHIN STD
2025-11,RY1,BYD,Atto 3,Atto 3,410KM-PREMIUM,PREMIUM,,410.0,,,B,CROSSOVER,VOLUME,BEV,MASS,379.0,BYD BYD ATTO3 (410KM-PREMIUM)
2025-01,RY1,Changan,Changan Lumin,Changan Lumin,L DC,,,,,,A,HATCHBACK,ENTRY,BEV,MASS,376.0,CHANGAN LUMIN L DC
2024-05,RY1,MG,MG5,MG5,,,,,,,C,SEDAN,VOLUME,ICE,MASS,375.0,MG MG5
2025-02,RY1,GWM,Ora Good Cat,Ora Good Cat,,,,,,,B,HATCHBACK,VOLUME,BEV,MASS,374.0,ORA GOOD CAT
2025-05,RY1,Deepal,Deepal S07,Deepal S07,,,,,,,C,CROSSOVER,UPPER,BEV,MASS,374.0,DEEPAL S07
2024-12,RY1,Deepal,Deepal S07,Deepal S07,,,,,,,C,CROSSOVER,UPPER,BEV,MASS,373.0,DEEPAL S07
2023-01,RY1,MG,MG ZS EV,MG ZS EV,,,,,,,B,CROSSOVER,VOLUME,BEV,MASS,372.0,MG ZS EV
2023-05,RY1,GWM,Haval Jolion,Haval Jolion,HYBRID,,,,,HEV,B,CROSSOVER,VOLUME,HEV,MASS,371.0,HAVAL JOLION HYBRID
2024-07,RY1,Aion,Aion Y Plus,Aion Y Plus,,,,,,,B,CROSSOVER,VOLUME,BEV,MASS,371.0,AION AION Y PLUS
2025-11,RY1,Aion,Aion UT,Aion UT,420 STANDARD,STANDARD,,420.0,,,B,HATCHBACK,MIXED,BEV,MASS,370.0,AION AION UT 420 STANDARD
2023-07,RY1,MG,MG EP,MG EP,,,,,,,B,WAGON,VOLUME,BEV,MASS,369.0,MG EP
2024-04,RY1,BYD,Dolphin,Dolphin,STD,STD,,,,,B,HATCHBACK,VOLUME,BEV,MASS,368.0,BYD BYD DOLPHIN STD
2022-11,RY1,MG,MG EP,MG EP,,,,,,,B,WAGON,VOLUME,BEV,MASS,366.0,MG EP
2023-02,RY1,GWM,Haval H6,Haval H6,HEV ULTRA,ULTRA,,,,HEV,C,CROSSOVER,UPPER,MIXED,MASS,365.0,HAVAL H6 HEV ULTRA
2024-05,RY1,Neta,Neta V,Neta V,,,,,,,A,CROSSOVER,VOLUME,BEV,BUDGET,365.0,NETA NETA V
2023-03,RY1,MG,MG ZS,MG ZS,,,,,,,B,CROSSOVER,VOLUME,ICE,MASS,364.0,MG ZS
2025-01,RY1,Aion,Aion Y Plus,Aion Y Plus,,,,,,,B,CROSSOVER,VOLUME,BEV,MASS,359.0,AION AION Y PLUS
2024-11,RY1,Neta,Neta V,Neta V,,,,,,,A,CROSSOVER,VOLUME,BEV,BUDGET,356.0,NETA NETA V-II
2024-10,RY1,GWM,Ora Good Cat,Ora Good Cat,,,,,,,B,HATCHBACK,VOLUME,BEV,MASS,354.0,ORA GOOD CAT
2025-10,RY1,MG,MG S5 EV,MG S5 EV,,,,,,,C,CROSSOVER,VOLUME,BEV,MASS,352.0,MG S5 EV
2025-05,RY1,BYD,Dolphin,Dolphin,490KM-EXT,EXT,,490.0,,,B,HATCHBACK,VOLUME,BEV,MASS,348.0,BYD BYD DOLPHIN (490KM-EXT)
2025-09,RY1,Changan,Changan Lumin,Changan Lumin,L DC,,,,,,A,HATCHBACK,ENTRY,BEV,MASS,348.0,CHANGAN LUMIN L DC
2023-05,RY1,MG,MG EP,MG EP,,,,,,,B,WAGON,VOLUME,BEV,MASS,346.0,MG EP
2025-04,RY1,BYD,Atto 3,Atto 3,480KM-EXT,EXT,,480.0,,,B,CROSSOVER,VOLUME,BEV,MASS,346.0,BYD BYD ATTO3 (480KM-EXT)
2023-01,RY1,GWM,Haval H6,Haval H6,HEV ULTRA,ULTRA,,,,HEV,C,CROSSOVER,UPPER,MIXED,MASS,342.0,HAVAL H6 HEV ULTRA
2022-06,RY1,GWM,Haval H6,Haval H6,HEV ULTRA,ULTRA,,,,HEV,C,CROSSOVER,UPPER,MIXED,MASS,341.0,HAVAL H6 HEV ULTRA
2024-02,RY1,Aion,Aion Y Plus,Aion Y Plus,,,,,,,B,CROSSOVER,VOLUME,BEV,MASS,341.0,AION AION Y PLUS
2025-07,RY1,BYD,Sealion 6 DM-i,Sealion 6 DM-i,PREMIUM,PREMIUM,,,,,C,CROSSOVER,VOLUME,PHEV,MASS,341.0,BYD BYD SEALION 6 DM-i PREMIUM
2023-08,RY1,MG,MG4 Electric,MG4 Electric,,,,,,,C,HATCHBACK,VOLUME,BEV,MASS,340.0,MG MG4 ELECTRIC
2025-07,RY1,Neta,Neta V,Neta V,,,,,,,A,CROSSOVER,VOLUME,BEV,BUDGET,340.0,NETA NETA V-II
2023-02,RY1,MG,MG ZS,MG ZS,,,,,,,B,CROSSOVER,VOLUME,ICE,MASS,339.0,MG ZS
2023-06,RY1,GWM,Haval Jolion,Haval Jolion,HYBRID,,,,,HEV,B,CROSSOVER,VOLUME,HEV,MASS,338.0,HAVAL JOLION HYBRID
2025-07,RY1,BYD,Sealion 7,Sealion 7,AWD,,AWD,,,,D,CROSSOVER,UPPER,BEV,MASS,338.0,BYD BYD SEALION 7 AWD
2022-03,RY1,MG,MG HS,MG HS,,,,,,,C,CROSSOVER,MIXED,MIXED,MASS,337.0,MG HS
2025-01,RY1,Aion,Hyptec HT,Hyptec HT,620 PREMIUM,PREMIUM,,620.0,,,D,CROSSOVER,UPPER,BEV,MASS,337.0,AION HYPTEC HT 620 PREMIUM
2022-05,RY1,GWM,Haval H6,Haval H6,HEV ULTRA,ULTRA,,,,HEV,C,CROSSOVER,UPPER,MIXED,MASS,335.0,HAVAL H6 HEV ULTRA
2022-09,RY1,GWM,Haval H6,Haval H6,HEV ULTRA,ULTRA,,,,HEV,C,CROSSOVER,UPPER,MIXED,MASS,333.0,HAVAL H6 HEV ULTRA
2023-06,RY1,MG,MG EP,MG EP,,,,,,,B,WAGON,VOLUME,BEV,MASS,333.0,MG EP
2024-09,RY1,BYD,Atto 3,Atto 3,,,,,,,B,CROSSOVER,VOLUME,BEV,MASS,333.0,BYD BYD ATTO 3
2024-08,RY1,Deepal,Deepal S07,Deepal S07,,,,,,,C,CROSSOVER,UPPER,BEV,MASS,332.0,DEEPAL S07
2025-06,RY1,MG,MG S5 EV,MG S5 EV,,,,,,,C,CROSSOVER,VOLUME,BEV,MASS,332.0,MG S5 EV
2022-12,RY1,MG,MG ZS EV,MG ZS EV,,,,,,,B,CROSSOVER,VOLUME,BEV,MASS,330.0,MG ZS EV
2023-12,RY1,MG,MG ZS EV,MG ZS EV,,,,,,,B,CROSSOVER,VOLUME,BEV,MASS,330.0,MG ZS EV
2024-09,RY1,MG,MG4 Electric,MG4 Electric,,,,,,,C,HATCHBACK,VOLUME,BEV,MASS,330.0,MG MG4 ELECTRIC
2024-12,RY1,Neta,Neta V,Neta V,,,,,,,A,CROSSOVER,VOLUME,BEV,BUDGET,330.0,NETA NETA V-II
2024-12,RY1,Neta,Neta X,Neta X,,,,,,,B,CROSSOVER,VOLUME,BEV,BUDGET,329.0,NETA NETA X
2023-06,RY1,MG,MG ZS,MG ZS,,,,,,,B,CROSSOVER,VOLUME,ICE,MASS,327.0,MG ZS
2024-08,RY1,MG,MG4 Electric,MG4 Electric,,,,,,,C,HATCHBACK,VOLUME,BEV,MASS,327.0,MG MG4 ELECTRIC
2024-12,RY1,MG,MG4 Electric,MG4 Electric,,,,,,,C,HATCHBACK,VOLUME,BEV,MASS,327.0,MG MG4 ELECTRIC
2022-03,RY1,GWM,Ora Good Cat,Ora Good Cat,,,,,,,B,HATCHBACK,VOLUME,BEV,MASS,326.0,ORA GOOD CAT
2025-12,RY1,Aion,Aion UT,Aion UT,500 PREMIUM,PREMIUM,,500.0,,,B,HATCHBACK,MIXED,BEV,MASS,325.0,AION AION UT 500 PREMIUM
2023-02,RY1,Tesla,Model Y,Model Y,LONG RANGE,LONG RANGE,,,,,D,CROSSOVER,MIXED,BEV,PREMIUM_TECH,322.0,TESLA MODEL Y LONG RANGE
2023-05,RY1,MG,MG ZS,MG ZS,,,,,,,B,CROSSOVER,VOLUME,ICE,MASS,322.0,MG ZS
2025-02,RY1,MG,MG4 Electric,MG4 Electric,,,,,,,C,HATCHBACK,VOLUME,BEV,MASS,321.0,MG MG4 ELECTRIC
2025-04,RY1,BYD,Sealion 6 DM-i,Sealion 6 DM-i,DYNAMIC,DYNAMIC,,,,,C,CROSSOVER,VOLUME,PHEV,MASS,321.0,BYD BYD SEALION 6 DM-i DYNAMIC
2026-01,RY1,Deepal,Deepal S05,Deepal S05,REEV MAX,MAX,,,,REEV,B,CROSSOVER,VOLUME,MIXED,MASS,320.0,DEEPAL S05 REEV MAX
2025-03,RY1,Deepal,Deepal S07,Deepal S07,,,,,,,C,CROSSOVER,UPPER,BEV,MASS,320.0,DEEPAL S07
2025-08,RY1,BYD,Dolphin,Dolphin,490KM-EXT,EXT,,490.0,,,B,HATCHBACK,VOLUME,BEV,MASS,320.0,BYD BYD DOLPHIN (490KM-EXT)
2025-09,RY1,MG,MG S5 EV,MG S5 EV,,,,,,,C,CROSSOVER,VOLUME,BEV,MASS,320.0,MG S5 EV
2025-12,RY1,Chery,Chery V23,Chery V23,2WD PLUS,PLUS,2WD,,,,B,SUV,VOLUME,BEV,MASS,319.0,CHERY V23 2WD PLUS
2023-02,RY1,MG,MG4 Electric,MG4 Electric,,,,,,,C,HATCHBACK,VOLUME,BEV,MASS,318.0,MG MG4 ELECTRIC
2024-11,RY1,Deepal,Deepal S07,Deepal S07,,,,,,,C,CROSSOVER,UPPER,BEV,MASS,318.0,DEEPAL S07
2025-10,RY1,BYD,Seal,Seal,5 DM-i PREMIUM,PREMIUM,,,,PHEV,D,SEDAN,UPPER,BEV,MASS,317.0,BYD BYD SEAL 5 DM-i PREMIUM
2024-07,RY1,MG,MG5,MG5,,,,,,,C,SEDAN,VOLUME,ICE,MASS,316.0,MG MG5
2025-05,RY1,Changan,Changan Lumin,Changan Lumin,L DC,,,,,,A,HATCHBACK,ENTRY,BEV,MASS,315.0,CHANGAN LUMIN L DC
2025-11,RY1,Chery,Omoda C5,Omoda C5,EV Long Range Max,LONG RANGE MAX,,,,BEV,B,CROSSOVER,VOLUME,BEV,MASS,315.0,OMODA C5 EV Long Range Max
2023-01,RY1,MG,MG ZS,MG ZS,,,,,,,B,CROSSOVER,VOLUME,ICE,MASS,312.0,MG ZS
2023-08,RY1,Tesla,Model Y,Model Y,LONG RANGE,LONG RANGE,,,,,D,CROSSOVER,MIXED,BEV,PREMIUM_TECH,311.0,TESLA MODEL Y LONG RANGE
2024-10,RY1,MG,MG4 Electric,MG4 Electric,,,,,,,C,HATCHBACK,VOLUME,BEV,MASS,309.0,MG MG4 ELECTRIC
2022-02,RY1,MG,MG HS,MG HS,,,,,,,C,CROSSOVER,MIXED,MIXED,MASS,307.0,MG HS
2026-01,RY1,Denza,Denza D9,Denza D9,FWD,,FWD,,,,E,MPV,LUXURY,MIXED,PREMIUM_LUXURY,306.0,DENZA DENZA D9 FWD
2025-12,RY1,BYD,Atto 3,Atto 3,410KM-PREMIUM,PREMIUM,,410.0,,,B,CROSSOVER,VOLUME,BEV,MASS,306.0,BYD BYD ATTO3 (410KM-PREMIUM)
2022-03,RY1,MG,MG Extender,MG Extender Double Cab,,,,,,,F,PICKUP,VOLUME,ICE,MASS,305.0,MG MG EXTENDER
2023-03,RY1,GWM,Haval H6,Haval H6,HEV ULTRA,ULTRA,,,,HEV,C,CROSSOVER,UPPER,MIXED,MASS,302.0,HAVAL H6 HEV ULTRA
2024-05,RY1,Aion,Aion Y Plus,Aion Y Plus,,,,,,,B,CROSSOVER,VOLUME,BEV,MASS,302.0,AION AION Y PLUS
2024-11,RY1,GWM,Ora Good Cat,Ora Good Cat,,,,,,,B,HATCHBACK,VOLUME,BEV,MASS,302.0,ORA GOOD CAT
2025-06,RY1,Changan,Changan Lumin,Changan Lumin,L DC,,,,,,A,HATCHBACK,ENTRY,BEV,MASS,302.0,CHANGAN LUMIN L DC
2025-10,RY1,Changan,Changan Lumin,Changan Lumin,L DC,,,,,,A,HATCHBACK,ENTRY,BEV,MASS,301.0,CHANGAN LUMIN L DC
2023-02,RY1,MG,MG EP,MG EP,,,,,,,B,WAGON,VOLUME,BEV,MASS,300.0,MG EP
2025-06,RY1,Tesla,Model Y,Model Y,Rear-Wheel Drive,,,,,,D,CROSSOVER,MIXED,BEV,PREMIUM_TECH,300.0,TESLA Model Y Rear-Wheel Drive
2025-09,RY1,Chery,Omoda C5,Omoda C5,EV Long Range Max,LONG RANGE MAX,,,,BEV,B,CROSSOVER,VOLUME,BEV,MASS,300.0,OMODA C5 EV Long Range Max
2022-02,RY1,GWM,Haval H6,Haval H6,HEV ULTRA,ULTRA,,,,HEV,C,CROSSOVER,UPPER,MIXED,MASS,298.0,HAVAL H6 HEV ULTRA
2023-06,RY1,MG,MG4 Electric,MG4 Electric,,,,,,,C,HATCHBACK,VOLUME,BEV,MASS,298.0,MG MG4 ELECTRIC
2022-01,RY1,MG,MG HS,MG HS,,,,,,,C,CROSSOVER,MIXED,MIXED,MASS,297.0,MG HS
2024-03,RY1,Tesla,Model 3,Model 3,Rear-Wheel Drive,,,,,,D,SEDAN,MIXED,BEV,PREMIUM_TECH,297.0,TESLA Model 3 Rear-Wheel Drive
2022-01,RY1,GWM,Haval H6,Haval H6,HEV ULTRA,ULTRA,,,,HEV,C,CROSSOVER,UPPER,MIXED,MASS,296.0,HAVAL H6 HEV ULTRA
2025-09,RY1,Deepal,Deepal S07,Deepal S07,,,,,,,C,CROSSOVER,UPPER,BEV,MASS,296.0,DEEPAL S07
2024-10,RY1,Aion,Aion Y Plus,Aion Y Plus,,,,,,,B,CROSSOVER,VOLUME,BEV,MASS,295.0,AION AION Y PLUS
2025-12,RY1,Chery,Omoda C5,Omoda C5,EV Long Range Max,LONG RANGE MAX,,,,BEV,B,CROSSOVER,VOLUME,BEV,MASS,295.0,OMODA C5 EV Long Range Max
2026-01,RY1,BYD,Seal,Seal,STD RWD,STD,RWD,,,,D,SEDAN,UPPER,BEV,MASS,294.0,BYD BYD SEAL STD RWD
2024-04,RY1,Aion,Aion Y Plus,Aion Y Plus,,,,,,,B,CROSSOVER,VOLUME,BEV,MASS,294.0,AION AION Y PLUS
2025-11,RY1,MG,MG S5 EV,MG S5 EV,,,,,,,C,CROSSOVER,VOLUME,BEV,MASS,293.0,MG S5 EV
2023-07,RY1,MG,MG4 Electric,MG4 Electric,,,,,,,C,HATCHBACK,VOLUME,BEV,MASS,292.0,MG MG4 ELECTRIC
2026-01,RY1,BYD,Seal,Seal,EXD RWD,,RWD,,,,D,SEDAN,UPPER,BEV,MASS,291.0,BYD BYD SEAL EXD RWD
2023-03,RY1,GWM,Haval Jolion,Haval Jolion,HYBRID,,,,,HEV,B,CROSSOVER,VOLUME,HEV,MASS,291.0,HAVAL JOLION HYBRID
2023-03,RY1,MG,MG EP,MG EP,,,,,,,B,WAGON,VOLUME,BEV,MASS,291.0,MG EP
2024-02,RY1,Tesla,Model 3,Model 3,Rear-Wheel Drive,,,,,,D,SEDAN,MIXED,BEV,PREMIUM_TECH,291.0,TESLA Model 3 Rear-Wheel Drive
2025-12,RY1,Aion,Aion V,Aion V,602 LUXURY,LUXURY,,602.0,,,C,CROSSOVER,UPPER,BEV,MASS,290.0,AION AION V 602 LUXURY
2025-12,RY1,Chery,Chery V23,Chery V23,4WD PEAK,PEAK,4WD,,,,B,SUV,VOLUME,BEV,MASS,290.0,CHERY V23 4WD PEAK
2026-01,RY1,Wuling,Wuling Bingo,Wuling Bingo,SRDTH CCS2,,,,,,A,HATCHBACK,ENTRY,BEV,BUDGET,289.0,WULING Bingou SRDTH CCS2
2022-11,RY1,GWM,Haval H6,Haval H6,HEV ULTRA,ULTRA,,,,HEV,C,CROSSOVER,UPPER,MIXED,MASS,289.0,HAVAL H6 HEV ULTRA
2024-12,RY1,GWM,Ora Good Cat,Ora Good Cat,,,,,,,B,HATCHBACK,VOLUME,BEV,MASS,289.0,ORA GOOD CAT
2023-08,RY1,BYD,Atto 3,Atto 3,410KM,,,410.0,,,B,CROSSOVER,VOLUME,BEV,MASS,288.0,BYD BYD ATTO 3 (410KM)
2024-08,RY1,Aion,Aion Y Plus,Aion Y Plus,,,,,,,B,CROSSOVER,VOLUME,BEV,MASS,288.0,AION AION Y PLUS
2023-04,RY1,MG,MG ZS,MG ZS,,,,,,,B,CROSSOVER,VOLUME,ICE,MASS,285.0,MG ZS
2024-06,RY1,MG,MG5,MG5,,,,,,,C,SEDAN,VOLUME,ICE,MASS,285.0,MG MG5
2023-03,RY1,Tesla,Model Y,Model Y,PERFORMANCE,PERFORMANCE,,,,,D,CROSSOVER,MIXED,BEV,PREMIUM_TECH,284.0,TESLA MODEL Y PERFORMANCE
2024-09,RY1,Aion,Aion Y Plus,Aion Y Plus,,,,,,,B,CROSSOVER,VOLUME,BEV,MASS,284.0,AION AION Y PLUS
2023-02,RY1,GWM,Ora Good Cat,Ora Good Cat,,,,,,,B,HATCHBACK,VOLUME,BEV,MASS,282.0,ORA GOOD CAT
2026-01,RY1,BYD,BYD M6,BYD M6,EXTENDED,,,,,,C,MPV,VOLUME,BEV,MASS,281.0,BYD BYD M6 EXTENDED
2025-12,RY1,Jaecoo,Jaecoo 6 EV,Jaecoo 6 EV,Long Range 2WD PRO,LONG RANGE,2WD,,,,B,CROSSOVER,VOLUME,BEV,MASS,279.0,JAECOO 6 EV Long Range 2WD PRO
2022-07,RY1,GWM,Haval H6,Haval H6,HEV ULTRA,ULTRA,,,,HEV,C,CROSSOVER,UPPER,MIXED,MASS,278.0,HAVAL H6 HEV ULTRA
2024-02,RY1,GWM,Haval Jolion,Haval Jolion,HYBRID,,,,,HEV,B,CROSSOVER,VOLUME,HEV,MASS,278.0,HAVAL JOLION HYBRID
2024-05,RY1,BYD,Atto 3,Atto 3,480KM-EXT,EXT,,480.0,,,B,CROSSOVER,VOLUME,BEV,MASS,278.0,BYD BYD ATTO3 (480KM-EXT)
2025-10,RY1,Aion,Aion V,Aion V,602 LUXURY,LUXURY,,602.0,,,C,CROSSOVER,UPPER,BEV,MASS,278.0,AION AION V 602 LUXURY
2023-09,RY1,BYD,Atto 3,Atto 3,410KM,,,410.0,,,B,CROSSOVER,VOLUME,BEV,MASS,277.0,BYD BYD ATTO 3 (410KM)
2022-04,RY1,GWM,Haval H6,Haval H6,HEV ULTRA,ULTRA,,,,HEV,C,CROSSOVER,UPPER,MIXED,MASS,276.0,HAVAL H6 HEV ULTRA
2025-10,RY1,Chery,Omoda C5,Omoda C5,EV Long Range Max,LONG RANGE MAX,,,,BEV,B,CROSSOVER,VOLUME,BEV,MASS,276.0,OMODA C5 EV Long Range Max
2025-11,RY1,BYD,Atto 3,Atto 3,480KM-EXT,EXT,,480.0,,,B,CROSSOVER,VOLUME,BEV,MASS,276.0,BYD BYD ATTO3 (480KM-EXT)
2023-04,RY1,MG,MG EP,MG EP,,,,,,,B,WAGON,VOLUME,BEV,MASS,275.0,MG EP
2023-02,RY1,BYD,Atto 3,Atto 3,410KM,,,410.0,,,B,CROSSOVER,VOLUME,BEV,MASS,273.0,BYD BYD ATTO 3 (410KM)
2024-02,RY1,Tesla,Model 3,Model 3,LONG RANGE,LONG RANGE,,,,,D,SEDAN,MIXED,BEV,PREMIUM_TECH,273.0,TESLA MODEL 3 LONG RANGE
2023-04,RY1,MG,MG4 Electric,MG4 Electric,,,,,,,C,HATCHBACK,VOLUME,BEV,MASS,271.0,MG MG4 ELECTRIC
2023-05,RY1,GWM,Haval H6,Haval H6,HEV ULTRA,ULTRA,,,,HEV,C,CROSSOVER,UPPER,MIXED,MASS,271.0,HAVAL H6 HEV ULTRA
2022-08,RY1,GWM,Haval H6,Haval H6,HEV ULTRA,ULTRA,,,,HEV,C,CROSSOVER,UPPER,MIXED,MASS,270.0,HAVAL H6 HEV ULTRA
2025-07,RY1,Deepal,Deepal S07,Deepal S07,,,,,,,C,CROSSOVER,UPPER,BEV,MASS,269.0,DEEPAL S07
2025-01,RY1,Aion,Aion V,Aion V,602 LUXURY,LUXURY,,602.0,,,C,CROSSOVER,UPPER,BEV,MASS,268.0,AION AION V 602 LUXURY
2023-08,RY1,MG,MG ZS,MG ZS,,,,,,,B,CROSSOVER,VOLUME,ICE,MASS,266.0,MG ZS
2023-09,RY1,BYD,Dolphin,Dolphin,EXD,,,,,,B,HATCHBACK,VOLUME,BEV,MASS,266.0,BYD BYD DOLPHIN EXD
2024-01,RY1,BYD,Atto 3,Atto 3,410KM,,,410.0,,,B,CROSSOVER,VOLUME,BEV,MASS,264.0,BYD BYD ATTO 3 (410KM)
2024-06,RY1,BYD,Atto 3,Atto 3,480KM-EXT,EXT,,480.0,,,B,CROSSOVER,VOLUME,BEV,MASS,263.0,BYD BYD ATTO3 (480KM-EXT)
2025-05,RY1,Geely,Geely EX5,Geely EX5,,,,,,,C,CROSSOVER,VOLUME,BEV,MASS,262.0,GEELY EX5
2023-03,RY1,Tesla,Model 3,Model 3,LONG RANGE,LONG RANGE,,,,,D,SEDAN,MIXED,BEV,PREMIUM_TECH,260.0,TESLA MODEL 3 LONG RANGE
2024-08,RY1,BYD,Atto 3,Atto 3,480KM-EXT,EXT,,480.0,,,B,CROSSOVER,VOLUME,BEV,MASS,260.0,BYD BYD ATTO3 (480KM-EXT)
2025-08,RY1,MG,MG IM6,MG IM6,,,,,,,D,CROSSOVER,LUXURY,BEV,MASS,260.0,MG IM6
2025-08,RY1,Chery,Omoda C5,Omoda C5,EV Long Range Max,LONG RANGE MAX,,,,BEV,B,CROSSOVER,VOLUME,BEV,MASS,260.0,OMODA C5 EV Long Range Max
2023-06,RY1,BYD,Atto 3,Atto 3,410KM,,,410.0,,,B,CROSSOVER,VOLUME,BEV,MASS,258.0,BYD BYD ATTO 3 (410KM)
2025-06,RY1,BYD,BYD M6,BYD M6,EXTENDED,,,,,,C,MPV,VOLUME,BEV,MASS,258.0,BYD BYD M6 EXTENDED
2026-01,RY1,Chery,Chery V23,Chery V23,2WD PLAY,PLAY,2WD,,,,B,SUV,VOLUME,BEV,MASS,257.0,CHERY V23 2WD PLAY
2022-09,RY1,MG,MG EP,MG EP,,,,,,,B,WAGON,VOLUME,BEV,MASS,256.0,MG EP
2024-09,RY1,Deepal,Deepal S07,Deepal S07,,,,,,,C,CROSSOVER,UPPER,BEV,MASS,256.0,DEEPAL S07
2024-10,RY1,Deepal,Deepal S07,Deepal S07,,,,,,,C,CROSSOVER,UPPER,BEV,MASS,256.0,DEEPAL S07
2022-01,RY1,MG,MG Extender,MG Extender Double Cab,,,,,,,F,PICKUP,VOLUME,ICE,MASS,255.0,MG MG EXTENDER
2023-07,RY1,MG,MG ZS,MG ZS,,,,,,,B,CROSSOVER,VOLUME,ICE,MASS,254.0,MG ZS
2023-10,RY1,GWM,Haval Jolion,Haval Jolion,HYBRID,,,,,HEV,B,CROSSOVER,VOLUME,HEV,MASS,254.0,HAVAL JOLION HYBRID
2025-06,RY1,GWM,Tank 300,Tank 300,,,,,,,C,PPV,UPPER,HEV,MASS,254.0,GWM GWM TANK 300
2022-06,RY1,GWM,Haval Jolion,Haval Jolion,HYBRID,,,,,HEV,B,CROSSOVER,VOLUME,HEV,MASS,253.0,HAVAL JOLION HYBRID
2024-01,RY1,GWM,Ora Good Cat,Ora Good Cat,,,,,,,B,HATCHBACK,VOLUME,BEV,MASS,253.0,ORA GOOD CAT
2024-08,RY1,Neta,Neta V,Neta V,,,,,,,A,CROSSOVER,VOLUME,BEV,BUDGET,253.0,NETA NETA V-II
2022-12,RY1,BYD,Atto 3,Atto 3,,,,,,,B,CROSSOVER,VOLUME,BEV,MASS,252.0,BYD BYD ATTO 3
2022-12,RY1,GWM,Ora Good Cat,Ora Good Cat,,,,,,,B,HATCHBACK,VOLUME,BEV,MASS,252.0,ORA GOOD CAT
2023-12,RY1,BYD,Atto 3,Atto 3,,,,,,,B,CROSSOVER,VOLUME,BEV,MASS,252.0,BYD BYD ATTO 3
2023-12,RY1,GWM,Ora Good Cat,Ora Good Cat,,,,,,,B,HATCHBACK,VOLUME,BEV,MASS,252.0,ORA GOOD CAT
2025-01,RY1,BYD,Atto 3,Atto 3,480KM-EXT,EXT,,480.0,,,B,CROSSOVER,VOLUME,BEV,MASS,251.0,BYD BYD ATTO3 (480KM-EXT)
2023-06,RY1,MG,MG VS HEV,MG VS HEV,,,,,,,B,CROSSOVER,VOLUME,HEV,MASS,250.0,MG VS HEV
2023-09,RY1,MG,MG VS HEV,MG VS HEV,,,,,,,B,CROSSOVER,VOLUME,HEV,MASS,249.0,MG VS HEV
2025-03,RY1,Aion,Hyptec HT,Hyptec HT,620 PREMIUM,PREMIUM,,620.0,,,D,CROSSOVER,UPPER,BEV,MASS,249.0,AION HYPTEC HT 620 PREMIUM
2025-07,RY1,BYD,Sealion 7,Sealion 7,RWD,,RWD,,,,D,CROSSOVER,UPPER,BEV,MASS,249.0,BYD BYD SEALION 7 RWD
2023-06,RY1,GWM,Haval H6,Haval H6,HEV ULTRA,ULTRA,,,,HEV,C,CROSSOVER,UPPER,MIXED,MASS,248.0,HAVAL H6 HEV ULTRA
2024-11,RY1,MG,MG4 Electric,MG4 Electric,,,,,,,C,HATCHBACK,VOLUME,BEV,MASS,248.0,MG MG4 ELECTRIC
2025-05,RY1,BYD,Atto 3,Atto 3,410KM-PREMIUM,PREMIUM,,410.0,,,B,CROSSOVER,VOLUME,BEV,MASS,247.0,BYD BYD ATTO3 (410KM-PREMIUM)
2022-02,RY1,GWM,Haval Jolion,Haval Jolion,HYBRID,,,,,HEV,B,CROSSOVER,VOLUME,HEV,MASS,246.0,HAVAL JOLION HYBRID
2022-04,RY1,GWM,Haval Jolion,Haval Jolion,HYBRID,,,,,HEV,B,CROSSOVER,VOLUME,HEV,MASS,246.0,HAVAL JOLION HYBRID
2023-08,RY1,MG,MG VS HEV,MG VS HEV,,,,,,,B,CROSSOVER,VOLUME,HEV,MASS,246.0,MG VS HEV
2022-12,RY1,MG,MG ZS,MG ZS,,,,,,,B,CROSSOVER,VOLUME,ICE,MASS,245.0,MG ZS
2023-12,RY1,MG,MG ZS,MG ZS,,,,,,,B,CROSSOVER,VOLUME,ICE,MASS,245.0,MG ZS
2025-10,RY1,Aion,Aion UT,Aion UT,500 PREMIUM,PREMIUM,,500.0,,,B,HATCHBACK,MIXED,BEV,MASS,244.0,AION AION UT 500 PREMIUM
2022-05,RY1,GWM,Ora Good Cat,Ora Good Cat,,,,,,,B,HATCHBACK,VOLUME,BEV,MASS,242.0,ORA GOOD CAT
2023-04,RY1,Tesla,Model Y,Model Y,LONG RANGE,LONG RANGE,,,,,D,CROSSOVER,MIXED,BEV,PREMIUM_TECH,242.0,TESLA MODEL Y LONG RANGE
2024-09,RY1,MG,MG5,MG5,,,,,,,C,SEDAN,VOLUME,ICE,MASS,242.0,MG MG5
2023-02,RY1,MG,MG ZS EV,MG ZS EV,,,,,,,B,CROSSOVER,VOLUME,BEV,MASS,241.0,MG ZS EV
2026-01,RY1,Changan,Changan Lumin,Changan Lumin,L DC,,,,,,A,HATCHBACK,ENTRY,BEV,MASS,240.0,CHANGAN LUMIN L DC
2024-09,RY1,BYD,Atto 3,Atto 3,410KM-DYNAMIC,DYNAMIC,,410.0,,,B,CROSSOVER,VOLUME,BEV,MASS,240.0,BYD BYD ATTO3 (410KM-DYNAMIC)
2022-06,RY1,MG,MG Extender,MG Extender Double Cab,,,,,,,F,PICKUP,VOLUME,ICE,MASS,239.0,MG MG EXTENDER
2025-06,RY1,Neta,Neta V,Neta V,,,,,,,A,CROSSOVER,VOLUME,BEV,BUDGET,239.0,NETA NETA V-II
2024-06,RY1,GWM,Ora Good Cat,Ora Good Cat,,,,,,,B,HATCHBACK,VOLUME,BEV,MASS,238.0,ORA GOOD CAT
2025-11,RY1,Jaecoo,Jaecoo 6 EV,Jaecoo 6 EV,Long Range 4WD,LONG RANGE,4WD,,,,B,CROSSOVER,VOLUME,BEV,MASS,238.0,JAECOO 6 EV Long Range 4WD
2023-07,RY1,MG,MG VS HEV,MG VS HEV,,,,,,,B,CROSSOVER,VOLUME,HEV,MASS,237.0,MG VS HEV
2025-07,RY1,Changan,Changan Lumin,Changan Lumin,L DC,,,,,,A,HATCHBACK,ENTRY,BEV,MASS,237.0,CHANGAN LUMIN L DC
2024-01,RY1,Wuling,Wuling Air EV,Wuling Air EV,LR,,,,,,A,HATCHBACK,ENTRY,BEV,BUDGET,236.0,WULING Air EV LR
2025-01,RY1,BYD,Dolphin,Dolphin,490KM-EXT,EXT,,490.0,,,B,HATCHBACK,VOLUME,BEV,MASS,236.0,BYD BYD DOLPHIN (490KM-EXT)
2025-09,RY1,BYD,Sealion 7,Sealion 7,AWD,,AWD,,,,D,CROSSOVER,UPPER,BEV,MASS,236.0,BYD BYD SEALION 7 AWD
2025-08,RY1,BYD,Sealion 7,Sealion 7,AWD,,AWD,,,,D,CROSSOVER,UPPER,BEV,MASS,235.0,BYD BYD SEALION 7 AWD
2023-11,RY1,GWM,Haval Jolion,Haval Jolion,HYBRID,,,,,HEV,B,CROSSOVER,VOLUME,HEV,MASS,234.0,HAVAL JOLION HYBRID
2024-07,RY1,BYD,Atto 3,Atto 3,,,,,,,B,CROSSOVER,VOLUME,BEV,MASS,234.0,BYD BYD ATTO 3
2024-11,RY1,Aion,Aion Y Plus,Aion Y Plus,,,,,,,B,CROSSOVER,VOLUME,BEV,MASS,233.0,AION AION Y PLUS
2025-12,RY1,BYD,Seal,Seal,EXD RWD,,RWD,,,,D,SEDAN,UPPER,BEV,MASS,233.0,BYD BYD SEAL EXD RWD
2024-11,RY1,BYD,BYD M6,BYD M6,EXTENDED,,,,,,C,MPV,VOLUME,BEV,MASS,232.0,BYD BYD M6 EXTENDED
2024-11,RY1,MG,MG3,MG3,,,,,,,B,HATCHBACK,VOLUME,HEV,MASS,232.0,MG MG3
2023-07,RY1,GWM,Haval Jolion,Haval Jolion,HYBRID,,,,,HEV,B,CROSSOVER,VOLUME,HEV,MASS,231.0,HAVAL JOLION HYBRID
2024-03,RY1,BYD,Atto 3,Atto 3,,,,,,,B,CROSSOVER,VOLUME,BEV,MASS,231.0,BYD BYD ATTO 3
2025-08,RY1,Deepal,Deepal S05,Deepal S05,MAX,MAX,,,,,B,CROSSOVER,VOLUME,MIXED,MASS,230.0,DEEPAL S05 MAX
2024-08,RY1,MG,MG5,MG5,,,,,,,C,SEDAN,VOLUME,ICE,MASS,228.0,MG MG5
2025-05,RY1,Aion,Hyptec HT,Hyptec HT,620 PREMIUM,PREMIUM,,620.0,,,D,CROSSOVER,UPPER,BEV,MASS,228.0,AION HYPTEC HT 620 PREMIUM
2025-12,RY1,Jaecoo,Jaecoo 6 EV,Jaecoo 6 EV,Long Range 4WD,LONG RANGE,4WD,,,,B,CROSSOVER,VOLUME,BEV,MASS,228.0,JAECOO 6 EV Long Range 4WD
2022-04,RY1,MG,MG HS,MG HS,,,,,,,C,CROSSOVER,MIXED,MIXED,MASS,227.0,MG HS
2024-07,RY1,Neta,Neta V,Neta V,,,,,,,A,CROSSOVER,VOLUME,BEV,BUDGET,227.0,NETA NETA V
2023-06,RY1,Tesla,Model Y,Model Y,PERFORMANCE,PERFORMANCE,,,,,D,CROSSOVER,MIXED,BEV,PREMIUM_TECH,226.0,TESLA MODEL Y PERFORMANCE
2024-03,RY1,GWM,Haval Jolion,Haval Jolion,HYBRID,,,,,HEV,B,CROSSOVER,VOLUME,HEV,MASS,226.0,HAVAL JOLION HYBRID
2024-02,RY1,BYD,Atto 3,Atto 3,,,,,,,B,CROSSOVER,VOLUME,BEV,MASS,224.0,BYD BYD ATTO 3
2024-05,RY1,GWM,Haval Jolion,Haval Jolion,HYBRID,,,,,HEV,B,CROSSOVER,VOLUME,HEV,MASS,224.0,HAVAL JOLION HYBRID
2024-09,RY1,BYD,Atto 3,Atto 3,480KM-EXT,EXT,,480.0,,,B,CROSSOVER,VOLUME,BEV,MASS,224.0,BYD BYD ATTO3 (480KM-EXT)
2025-11,RY1,Changan,Changan Lumin,Changan Lumin,L DC,,,,,,A,HATCHBACK,ENTRY,BEV,MASS,224.0,CHANGAN LUMIN L DC
2026-01,RY1,Zeekr,Zeekr 009,Zeekr 009,,,,,,,E,MPV,LUXURY,BEV,PREMIUM_TECH,223.0,ZEEKR ZEEKR 009
2022-12,RY1,MG,MG EP,MG EP,,,,,,,B,WAGON,VOLUME,BEV,MASS,223.0,MG EP
2023-12,RY1,MG,MG EP,MG EP,,,,,,,B,WAGON,VOLUME,BEV,MASS,223.0,MG EP
2022-10,RY1,GWM,Haval H6,Haval H6,HEV ULTRA,ULTRA,,,,HEV,C,CROSSOVER,UPPER,MIXED,MASS,222.0,HAVAL H6 HEV ULTRA
2026-01,RY1,Aion,Aion ES,Aion ES,,,,,,,C,SEDAN,VOLUME,BEV,MASS,221.0,AION AION ES
2026-01,RY1,Zeekr,Zeekr X,Zeekr X,7X,,,,,,B,CROSSOVER,UPPER,BEV,PREMIUM_TECH,221.0,ZEEKR ZEEKR 7X
2023-08,RY1,Tesla,Model Y,Model Y,PERFORMANCE,PERFORMANCE,,,,,D,CROSSOVER,MIXED,BEV,PREMIUM_TECH,221.0,TESLA MODEL Y PERFORMANCE
2024-01,RY1,MG,MG ZS,MG ZS,,,,,,,B,CROSSOVER,VOLUME,ICE,MASS,219.0,MG ZS
2024-09,RY1,Neta,Neta V,Neta V,,,,,,,A,CROSSOVER,VOLUME,BEV,BUDGET,219.0,NETA NETA V
2025-01,RY1,Jaecoo,Jaecoo 6 EV,Jaecoo 6 EV,Long Range 4WD,LONG RANGE,4WD,,,,B,CROSSOVER,VOLUME,BEV,MASS,219.0,JAECOO 6 EV Long Range 4WD
2025-06,RY1,Geely,Geely EX5,Geely EX5,,,,,,,C,CROSSOVER,VOLUME,BEV,MASS,219.0,GEELY EX5
2025-07,RY1,BYD,Atto 3,Atto 3,480KM-EXT,EXT,,480.0,,,B,CROSSOVER,VOLUME,BEV,MASS,219.0,BYD BYD ATTO3 (480KM-EXT)
2025-08,RY1,BYD,Sealion 6 DM-i,Sealion 6 DM-i,PREMIUM,PREMIUM,,,,,C,CROSSOVER,VOLUME,PHEV,MASS,219.0,BYD BYD SEALION 6 DM-i PREMIUM
2025-09,RY1,BYD,Sealion 6 DM-i,Sealion 6 DM-i,PREMIUM,PREMIUM,,,,,C,CROSSOVER,VOLUME,PHEV,MASS,219.0,BYD BYD SEALION 6 DM-i PREMIUM
2025-03,RY1,Zeekr,Zeekr 009,Zeekr 009,,,,,,,E,MPV,LUXURY,BEV,PREMIUM_TECH,218.0,ZEEKR ZEEKR 009
2025-06,RY1,Denza,Denza D9,Denza D9,FWD,,FWD,,,,E,MPV,LUXURY,MIXED,PREMIUM_LUXURY,218.0,DENZA DENZA D9 FWD
2022-05,RY1,GWM,Haval Jolion,Haval Jolion,HYBRID,,,,,HEV,B,CROSSOVER,VOLUME,HEV,MASS,217.0,HAVAL JOLION HYBRID
2024-02,RY1,MG,MG4 Electric,MG4 Electric,,,,,,,C,HATCHBACK,VOLUME,BEV,MASS,217.0,MG MG4 ELECTRIC
2025-05,RY1,Zeekr,Zeekr 009,Zeekr 009,,,,,,,E,MPV,LUXURY,BEV,PREMIUM_TECH,217.0,ZEEKR ZEEKR 009
2024-02,RY1,Neta,Neta V,Neta V,,,,,,,A,CROSSOVER,VOLUME,BEV,BUDGET,216.0,NETA NETA V
2025-01,RY1,MG,MG3,MG3,,,,,,,B,HATCHBACK,VOLUME,HEV,MASS,215.0,MG MG3
2025-02,RY1,Aion,Hyptec HT,Hyptec HT,620 PREMIUM,PREMIUM,,620.0,,,D,CROSSOVER,UPPER,BEV,MASS,215.0,AION HYPTEC HT 620 PREMIUM
2023-03,RY1,GWM,Ora Good Cat,Ora Good Cat,,,,,,,B,HATCHBACK,VOLUME,BEV,MASS,214.0,ORA GOOD CAT
2023-05,RY1,Tesla,Model Y,Model Y,PERFORMANCE,PERFORMANCE,,,,,D,CROSSOVER,MIXED,BEV,PREMIUM_TECH,214.0,TESLA MODEL Y PERFORMANCE
2025-03,RY1,MG,MG5,MG5,,,,,,,C,SEDAN,VOLUME,ICE,MASS,214.0,MG MG5
2025-10,RY1,BYD,Sealion 7,Sealion 7,AWD,,AWD,,,,D,CROSSOVER,UPPER,BEV,MASS,214.0,BYD BYD SEALION 7 AWD
2025-11,RY1,Aion,Aion V,Aion V,602 LUXURY,LUXURY,,602.0,,,C,CROSSOVER,UPPER,BEV,MASS,214.0,AION AION V 602 LUXURY
2026-01,RY1,Jaecoo,Jaecoo 7,Jaecoo 7,Max,MAX,,,,,C,CROSSOVER,UPPER,PHEV,MASS,213.0,JAECOO 7 SHS Max
2023-05,RY1,BYD,Atto 3,Atto 3,410KM,,,410.0,,,B,CROSSOVER,VOLUME,BEV,MASS,213.0,BYD BYD ATTO 3 (410KM)
2024-10,RY1,MG,MG5,MG5,,,,,,,C,SEDAN,VOLUME,ICE,MASS,213.0,MG MG5
2022-07,RY1,GWM,Ora Good Cat,Ora Good Cat,,,,,,,B,HATCHBACK,VOLUME,BEV,MASS,212.0,ORA GOOD CAT
2023-09,RY1,GWM,Haval Jolion,Haval Jolion,HYBRID,,,,,HEV,B,CROSSOVER,VOLUME,HEV,MASS,212.0,HAVAL JOLION HYBRID
2023-07,RY1,BYD,Atto 3,Atto 3,410KM,,,410.0,,,B,CROSSOVER,VOLUME,BEV,MASS,211.0,BYD BYD ATTO 3 (410KM)
2024-06,RY1,GWM,Haval Jolion,Haval Jolion,HYBRID,,,,,HEV,B,CROSSOVER,VOLUME,HEV,MASS,211.0,HAVAL JOLION HYBRID
2025-10,RY1,Jaecoo,Jaecoo 6 EV,Jaecoo 6 EV,Long Range 4WD,LONG RANGE,4WD,,,,B,CROSSOVER,VOLUME,BEV,MASS,211.0,JAECOO 6 EV Long Range 4WD
2023-08,RY1,GWM,Haval Jolion,Haval Jolion,HYBRID,,,,,HEV,B,CROSSOVER,VOLUME,HEV,MASS,210.0,HAVAL JOLION HYBRID
2025-11,RY1,Jaecoo,Jaecoo 6 EV,Jaecoo 6 EV,Long Range 2WD PRO,LONG RANGE,2WD,,,,B,CROSSOVER,VOLUME,BEV,MASS,210.0,JAECOO 6 EV Long Range 2WD PRO
2023-11,RY1,Wuling,Wuling Air EV,Wuling Air EV,LR,,,,,,A,HATCHBACK,ENTRY,BEV,BUDGET,209.0,WULING Air EV LR
2022-08,RY1,MG,MG Extender,MG Extender Double Cab,,,,,,,F,PICKUP,VOLUME,ICE,MASS,208.0,MG MG EXTENDER
2025-03,RY1,GWM,Ora Good Cat,Ora Good Cat,07,,,,,,B,HATCHBACK,VOLUME,BEV,MASS,208.0,ORA ORA 07
2025-10,RY1,Geely,Geely EX5,Geely EX5,,,,,,,C,CROSSOVER,VOLUME,BEV,MASS,208.0,GEELY EX5
2022-09,RY1,GWM,Haval Jolion,Haval Jolion,HYBRID,,,,,HEV,B,CROSSOVER,VOLUME,HEV,MASS,207.0,HAVAL JOLION HYBRID
2023-10,RY1,MG,MG VS HEV,MG VS HEV,,,,,,,B,CROSSOVER,VOLUME,HEV,MASS,207.0,MG VS HEV
2025-06,RY1,Zeekr,Zeekr 009,Zeekr 009,,,,,,,E,MPV,LUXURY,BEV,PREMIUM_TECH,206.0,ZEEKR ZEEKR 009
2025-10,RY1,Jaecoo,Jaecoo 5 EV,Jaecoo 5 EV,Long Range Max,LONG RANGE MAX,,,,,B,CROSSOVER,VOLUME,BEV,MASS,206.0,JAECOO 5 EV Long Range Max
2022-05,RY1,MG,MG Extender,MG Extender Double Cab,,,,,,,F,PICKUP,VOLUME,ICE,MASS,205.0,MG MG EXTENDER
2022-11,RY1,MG,MG ZS EV,MG ZS EV,,,,,,,B,CROSSOVER,VOLUME,BEV,MASS,205.0,MG ZS EV
2025-01,RY1,MG,MG5,MG5,,,,,,,C,SEDAN,VOLUME,ICE,MASS,205.0,MG MG5
2022-09,RY1,MG,MG Extender,MG Extender Double Cab,,,,,,,F,PICKUP,VOLUME,ICE,MASS,204.0,MG MG EXTENDER
2022-11,RY1,GWM,Haval Jolion,Haval Jolion,HYBRID,,,,,HEV,B,CROSSOVER,VOLUME,HEV,MASS,204.0,HAVAL JOLION HYBRID
2024-08,RY1,BYD,Atto 3,Atto 3,410KM-DYNAMIC,DYNAMIC,,410.0,,,B,CROSSOVER,VOLUME,BEV,MASS,204.0,BYD BYD ATTO3 (410KM-DYNAMIC)
2025-07,RY1,Geely,Geely EX5,Geely EX5,,,,,,,C,CROSSOVER,VOLUME,BEV,MASS,204.0,GEELY EX5
2024-04,RY1,BYD,Atto 3,Atto 3,,,,,,,B,CROSSOVER,VOLUME,BEV,MASS,202.0,BYD BYD ATTO 3
2022-10,RY1,GWM,Haval Jolion,Haval Jolion,HYBRID,,,,,HEV,B,CROSSOVER,VOLUME,HEV,MASS,201.0,HAVAL JOLION HYBRID
2023-03,RY1,GWM,Haval H6,Haval H6,PLUG-IN HYBRID,,,,,PHEV,C,CROSSOVER,UPPER,MIXED,MASS,201.0,HAVAL H6 PLUG-IN HYBRID
2023-09,RY1,MG,MG ZS,MG ZS,,,,,,,B,CROSSOVER,VOLUME,ICE,MASS,201.0,MG ZS
2025-09,RY1,Jaecoo,Jaecoo 6 EV,Jaecoo 6 EV,Long Range 4WD,LONG RANGE,4WD,,,,B,CROSSOVER,VOLUME,BEV,MASS,201.0,JAECOO 6 EV Long Range 4WD
2023-07,RY1,MG,MG ES,MG ES,,,,,,,C,CROSSOVER,VOLUME,BEV,MASS,200.0,MG ES
2023-08,RY1,MG,MG Maxus 9,MG Maxus 9,,,,,,,E,MPV,LUXURY,BEV,MASS,198.0,MG MAXUS 9
2025-10,RY1,MG,MG IM6,MG IM6,,,,,,,D,CROSSOVER,LUXURY,BEV,MASS,196.0,MG IM6
2024-03,RY1,Tesla,Model 3,Model 3,LONG RANGE,LONG RANGE,,,,,D,SEDAN,MIXED,BEV,PREMIUM_TECH,195.0,TESLA MODEL 3 LONG RANGE
2025-09,RY1,Deepal,Deepal S05,Deepal S05,REEV MAX,MAX,,,,REEV,B,CROSSOVER,VOLUME,MIXED,MASS,195.0,DEEPAL S05 REEV MAX
2025-11,RY1,BYD,Seal,Seal,5 DM-i PREMIUM,PREMIUM,,,,PHEV,D,SEDAN,UPPER,BEV,MASS,195.0,BYD BYD SEAL 5 DM-i PREMIUM
2024-04,RY1,GWM,Haval Jolion,Haval Jolion,HYBRID,,,,,HEV,B,CROSSOVER,VOLUME,HEV,MASS,194.0,HAVAL JOLION HYBRID
2025-05,RY1,BYD,BYD M6,BYD M6,EXTENDED,,,,,,C,MPV,VOLUME,BEV,MASS,194.0,BYD BYD M6 EXTENDED
2025-08,RY1,Neta,Neta V,Neta V,,,,,,,A,CROSSOVER,VOLUME,BEV,BUDGET,194.0,NETA NETA V-II
2025-09,RY1,Geely,Geely EX5,Geely EX5,,,,,,,C,CROSSOVER,VOLUME,BEV,MASS,194.0,GEELY EX5
2025-06,RY1,MG,MG5,MG5,,,,,,,C,SEDAN,VOLUME,ICE,MASS,193.0,MG MG5
2025-08,RY1,BYD,Sealion 7,Sealion 7,RWD,,RWD,,,,D,CROSSOVER,UPPER,BEV,MASS,193.0,BYD BYD SEALION 7 RWD
2024-07,RY1,GWM,Haval Jolion,Haval Jolion,HYBRID,,,,,HEV,B,CROSSOVER,VOLUME,HEV,MASS,192.0,HAVAL JOLION HYBRID
2025-03,RY1,Neta,Neta V,Neta V,,,,,,,A,CROSSOVER,VOLUME,BEV,BUDGET,192.0,NETA NETA V-II
2024-02,RY1,Deepal,Deepal S07,Deepal S07,,,,,,,C,CROSSOVER,UPPER,BEV,MASS,191.0,DEEPAL S07
2024-05,RY1,BYD,Dolphin,Dolphin,EXD,,,,,,B,HATCHBACK,VOLUME,BEV,MASS,191.0,BYD BYD DOLPHIN EXD
2025-02,RY1,Neta,Neta V,Neta V,,,,,,,A,CROSSOVER,VOLUME,BEV,BUDGET,191.0,NETA NETA V-II
2024-07,RY1,BYD,Atto 3,Atto 3,480KM-EXT,EXT,,480.0,,,B,CROSSOVER,VOLUME,BEV,MASS,190.0,BYD BYD ATTO3 (480KM-EXT)
2025-03,RY1,Aion,Aion Y Plus,Aion Y Plus,,,,,,,B,CROSSOVER,VOLUME,BEV,MASS,190.0,AION AION Y PLUS
2023-04,RY1,BYD,Atto 3,Atto 3,410KM,,,410.0,,,B,CROSSOVER,VOLUME,BEV,MASS,189.0,BYD BYD ATTO 3 (410KM)
2023-10,RY1,BYD,Atto 3,Atto 3,410KM,,,410.0,,,B,CROSSOVER,VOLUME,BEV,MASS,189.0,BYD BYD ATTO 3 (410KM)
2024-12,RY1,Aion,Aion Y Plus,Aion Y Plus,,,,,,,B,CROSSOVER,VOLUME,BEV,MASS,189.0,AION AION Y PLUS
2023-04,RY1,GWM,Haval Jolion,Haval Jolion,HYBRID,,,,,HEV,B,CROSSOVER,VOLUME,HEV,MASS,188.0,HAVAL JOLION HYBRID
2025-05,RY1,Aion,Aion Y Plus,Aion Y Plus,,,,,,,B,CROSSOVER,VOLUME,BEV,MASS,188.0,AION AION Y PLUS
2022-01,RY1,MG,MG3,MG3,NEW,,,,,,B,HATCHBACK,VOLUME,HEV,MASS,187.0,MG NEW MG3
2023-05,RY1,MG,MG VS HEV,MG VS HEV,,,,,,,B,CROSSOVER,VOLUME,HEV,MASS,187.0,MG VS HEV
2024-05,RY1,GWM,Ora Good Cat,Ora Good Cat,,,,,,,B,HATCHBACK,VOLUME,BEV,MASS,187.0,ORA GOOD CAT
2025-02,RY1,Zeekr,Zeekr 009,Zeekr 009,,,,,,,E,MPV,LUXURY,BEV,PREMIUM_TECH,187.0,ZEEKR ZEEKR 009
2022-09,RY1,MG,MG HS,MG HS,PHEV,,,,,PHEV,C,CROSSOVER,MIXED,MIXED,MASS,186.0,MG HS PHEV
2025-10,RY1,Deepal,Deepal S05,Deepal S05,REEV MAX,MAX,,,,REEV,B,CROSSOVER,VOLUME,MIXED,MASS,186.0,DEEPAL S05 REEV MAX
2022-12,RY1,GWM,Haval H6,Haval H6,HEV ULTRA,ULTRA,,,,HEV,C,CROSSOVER,UPPER,MIXED,MASS,185.0,HAVAL H6 HEV ULTRA
2023-12,RY1,GWM,Haval H6,Haval H6,HEV ULTRA,ULTRA,,,,HEV,C,CROSSOVER,UPPER,MIXED,MASS,185.0,HAVAL H6 HEV ULTRA
2024-12,RY1,Tesla,Model 3,Model 3,Rear-Wheel Drive,,,,,,D,SEDAN,MIXED,BEV,PREMIUM_TECH,184.0,TESLA Model 3 Rear-Wheel Drive
2025-04,RY1,BYD,Sealion 7,Sealion 7,RWD,,RWD,,,,D,CROSSOVER,UPPER,BEV,MASS,184.0,BYD BYD SEALION 7 RWD
2025-06,RY1,Aion,Aion Y Plus,Aion Y Plus,,,,,,,B,CROSSOVER,VOLUME,BEV,MASS,184.0,AION AION Y PLUS
2022-05,RY1,MG,MG HS,MG HS,,,,,,,C,CROSSOVER,MIXED,MIXED,MASS,183.0,MG HS
2025-06,RY1,BYD,Sealion 6 DM-i,Sealion 6 DM-i,DYNAMIC,DYNAMIC,,,,,C,CROSSOVER,VOLUME,PHEV,MASS,183.0,BYD BYD SEALION 6 DM-i DYNAMIC
2025-10,RY1,BYD,Sealion 6 DM-i,Sealion 6 DM-i,PREMIUM,PREMIUM,,,,,C,CROSSOVER,VOLUME,PHEV,MASS,183.0,BYD BYD SEALION 6 DM-i PREMIUM
2022-07,RY1,MG,MG EP,MG EP,,,,,,,B,WAGON,VOLUME,BEV,MASS,182.0,MG EP
2023-10,RY1,MG,MG ZS,MG ZS,,,,,,,B,CROSSOVER,VOLUME,ICE,MASS,182.0,MG ZS
2025-08,RY1,Jaecoo,Jaecoo 6 EV,Jaecoo 6 EV,Long Range 4WD,LONG RANGE,4WD,,,,B,CROSSOVER,VOLUME,BEV,MASS,182.0,JAECOO 6 EV Long Range 4WD
2022-10,RY1,MG,MG Extender,MG Extender Double Cab,,,,,,,F,PICKUP,VOLUME,ICE,MASS,181.0,MG MG EXTENDER
2023-11,RY1,MG,MG VS HEV,MG VS HEV,,,,,,,B,CROSSOVER,VOLUME,HEV,MASS,181.0,MG VS HEV
2024-08,RY1,GWM,Haval Jolion,Haval Jolion,HYBRID,,,,,HEV,B,CROSSOVER,VOLUME,HEV,MASS,181.0,HAVAL JOLION HYBRID
2025-04,RY1,Deepal,Deepal S07,Deepal S07,,,,,,,C,CROSSOVER,UPPER,BEV,MASS,181.0,DEEPAL S07
2025-11,RY1,Geely,Geely EX5,Geely EX5,,,,,,,C,CROSSOVER,VOLUME,BEV,MASS,181.0,GEELY EX5
2025-03,RY1,BYD,Sealion 6 DM-i,Sealion 6 DM-i,DYNAMIC,DYNAMIC,,,,,C,CROSSOVER,VOLUME,PHEV,MASS,180.0,BYD BYD SEALION 6 DM-i DYNAMIC
2025-08,RY1,Tesla,Model Y,Model Y,Rear-Wheel Drive,,,,,,D,CROSSOVER,MIXED,BEV,PREMIUM_TECH,180.0,TESLA Model Y Rear-Wheel Drive
2024-01,RY1,Aion,Aion Y Plus,Aion Y Plus,,,,,,,B,CROSSOVER,VOLUME,BEV,MASS,179.0,AION AION Y PLUS
2024-05,RY1,Tesla,Model 3,Model 3,Rear-Wheel Drive,,,,,,D,SEDAN,MIXED,BEV,PREMIUM_TECH,179.0,TESLA Model 3 Rear-Wheel Drive
2025-01,RY1,BYD,Seal,Seal,EXD RWD,,RWD,,,,D,SEDAN,UPPER,BEV,MASS,178.0,BYD BYD SEAL EXD RWD
2025-07,RY1,Aion,Aion Y Plus,Aion Y Plus,,,,,,,B,CROSSOVER,VOLUME,BEV,MASS,178.0,AION AION Y PLUS
2024-03,RY1,BYD,Dolphin,Dolphin,EXD,,,,,,B,HATCHBACK,VOLUME,BEV,MASS,177.0,BYD BYD DOLPHIN EXD
2023-06,RY1,Tesla,Model 3,Model 3,LONG RANGE,LONG RANGE,,,,,D,SEDAN,MIXED,BEV,PREMIUM_TECH,176.0,TESLA MODEL 3 LONG RANGE
2025-04,RY1,Aion,Aion Y Plus,Aion Y Plus,,,,,,,B,CROSSOVER,VOLUME,BEV,MASS,175.0,AION AION Y PLUS
2025-12,RY1,Tesla,Model Y,Model Y,Rear-Wheel Drive,,,,,,D,CROSSOVER,MIXED,BEV,PREMIUM_TECH,175.0,TESLA Model Y Rear-Wheel Drive
2024-09,RY1,BYD,Dolphin,Dolphin,EXD,,,,,,B,HATCHBACK,VOLUME,BEV,MASS,174.0,BYD BYD DOLPHIN EXD
2024-09,RY1,BYD,Dolphin,Dolphin,STD,STD,,,,,B,HATCHBACK,VOLUME,BEV,MASS,174.0,BYD BYD DOLPHIN STD
2025-02,RY1,Deepal,Deepal S07,Deepal S07,,,,,,,C,CROSSOVER,UPPER,BEV,MASS,173.0,DEEPAL S07
2022-02,RY1,MG,MG Extender,MG Extender Double Cab,,,,,,,F,PICKUP,VOLUME,ICE,MASS,172.0,MG MG EXTENDER
2023-06,RY1,Tesla,Model 3,Model 3,Rear-Wheel Drive,,,,,,D,SEDAN,MIXED,BEV,PREMIUM_TECH,172.0,TESLA Model 3 Rear-Wheel Drive
2025-09,RY1,Tesla,Model Y,Model Y,LONG RANGE,LONG RANGE,,,,,D,CROSSOVER,MIXED,BEV,PREMIUM_TECH,172.0,TESLA MODEL Y LONG RANGE
2022-07,RY1,GWM,Haval Jolion,Haval Jolion,HYBRID,,,,,HEV,B,CROSSOVER,VOLUME,HEV,MASS,170.0,HAVAL JOLION HYBRID
2025-01,RY1,GWM,Haval Jolion,Haval Jolion,HYBRID,,,,,HEV,B,CROSSOVER,VOLUME,HEV,MASS,170.0,HAVAL JOLION HYBRID
2025-05,RY1,MG,MG5,MG5,,,,,,,C,SEDAN,VOLUME,ICE,MASS,170.0,MG MG5
2025-06,RY1,Jaecoo,Jaecoo 6 EV,Jaecoo 6 EV,Long Range 4WD,LONG RANGE,4WD,,,,B,CROSSOVER,VOLUME,BEV,MASS,170.0,JAECOO 6 EV Long Range 4WD
2025-07,RY1,Aion,Aion V,Aion V,602 LUXURY,LUXURY,,602.0,,,C,CROSSOVER,UPPER,BEV,MASS,170.0,AION AION V 602 LUXURY
2024-03,RY1,GWM,Ora Good Cat,Ora Good Cat,,,,,,,B,HATCHBACK,VOLUME,BEV,MASS,169.0,ORA GOOD CAT
2024-04,RY1,GWM,Ora Good Cat,Ora Good Cat,,,,,,,B,HATCHBACK,VOLUME,BEV,MASS,169.0,ORA GOOD CAT
2024-06,RY1,BYD,Dolphin,Dolphin,EXD,,,,,,B,HATCHBACK,VOLUME,BEV,MASS,169.0,BYD BYD DOLPHIN EXD
2026-01,RY1,BYD,Seal,Seal,5 DM-i PREMIUM,PREMIUM,,,,PHEV,D,SEDAN,UPPER,BEV,MASS,168.0,BYD BYD SEAL 5 DM-i PREMIUM
2022-11,RY1,MG,MG Extender,MG Extender Double Cab,,,,,,,F,PICKUP,VOLUME,ICE,MASS,168.0,MG MG EXTENDER
2023-02,RY1,MG,MG VS HEV,MG VS HEV,,,,,,,B,CROSSOVER,VOLUME,HEV,MASS,168.0,MG VS HEV
2024-01,RY1,MG,MG ZS EV,MG ZS EV,,,,,,,B,CROSSOVER,VOLUME,BEV,MASS,168.0,MG ZS EV
2024-11,RY1,MG,MG5,MG5,,,,,,,C,SEDAN,VOLUME,ICE,MASS,168.0,MG MG5
2025-02,RY1,Denza,Denza D9,Denza D9,FWD,,FWD,,,,E,MPV,LUXURY,MIXED,PREMIUM_LUXURY,167.0,DENZA DENZA D9 FWD
2025-09,RY1,MG,MG5,MG5,,,,,,,C,SEDAN,VOLUME,ICE,MASS,167.0,MG MG5
2025-12,RY1,Geely,Geely EX5,Geely EX5,,,,,,,C,CROSSOVER,VOLUME,BEV,MASS,167.0,GEELY EX5
2024-07,RY1,GWM,Ora Good Cat,Ora Good Cat,,,,,,,B,HATCHBACK,VOLUME,BEV,MASS,166.0,ORA GOOD CAT
2023-07,RY1,GWM,Haval H6,Haval H6,HEV ULTRA,ULTRA,,,,HEV,C,CROSSOVER,UPPER,MIXED,MASS,165.0,HAVAL H6 HEV ULTRA
2025-03,RY1,Changan,Changan Lumin,Changan Lumin,L DC,,,,,,A,HATCHBACK,ENTRY,BEV,MASS,165.0,CHANGAN LUMIN L DC
2025-06,RY3,BYD,BYD T3,BYD T3,,,,,,,UNKNOWN,VAN,VOLUME,BEV,MASS,165.0,BYD T3
2025-09,RY1,Aion,Aion Y Plus,Aion Y Plus,,,,,,,B,CROSSOVER,VOLUME,BEV,MASS,165.0,AION AION Y PLUS
2025-12,RY1,BYD,Sealion 7,Sealion 7,AWD,,AWD,,,,D,CROSSOVER,UPPER,BEV,MASS,165.0,BYD BYD SEALION 7 AWD
2022-03,RY1,MG,MG HS,MG HS,PHEV,,,,,PHEV,C,CROSSOVER,MIXED,MIXED,MASS,164.0,MG HS PHEV
2022-08,RY1,GWM,Haval Jolion,Haval Jolion,HYBRID,,,,,HEV,B,CROSSOVER,VOLUME,HEV,MASS,164.0,HAVAL JOLION HYBRID
2022-12,RY1,GWM,Haval Jolion,Haval Jolion,HYBRID,,,,,HEV,B,CROSSOVER,VOLUME,HEV,MASS,164.0,HAVAL JOLION HYBRID
2023-12,RY1,GWM,Haval Jolion,Haval Jolion,HYBRID,,,,,HEV,B,CROSSOVER,VOLUME,HEV,MASS,164.0,HAVAL JOLION HYBRID
2024-06,RY1,Tesla,Model 3,Model 3,PERFORMANCE,PERFORMANCE,,,,,D,SEDAN,MIXED,BEV,PREMIUM_TECH,164.0,TESLA Model 3 Performance
2024-09,RY1,Tesla,Model 3,Model 3,Rear-Wheel Drive,,,,,,D,SEDAN,MIXED,BEV,PREMIUM_TECH,164.0,TESLA Model 3 Rear-Wheel Drive
2024-10,RY1,BYD,Atto 3,Atto 3,480KM-EXT,EXT,,480.0,,,B,CROSSOVER,VOLUME,BEV,MASS,164.0,BYD BYD ATTO3 (480KM-EXT)
2022-07,RY1,MG,MG Extender,MG Extender Double Cab,,,,,,,F,PICKUP,VOLUME,ICE,MASS,163.0,MG MG EXTENDER
2023-11,RY1,MG,MG ZS,MG ZS,,,,,,,B,CROSSOVER,VOLUME,ICE,MASS,162.0,MG ZS
2024-03,RY1,BYD,Seal,Seal,EXD RWD,,RWD,,,,D,SEDAN,UPPER,BEV,MASS,162.0,BYD BYD SEAL EXD RWD
2023-03,RY1,MG,MG VS HEV,MG VS HEV,,,,,,,B,CROSSOVER,VOLUME,HEV,MASS,161.0,MG VS HEV
2025-04,RY1,Aion,Hyptec HT,Hyptec HT,620 PREMIUM,PREMIUM,,620.0,,,D,CROSSOVER,UPPER,BEV,MASS,161.0,AION HYPTEC HT 620 PREMIUM
2025-08,RY1,Geely,Geely EX5,Geely EX5,,,,,,,C,CROSSOVER,VOLUME,BEV,MASS,161.0,GEELY EX5
2025-11,RY1,BYD,Sealion 6 DM-i,Sealion 6 DM-i,PREMIUM,PREMIUM,,,,,C,CROSSOVER,VOLUME,PHEV,MASS,161.0,BYD BYD SEALION 6 DM-i PREMIUM
2022-04,RY1,MG,MG Extender,MG Extender Double Cab,,,,,,,F,PICKUP,VOLUME,ICE,MASS,160.0,MG MG EXTENDER
2022-11,RY1,MG,MG HS,MG HS,PHEV,,,,,PHEV,C,CROSSOVER,MIXED,MIXED,MASS,160.0,MG HS PHEV
2023-01,RY1,MG,MG EP,MG EP,,,,,,,B,WAGON,VOLUME,BEV,MASS,160.0,MG EP
2024-02,RY1,MG,MG ZS,MG ZS,,,,,,,B,CROSSOVER,VOLUME,ICE,MASS,159.0,MG ZS
2024-06,RY1,Tesla,Model 3,Model 3,LONG RANGE,LONG RANGE,,,,,D,SEDAN,MIXED,BEV,PREMIUM_TECH,159.0,TESLA MODEL 3 LONG RANGE
2025-07,RY1,Jaecoo,Jaecoo 6 EV,Jaecoo 6 EV,Long Range 4WD,LONG RANGE,4WD,,,,B,CROSSOVER,VOLUME,BEV,MASS,159.0,JAECOO 6 EV Long Range 4WD
2025-07,RY1,Zeekr,Zeekr 009,Zeekr 009,,,,,,,E,MPV,LUXURY,BEV,PREMIUM_TECH,159.0,ZEEKR ZEEKR 009
2022-04,RY1,GWM,Ora Good Cat,Ora Good Cat,,,,,,,B,HATCHBACK,VOLUME,BEV,MASS,157.0,ORA GOOD CAT
2023-01,RY1,MG,MG VS HEV,MG VS HEV,,,,,,,B,CROSSOVER,VOLUME,HEV,MASS,157.0,MG VS HEV
2024-07,RY1,BYD,Atto 3,Atto 3,410KM-PREMIUM,PREMIUM,,410.0,,,B,CROSSOVER,VOLUME,BEV,MASS,157.0,BYD BYD ATTO3 (410KM-PREMIUM)
2025-11,RY1,BYD,Sealion 7,Sealion 7,AWD,,AWD,,,,D,CROSSOVER,UPPER,BEV,MASS,157.0,BYD BYD SEALION 7 AWD
2025-05,RY1,Neta,Neta V,Neta V,,,,,,,A,CROSSOVER,VOLUME,BEV,BUDGET,156.0,NETA NETA V-II
2025-07,RY1,Denza,Denza D9,Denza D9,FWD,,FWD,,,,E,MPV,LUXURY,MIXED,PREMIUM_LUXURY,156.0,DENZA DENZA D9 FWD
2023-03,RY1,MG,MG ZS EV,MG ZS EV,,,,,,,B,CROSSOVER,VOLUME,BEV,MASS,155.0,MG ZS EV
2023-04,RY1,GWM,Haval H6,Haval H6,HEV ULTRA,ULTRA,,,,HEV,C,CROSSOVER,UPPER,MIXED,MASS,155.0,HAVAL H6 HEV ULTRA
2025-09,RY1,Tesla,Model Y,Model Y,Rear-Wheel Drive,,,,,,D,CROSSOVER,MIXED,BEV,PREMIUM_TECH,155.0,TESLA Model Y Rear-Wheel Drive
2023-06,RY1,MG,MG ES,MG ES,,,,,,,C,CROSSOVER,VOLUME,BEV,MASS,154.0,MG ES
2025-08,RY1,BYD,Atto 3,Atto 3,480KM-EXT,EXT,,480.0,,,B,CROSSOVER,VOLUME,BEV,MASS,154.0,BYD BYD ATTO3 (480KM-EXT)
2025-12,RY1,Changan,Changan Lumin,Changan Lumin,L DC,,,,,,A,HATCHBACK,ENTRY,BEV,MASS,154.0,CHANGAN LUMIN L DC
2022-03,RY3,MG,MG Extender,MG Extender Cab,,,,,,,F,PICKUP,VOLUME,ICE,MASS,153.0,MG MG EXTENDER
2025-03,RY1,MG,MG3,MG3,,,,,,,B,HATCHBACK,VOLUME,HEV,MASS,153.0,MG MG3
2025-07,RY1,MG,MG5,MG5,,,,,,,C,SEDAN,VOLUME,ICE,MASS,153.0,MG MG5
2022-05,RY1,MG,MG HS,MG HS,PHEV,,,,,PHEV,C,CROSSOVER,MIXED,MIXED,MASS,152.0,MG HS PHEV
2023-08,RY1,GWM,Haval H6,Haval H6,HEV ULTRA,ULTRA,,,,HEV,C,CROSSOVER,UPPER,MIXED,MASS,152.0,HAVAL H6 HEV ULTRA
2025-12,RY1,BYD,Sealion 7,Sealion 7,RWD,,RWD,,,,D,CROSSOVER,UPPER,BEV,MASS,152.0,BYD BYD SEALION 7 RWD
2025-12,RY1,Tesla,Model Y,Model Y,LONG RANGE,LONG RANGE,,,,,D,CROSSOVER,MIXED,BEV,PREMIUM_TECH,152.0,TESLA MODEL Y LONG RANGE
2022-08,RY1,MG,MG HS,MG HS,PHEV,,,,,PHEV,C,CROSSOVER,MIXED,MIXED,MASS,150.0,MG HS PHEV
2023-03,RY1,Tesla,Model Y,Model Y,Rear-Wheel Drive,,,,,,D,CROSSOVER,MIXED,BEV,PREMIUM_TECH,150.0,TESLA Model Y Rear-Wheel Drive
2024-01,RY1,MG,MG HS,MG HS,,,,,,,C,CROSSOVER,MIXED,MIXED,MASS,150.0,MG HS
2024-10,RY1,BYD,Atto 3,Atto 3,410KM-DYNAMIC,DYNAMIC,,410.0,,,B,CROSSOVER,VOLUME,BEV,MASS,149.0,BYD BYD ATTO3 (410KM-DYNAMIC)
2025-02,RY1,Aion,Aion Y Plus,Aion Y Plus,,,,,,,B,CROSSOVER,VOLUME,BEV,MASS,149.0,AION AION Y PLUS
2025-12,RY1,Zeekr,Zeekr 009,Zeekr 009,,,,,,,E,MPV,LUXURY,BEV,PREMIUM_TECH,149.0,ZEEKR ZEEKR 009
2025-01,RY1,Chery,Omoda C5,Omoda C5,EV Long Range Ultimate,LONG RANGE,,,,BEV,B,CROSSOVER,VOLUME,BEV,MASS,148.0,OMODA C5 EV Long Range Ultimate
2025-02,RY1,MG,MG3,MG3,,,,,,,B,HATCHBACK,VOLUME,HEV,MASS,148.0,MG MG3
2025-07,RY1,Chery,Omoda C5,Omoda C5,EV Long Range Ultimate,LONG RANGE,,,,BEV,B,CROSSOVER,VOLUME,BEV,MASS,148.0,OMODA C5 EV Long Range Ultimate
2025-11,RY1,MG,MG EP,MG EP,,,,,,,B,WAGON,VOLUME,BEV,MASS,148.0,MG EP
2025-02,RY1,MG,MG5,MG5,,,,,,,C,SEDAN,VOLUME,ICE,MASS,147.0,MG MG5
2025-08,RY1,Aion,Aion Y Plus,Aion Y Plus,,,,,,,B,CROSSOVER,VOLUME,BEV,MASS,147.0,AION AION Y PLUS
2025-09,RY1,Zeekr,Zeekr 009,Zeekr 009,,,,,,,E,MPV,LUXURY,BEV,PREMIUM_TECH,147.0,ZEEKR ZEEKR 009
2022-10,RY1,MG,MG HS,MG HS,PHEV,,,,,PHEV,C,CROSSOVER,MIXED,MIXED,MASS,146.0,MG HS PHEV
2022-11,RY1,MG,MG VS HEV,MG VS HEV,,,,,,,B,CROSSOVER,VOLUME,HEV,MASS,146.0,MG VS HEV
2024-01,RY1,MG,MG VS HEV,MG VS HEV,,,,,,,B,CROSSOVER,VOLUME,HEV,MASS,146.0,MG VS HEV
2025-03,RY1,BYD,BYD M6,BYD M6,EXTENDED,,,,,,C,MPV,VOLUME,BEV,MASS,146.0,BYD BYD M6 EXTENDED
2025-05,RY1,Jaecoo,Jaecoo 6 EV,Jaecoo 6 EV,Long Range 4WD,LONG RANGE,4WD,,,,B,CROSSOVER,VOLUME,BEV,MASS,146.0,JAECOO 6 EV Long Range 4WD
2025-09,RY1,MG,MG IM6,MG IM6,,,,,,,D,CROSSOVER,LUXURY,BEV,MASS,146.0,MG IM6
2022-06,RY1,MG,MG EP,MG EP,,,,,,,B,WAGON,VOLUME,BEV,MASS,145.0,MG EP
2023-02,RY1,GWM,Haval H6,Haval H6,PLUG-IN HYBRID,,,,,PHEV,C,CROSSOVER,UPPER,MIXED,MASS,145.0,HAVAL H6 PLUG-IN HYBRID
2023-05,RY1,MG,MG ZS EV,MG ZS EV,,,,,,,B,CROSSOVER,VOLUME,BEV,MASS,145.0,MG ZS EV
2024-02,RY1,BYD,Dolphin,Dolphin,EXD,,,,,,B,HATCHBACK,VOLUME,BEV,MASS,145.0,BYD BYD DOLPHIN EXD
2024-12,RY1,Jaecoo,Jaecoo 6 EV,Jaecoo 6 EV,Long Range 4WD,LONG RANGE,4WD,,,,B,CROSSOVER,VOLUME,BEV,MASS,145.0,JAECOO 6 EV Long Range 4WD
2025-01,RY1,Deepal,Deepal L07,Deepal L07,,,,,,,D,SEDAN,UPPER,BEV,MASS,145.0,DEEPAL L07
2022-03,RY1,MG,MG3,MG3,NEW,,,,,,B,HATCHBACK,VOLUME,HEV,MASS,144.0,MG NEW MG3
2022-02,RY1,GWM,Ora Good Cat,Ora Good Cat,,,,,,,B,HATCHBACK,VOLUME,BEV,MASS,143.0,ORA GOOD CAT
2025-04,RY1,BYD,BYD M6,BYD M6,EXTENDED,,,,,,C,MPV,VOLUME,BEV,MASS,143.0,BYD BYD M6 EXTENDED
2025-06,RY1,Chery,Omoda C5,Omoda C5,EV Long Range Ultimate,LONG RANGE,,,,BEV,B,CROSSOVER,VOLUME,BEV,MASS,143.0,OMODA C5 EV Long Range Ultimate
2023-05,RY1,Tesla,Model Y,Model Y,Rear-Wheel Drive,,,,,,D,CROSSOVER,MIXED,BEV,PREMIUM_TECH,142.0,TESLA Model Y Rear-Wheel Drive
2024-12,RY1,GWM,Haval Jolion,Haval Jolion,HYBRID,,,,,HEV,B,CROSSOVER,VOLUME,HEV,MASS,142.0,HAVAL JOLION HYBRID
2025-02,RY1,Tesla,Model 3,Model 3,Rear-Wheel Drive,,,,,,D,SEDAN,MIXED,BEV,PREMIUM_TECH,142.0,TESLA Model 3 Rear-Wheel Drive
2025-04,RY1,GWM,Ora Good Cat,Ora Good Cat,07,,,,,,B,HATCHBACK,VOLUME,BEV,MASS,142.0,ORA ORA 07
2025-05,RY1,Chery,Omoda C5,Omoda C5,EV Long Range Ultimate,LONG RANGE,,,,BEV,B,CROSSOVER,VOLUME,BEV,MASS,142.0,OMODA C5 EV Long Range Ultimate
2025-10,RY1,BYD,Sealion 7,Sealion 7,RWD,,RWD,,,,D,CROSSOVER,UPPER,BEV,MASS,142.0,BYD BYD SEALION 7 RWD
2025-12,RY1,BYD,Dolphin,Dolphin,490KM-EXT,EXT,,490.0,,,B,HATCHBACK,VOLUME,BEV,MASS,142.0,BYD BYD DOLPHIN (490KM-EXT)
2025-05,RY1,GWM,Haval Jolion,Haval Jolion,HYBRID,,,,,HEV,B,CROSSOVER,VOLUME,HEV,MASS,141.0,HAVAL JOLION HYBRID
2025-05,RY1,MG,MG3,MG3,,,,,,,B,HATCHBACK,VOLUME,HEV,MASS,141.0,MG MG3
2024-01,RY1,Deepal,Deepal S07,Deepal S07,,,,,,,C,CROSSOVER,UPPER,BEV,MASS,140.0,DEEPAL S07
2024-02,RY1,BYD,Seal,Seal,EXD RWD,,RWD,,,,D,SEDAN,UPPER,BEV,MASS,140.0,BYD BYD SEAL EXD RWD
2024-03,RY1,MG,MG ZS,MG ZS,,,,,,,B,CROSSOVER,VOLUME,ICE,MASS,140.0,MG ZS
2025-01,RY1,BYD,Seal,Seal,EXD AWD,,AWD,,,,D,SEDAN,UPPER,BEV,MASS,140.0,BYD BYD SEAL EXD AWD
2022-06,RY1,MG,MG HS,MG HS,,,,,,,C,CROSSOVER,MIXED,MIXED,MASS,139.0,MG HS
2023-02,RY1,Tesla,Model Y,Model Y,PERFORMANCE,PERFORMANCE,,,,,D,CROSSOVER,MIXED,BEV,PREMIUM_TECH,139.0,TESLA MODEL Y PERFORMANCE
2024-08,RY1,BYD,Atto 3,Atto 3,410KM-PREMIUM,PREMIUM,,410.0,,,B,CROSSOVER,VOLUME,BEV,MASS,139.0,BYD BYD ATTO3 (410KM-PREMIUM)
2024-08,RY1,GWM,Ora Good Cat,Ora Good Cat,,,,,,,B,HATCHBACK,VOLUME,BEV,MASS,139.0,ORA GOOD CAT
2025-04,RY1,MG,MG5,MG5,,,,,,,C,SEDAN,VOLUME,ICE,MASS,139.0,MG MG5
2025-10,RY1,MG,MG3,MG3,,,,,,,B,HATCHBACK,VOLUME,HEV,MASS,139.0,MG MG3
2024-01,RY1,GWM,Haval H6,Haval H6,HEV ULTRA,ULTRA,,,,HEV,C,CROSSOVER,UPPER,MIXED,MASS,138.0,HAVAL H6 HEV ULTRA
2024-08,RY1,Deepal,Deepal L07,Deepal L07,,,,,,,D,SEDAN,UPPER,BEV,MASS,138.0,DEEPAL L07
2024-12,RY1,MG,MG5,MG5,,,,,,,C,SEDAN,VOLUME,ICE,MASS,138.0,MG MG5
2025-08,RY1,Denza,Denza D9,Denza D9,FWD,,FWD,,,,E,MPV,LUXURY,MIXED,PREMIUM_LUXURY,138.0,DENZA DENZA D9 FWD
2024-01,RY1,BYD,Seal,Seal,STD RWD,STD,RWD,,,,D,SEDAN,UPPER,BEV,MASS,137.0,BYD BYD SEAL STD RWD
2024-02,RY1,MG,MG HS,MG HS,,,,,,,C,CROSSOVER,MIXED,MIXED,MASS,137.0,MG HS
2024-12,RY1,BYD,Atto 3,Atto 3,480KM-EXT,EXT,,480.0,,,B,CROSSOVER,VOLUME,BEV,MASS,137.0,BYD BYD ATTO3 (480KM-EXT)
2025-05,RY1,XPeng,XPeng X9,XPeng X9,LONG RANGE,LONG RANGE,,,,,E,MPV,LUXURY,BEV,PREMIUM_TECH,137.0,XPENG X9 LONG RANGE
2023-09,RY1,MG,MG Maxus 9,MG Maxus 9,,,,,,,E,MPV,LUXURY,BEV,MASS,136.0,MG MAXUS 9
2024-12,RY1,BYD,Seal,Seal,EXD RWD,,RWD,,,,D,SEDAN,UPPER,BEV,MASS,136.0,BYD BYD SEAL EXD RWD
2025-01,RY1,Denza,Denza D9,Denza D9,AWD,,AWD,,,,E,MPV,LUXURY,MIXED,PREMIUM_LUXURY,136.0,DENZA DENZA D9 AWD
2025-04,RY1,Zeekr,Zeekr 009,Zeekr 009,,,,,,,E,MPV,LUXURY,BEV,PREMIUM_TECH,136.0,ZEEKR ZEEKR 009
2025-12,RY1,Chery,Chery V23,Chery V23,2WD PLAY,PLAY,2WD,,,,B,SUV,VOLUME,BEV,MASS,136.0,CHERY V23 2WD PLAY
2026-01,RY1,MG,MG EP,MG EP,,,,,,,B,WAGON,VOLUME,BEV,MASS,135.0,MG EP
2026-01,RY1,MG,MG3,MG3,,,,,,,B,HATCHBACK,VOLUME,HEV,MASS,135.0,MG MG3
2025-06,RY1,Aion,Hyptec HT,Hyptec HT,620 PREMIUM,PREMIUM,,620.0,,,D,CROSSOVER,UPPER,BEV,MASS,135.0,AION HYPTEC HT 620 PREMIUM
2025-07,RY1,XPeng,XPeng X9,XPeng X9,LONG RANGE,LONG RANGE,,,,,E,MPV,LUXURY,BEV,PREMIUM_TECH,135.0,XPENG X9 LONG RANGE
2025-10,RY1,Aion,Hyptec HT,Hyptec HT,620 PREMIUM,PREMIUM,,620.0,,,D,CROSSOVER,UPPER,BEV,MASS,135.0,AION HYPTEC HT 620 PREMIUM
2025-10,RY1,MG,MG EP,MG EP,,,,,,,B,WAGON,VOLUME,BEV,MASS,135.0,MG EP
2024-06,RY1,Tesla,Model 3,Model 3,Rear-Wheel Drive,,,,,,D,SEDAN,MIXED,BEV,PREMIUM_TECH,134.0,TESLA Model 3 Rear-Wheel Drive
2022-06,RY1,MG,MG HS,MG HS,PHEV,,,,,PHEV,C,CROSSOVER,MIXED,MIXED,MASS,133.0,MG HS PHEV
2023-02,RY1,MG,MG HS,MG HS,,,,,,,C,CROSSOVER,MIXED,MIXED,MASS,133.0,MG HS
2023-11,RY1,MG,MG ZS EV,MG ZS EV,,,,,,,B,CROSSOVER,VOLUME,BEV,MASS,133.0,MG ZS EV
2024-08,RY1,Tesla,Model 3,Model 3,Rear-Wheel Drive,,,,,,D,SEDAN,MIXED,BEV,PREMIUM_TECH,133.0,TESLA Model 3 Rear-Wheel Drive
2022-03,RY1,GWM,Haval H6,Haval H6,HEV PRO,PRO,,,,HEV,C,CROSSOVER,UPPER,MIXED,MASS,132.0,HAVAL H6 HEV PRO
2023-04,RY1,MG,MG VS HEV,MG VS HEV,,,,,,,B,CROSSOVER,VOLUME,HEV,MASS,132.0,MG VS HEV
2024-04,RY1,BYD,Dolphin,Dolphin,EXD,,,,,,B,HATCHBACK,VOLUME,BEV,MASS,132.0,BYD BYD DOLPHIN EXD
2025-04,RY1,Denza,Denza D9,Denza D9,FWD,,FWD,,,,E,MPV,LUXURY,MIXED,PREMIUM_LUXURY,132.0,DENZA DENZA D9 FWD
2023-08,RY1,Tesla,Model Y,Model Y,Rear-Wheel Drive,,,,,,D,CROSSOVER,MIXED,BEV,PREMIUM_TECH,131.0,TESLA Model Y Rear-Wheel Drive
2024-09,RY1,GWM,Haval Jolion,Haval Jolion,HYBRID,,,,,HEV,B,CROSSOVER,VOLUME,HEV,MASS,131.0,HAVAL JOLION HYBRID
2025-08,RY1,BYD,BYD M6,BYD M6,EXTENDED,,,,,,C,MPV,VOLUME,BEV,MASS,131.0,BYD BYD M6 EXTENDED
2025-11,RY1,Zeekr,Zeekr 009,Zeekr 009,,,,,,,E,MPV,LUXURY,BEV,PREMIUM_TECH,131.0,ZEEKR ZEEKR 009
2024-10,RY1,GWM,Haval Jolion,Haval Jolion,HYBRID,,,,,HEV,B,CROSSOVER,VOLUME,HEV,MASS,130.0,HAVAL JOLION HYBRID
2024-12,RY1,MG,MG3,MG3,,,,,,,B,HATCHBACK,VOLUME,HEV,MASS,130.0,MG MG3
2022-02,RY1,MG,MG3,MG3,NEW,,,,,,B,HATCHBACK,VOLUME,HEV,MASS,129.0,MG NEW MG3
2023-01,RY1,BYD,Atto 3,Atto 3,410KM,,,410.0,,,B,CROSSOVER,VOLUME,BEV,MASS,129.0,BYD BYD ATTO 3 (410KM)
2024-04,RY1,GWM,Ora Good Cat,Ora Good Cat,07,,,,,,B,HATCHBACK,VOLUME,BEV,MASS,129.0,ORA ORA 07
2025-07,RY1,BYD,BYD M6,BYD M6,EXTENDED,,,,,,C,MPV,VOLUME,BEV,MASS,129.0,BYD BYD M6 EXTENDED
2025-07,RY1,MG,MG3,MG3,,,,,,,B,HATCHBACK,VOLUME,HEV,MASS,129.0,MG MG3
2025-08,RY1,MG,MG5,MG5,,,,,,,C,SEDAN,VOLUME,ICE,MASS,129.0,MG MG5
2025-09,RY1,BYD,Sealion 7,Sealion 7,RWD,,RWD,,,,D,CROSSOVER,UPPER,BEV,MASS,129.0,BYD BYD SEALION 7 RWD
2025-11,RY1,Aion,Aion UT,Aion UT,500 PREMIUM,PREMIUM,,500.0,,,B,HATCHBACK,MIXED,BEV,MASS,129.0,AION AION UT 500 PREMIUM
2023-11,RY1,Tesla,Model Y,Model Y,Rear-Wheel Drive,,,,,,D,CROSSOVER,MIXED,BEV,PREMIUM_TECH,128.0,TESLA Model Y Rear-Wheel Drive
2025-03,RY1,Tesla,Model 3,Model 3,Rear-Wheel Drive,,,,,,D,SEDAN,MIXED,BEV,PREMIUM_TECH,128.0,TESLA Model 3 Rear-Wheel Drive
2025-09,RY1,BYD,Atto 3,Atto 3,480KM-EXT,EXT,,480.0,,,B,CROSSOVER,VOLUME,BEV,MASS,128.0,BYD BYD ATTO3 (480KM-EXT)
2026-01,RY1,Jaecoo,Jaecoo 6 EV,Jaecoo 6 EV,Long Range 2WD,LONG RANGE,2WD,,,,B,CROSSOVER,VOLUME,BEV,MASS,127.0,JAECOO 6 EV Long Range 2WD
2026-01,RY1,MG,MG5,MG5,,,,,,,C,SEDAN,VOLUME,ICE,MASS,127.0,MG MG5
2022-08,RY1,MG,MG HS,MG HS,,,,,,,C,CROSSOVER,MIXED,MIXED,MASS,127.0,MG HS
2023-03,RY1,BYD,Atto 3,Atto 3,410KM,,,410.0,,,B,CROSSOVER,VOLUME,BEV,MASS,127.0,BYD BYD ATTO 3 (410KM)
2024-06,RY1,BYD,Seal,Seal,EXD RWD,,RWD,,,,D,SEDAN,UPPER,BEV,MASS,127.0,BYD BYD SEAL EXD RWD
2026-01,RY1,Chery,Omoda C5,Omoda C5,EV Long Range Max,LONG RANGE MAX,,,,BEV,B,CROSSOVER,VOLUME,BEV,MASS,126.0,OMODA C5 EV Long Range Max
2023-02,RY1,MG,MG HS,MG HS,PHEV,,,,,PHEV,C,CROSSOVER,MIXED,MIXED,MASS,126.0,MG HS PHEV
2023-05,RY1,Tesla,Model 3,Model 3,LONG RANGE,LONG RANGE,,,,,D,SEDAN,MIXED,BEV,PREMIUM_TECH,126.0,TESLA MODEL 3 LONG RANGE
2024-10,RY1,MG,MG ZS EV,MG ZS EV,,,,,,,B,CROSSOVER,VOLUME,BEV,MASS,126.0,MG ZS EV
2025-09,RY1,Aion,Aion V,Aion V,602 LUXURY,LUXURY,,602.0,,,C,CROSSOVER,UPPER,BEV,MASS,126.0,AION AION V 602 LUXURY
2026-01,RY1,BYD,Sealion 6 DM-i,Sealion 6 DM-i,DYNAMIC,DYNAMIC,,,,,C,CROSSOVER,VOLUME,PHEV,MASS,125.0,BYD BYD SEALION 6 DM-i DYNAMIC
2022-02,RY1,MG,MG HS,MG HS,PHEV,,,,,PHEV,C,CROSSOVER,MIXED,MIXED,MASS,125.0,MG HS PHEV
2023-03,RY1,Tesla,Model 3,Model 3,PERFORMANCE,PERFORMANCE,,,,,D,SEDAN,MIXED,BEV,PREMIUM_TECH,125.0,TESLA Model 3 Performance
2023-09,RY1,Tesla,Model Y,Model Y,LONG RANGE,LONG RANGE,,,,,D,CROSSOVER,MIXED,BEV,PREMIUM_TECH,125.0,TESLA MODEL Y LONG RANGE
2023-11,RY1,GWM,Haval H6,Haval H6,HEV ULTRA,ULTRA,,,,HEV,C,CROSSOVER,UPPER,MIXED,MASS,125.0,HAVAL H6 HEV ULTRA
2024-09,RY1,GWM,Ora Good Cat,Ora Good Cat,,,,,,,B,HATCHBACK,VOLUME,BEV,MASS,125.0,ORA GOOD CAT
2025-02,RY1,BYD,BYD M6,BYD M6,EXTENDED,,,,,,C,MPV,VOLUME,BEV,MASS,125.0,BYD BYD M6 EXTENDED
2025-08,RY1,Aion,Aion V,Aion V,602 LUXURY,LUXURY,,602.0,,,C,CROSSOVER,UPPER,BEV,MASS,125.0,AION AION V 602 LUXURY
2025-09,RY1,Neta,Neta V,Neta V,,,,,,,A,CROSSOVER,VOLUME,BEV,BUDGET,125.0,NETA NETA V-II
2026-01,RY1,GWM,Tank 500,Tank 500,,,,,,,E,PPV,LUXURY,HEV,MASS,124.0,GWM GWM TANK 500
2022-09,RY1,MG,MG HS,MG HS,,,,,,,C,CROSSOVER,MIXED,MIXED,MASS,124.0,MG HS
2025-01,RY1,Zeekr,Zeekr 009,Zeekr 009,,,,,,,E,MPV,LUXURY,BEV,PREMIUM_TECH,124.0,ZEEKR ZEEKR 009
2025-06,RY1,Neta,Neta X,Neta X,,,,,,,B,CROSSOVER,VOLUME,BEV,BUDGET,124.0,NETA NETA X
2025-09,RY1,Jaecoo,Jaecoo 7,Jaecoo 7,Max,MAX,,,,,C,CROSSOVER,UPPER,PHEV,MASS,124.0,JAECOO 7 SHS Max
2023-08,RY1,GWM,Haval H6,Haval H6,PLUG-IN HYBRID,,,,,PHEV,C,CROSSOVER,UPPER,MIXED,MASS,123.0,HAVAL H6 PLUG-IN HYBRID
2023-11,RY1,MG,MG Maxus 9,MG Maxus 9,,,,,,,E,MPV,LUXURY,BEV,MASS,123.0,MG MAXUS 9
2025-06,RY1,GWM,Haval Jolion,Haval Jolion,HYBRID,,,,,HEV,B,CROSSOVER,VOLUME,HEV,MASS,123.0,HAVAL JOLION HYBRID
2025-08,RY1,Tesla,Model Y,Model Y,LONG RANGE,LONG RANGE,,,,,D,CROSSOVER,MIXED,BEV,PREMIUM_TECH,123.0,TESLA MODEL Y LONG RANGE
2025-11,RY1,Neta,Neta V,Neta V,,,,,,,A,CROSSOVER,VOLUME,BEV,BUDGET,123.0,NETA NETA V-II
2023-08,RY1,MG,MG ES,MG ES,,,,,,,C,CROSSOVER,VOLUME,BEV,MASS,122.0,MG ES
2024-12,RY1,BYD,BYD M6,BYD M6,EXTENDED,,,,,,C,MPV,VOLUME,BEV,MASS,122.0,BYD BYD M6 EXTENDED
2022-01,RY3,MG,MG Extender,MG Extender Cab,,,,,,,F,PICKUP,VOLUME,ICE,MASS,121.0,MG MG EXTENDER
2023-09,RY1,GWM,Haval H6,Haval H6,HEV ULTRA,ULTRA,,,,HEV,C,CROSSOVER,UPPER,MIXED,MASS,121.0,HAVAL H6 HEV ULTRA
2024-06,RY1,MG,MG ZS,MG ZS,,,,,,,B,CROSSOVER,VOLUME,ICE,MASS,121.0,MG ZS
2024-11,RY1,BYD,Seal,Seal,EXD RWD,,RWD,,,,D,SEDAN,UPPER,BEV,MASS,121.0,BYD BYD SEAL EXD RWD
2025-02,RY1,GWM,Haval Jolion,Haval Jolion,HYBRID,,,,,HEV,B,CROSSOVER,VOLUME,HEV,MASS,121.0,HAVAL JOLION HYBRID
2025-06,RY1,XPeng,XPeng X9,XPeng X9,LONG RANGE,LONG RANGE,,,,,E,MPV,LUXURY,BEV,PREMIUM_TECH,121.0,XPENG X9 LONG RANGE
2026-01,RY1,GWM,Haval H6,Haval H6,PLUG-IN HYBRID,,,,,PHEV,C,CROSSOVER,UPPER,MIXED,MASS,120.0,HAVAL H6 PLUG-IN HYBRID
2022-01,RY1,MG,MG EP,MG EP,,,,,,,B,WAGON,VOLUME,BEV,MASS,120.0,MG EP
2024-03,RY1,GWM,Ora Good Cat,Ora Good Cat,07,,,,,,B,HATCHBACK,VOLUME,BEV,MASS,120.0,ORA ORA 07
2024-11,RY1,BYD,Atto 3,Atto 3,480KM-EXT,EXT,,480.0,,,B,CROSSOVER,VOLUME,BEV,MASS,120.0,BYD BYD ATTO3 (480KM-EXT)
2024-11,RY1,BYD,Dolphin,Dolphin,490KM-EXT,EXT,,490.0,,,B,HATCHBACK,VOLUME,BEV,MASS,120.0,BYD BYD DOLPHIN (490KM-EXT)
2025-09,RY1,BYD,Dolphin,Dolphin,490KM-EXT,EXT,,490.0,,,B,HATCHBACK,VOLUME,BEV,MASS,120.0,BYD BYD DOLPHIN (490KM-EXT)
2023-05,RY1,MG,MG ES,MG ES,,,,,,,C,CROSSOVER,VOLUME,BEV,MASS,119.0,MG ES
2025-06,RY1,MG,MG3,MG3,,,,,,,B,HATCHBACK,VOLUME,HEV,MASS,118.0,MG MG3
2025-10,RY1,Zeekr,Zeekr 009,Zeekr 009,,,,,,,E,MPV,LUXURY,BEV,PREMIUM_TECH,118.0,ZEEKR ZEEKR 009
2023-01,RY1,MG,MG HS,MG HS,PHEV,,,,,PHEV,C,CROSSOVER,MIXED,MIXED,MASS,117.0,MG HS PHEV
2023-07,RY1,MG,MG Maxus 9,MG Maxus 9,,,,,,,E,MPV,LUXURY,BEV,MASS,117.0,MG MAXUS 9
2024-01,RY1,MG,MG Maxus 9,MG Maxus 9,,,,,,,E,MPV,LUXURY,BEV,MASS,117.0,MG MAXUS 9
2023-07,RY1,Tesla,Model Y,Model Y,LONG RANGE,LONG RANGE,,,,,D,CROSSOVER,MIXED,BEV,PREMIUM_TECH,116.0,TESLA MODEL Y LONG RANGE
2026-01,RY1,MG,MG ZS EV,MG ZS EV,,,,,,,B,CROSSOVER,VOLUME,BEV,MASS,115.0,MG ZS EV
2024-07,RY1,MG,MG ZS,MG ZS,,,,,,,B,CROSSOVER,VOLUME,ICE,MASS,115.0,MG ZS
2025-08,RY1,Tesla,Model 3,Model 3,Rear-Wheel Drive,,,,,,D,SEDAN,MIXED,BEV,PREMIUM_TECH,115.0,TESLA Model 3 Rear-Wheel Drive
2025-11,RY1,Zeekr,Zeekr X,Zeekr X,7X,,,,,,B,CROSSOVER,UPPER,BEV,PREMIUM_TECH,115.0,ZEEKR ZEEKR 7X
2022-12,RY1,MG,MG Extender,MG Extender Double Cab,,,,,,,F,PICKUP,VOLUME,ICE,MASS,114.0,MG MG EXTENDER
2023-09,RY1,MG,MG ES,MG ES,,,,,,,C,CROSSOVER,VOLUME,BEV,MASS,114.0,MG ES
2023-12,RY1,MG,MG Extender,MG Extender Double Cab,,,,,,,F,PICKUP,VOLUME,ICE,MASS,114.0,MG MG EXTENDER
2025-01,RY1,MG,MG HS,MG HS,PHEV,,,,,PHEV,C,CROSSOVER,MIXED,MIXED,MASS,114.0,MG HS PHEV
2025-07,RY1,BYD,Dolphin,Dolphin,490KM-EXT,EXT,,490.0,,,B,HATCHBACK,VOLUME,BEV,MASS,114.0,BYD BYD DOLPHIN (490KM-EXT)
2026-01,RY1,XPeng,XPeng X9,XPeng X9,LONG RANGE EXECUTIVE,LONG RANGE,,,,,E,MPV,LUXURY,BEV,PREMIUM_TECH,113.0,XPENG X9 LONG RANGE(EXECUTIVE)
2023-04,RY1,GWM,Haval H6,Haval H6,PLUG-IN HYBRID,,,,,PHEV,C,CROSSOVER,UPPER,MIXED,MASS,113.0,HAVAL H6 PLUG-IN HYBRID
2025-03,RY1,Jaecoo,Jaecoo 6 EV,Jaecoo 6 EV,Long Range 4WD,LONG RANGE,4WD,,,,B,CROSSOVER,VOLUME,BEV,MASS,113.0,JAECOO 6 EV Long Range 4WD
2025-03,RY1,Chery,Omoda C5,Omoda C5,EV Long Range Ultimate,LONG RANGE,,,,BEV,B,CROSSOVER,VOLUME,BEV,MASS,113.0,OMODA C5 EV Long Range Ultimate
2025-08,RY1,Aion,Aion UT,Aion UT,500 PREMIUM,PREMIUM,,500.0,,,B,HATCHBACK,MIXED,BEV,MASS,113.0,AION AION UT 500 PREMIUM
2026-01,RY1,XPeng,XPeng G6,XPeng G6,RWD Long Range,LONG RANGE,RWD,,,,D,CROSSOVER,UPPER,BEV,PREMIUM_TECH,112.0,XPENG G6 RWD Long Range
2025-05,RY1,XPeng,XPeng G6,XPeng G6,STANDARD RANGE,STANDARD RANGE,,,,,D,CROSSOVER,UPPER,BEV,PREMIUM_TECH,112.0,XPENG G6 STANDARD RANGE
2025-07,RY1,Neta,Neta X,Neta X,,,,,,,B,CROSSOVER,VOLUME,BEV,BUDGET,112.0,NETA NETA X
2025-08,RY1,Zeekr,Zeekr 009,Zeekr 009,,,,,,,E,MPV,LUXURY,BEV,PREMIUM_TECH,112.0,ZEEKR ZEEKR 009
2025-10,RY1,MG,MG5,MG5,,,,,,,C,SEDAN,VOLUME,ICE,MASS,112.0,MG MG5
2025-12,RY1,BYD,Sealion 6 DM-i,Sealion 6 DM-i,PREMIUM,PREMIUM,,,,,C,CROSSOVER,VOLUME,PHEV,MASS,112.0,BYD BYD SEALION 6 DM-i PREMIUM
2022-06,RY1,GWM,Haval H6,Haval H6,HEV PRO,PRO,,,,HEV,C,CROSSOVER,UPPER,MIXED,MASS,111.0,HAVAL H6 HEV PRO
2024-04,RY1,MG,MG ZS,MG ZS,,,,,,,B,CROSSOVER,VOLUME,ICE,MASS,111.0,MG ZS
2024-08,RY1,MG,MG ZS,MG ZS,,,,,,,B,CROSSOVER,VOLUME,ICE,MASS,111.0,MG ZS
2025-04,RY1,Neta,Neta V,Neta V,,,,,,,A,CROSSOVER,VOLUME,BEV,BUDGET,111.0,NETA NETA V-II
2025-11,RY1,BYD,Dolphin,Dolphin,490KM-EXT,EXT,,490.0,,,B,HATCHBACK,VOLUME,BEV,MASS,111.0,BYD BYD DOLPHIN (490KM-EXT)
2025-12,RY1,MG,MG IM6,MG IM6,,,,,,,D,CROSSOVER,LUXURY,BEV,MASS,111.0,MG IM6
2022-12,RY1,MG,MG VS HEV,MG VS HEV,,,,,,,B,CROSSOVER,VOLUME,HEV,MASS,110.0,MG VS HEV
2023-01,RY1,MG,MG Extender,MG Extender Double Cab,,,,,,,F,PICKUP,VOLUME,ICE,MASS,110.0,MG MG EXTENDER
2023-12,RY1,MG,MG VS HEV,MG VS HEV,,,,,,,B,CROSSOVER,VOLUME,HEV,MASS,110.0,MG VS HEV
2024-12,RY1,Aion,Hyptec HT,Hyptec HT,620 PREMIUM,PREMIUM,,620.0,,,D,CROSSOVER,UPPER,BEV,MASS,110.0,AION HYPTEC HT 620 PREMIUM
2025-09,RY1,MG,MG3,MG3,,,,,,,B,HATCHBACK,VOLUME,HEV,MASS,110.0,MG MG3
2025-04,RY1,Changan,Changan Lumin,Changan Lumin,L DC,,,,,,A,HATCHBACK,ENTRY,BEV,MASS,109.0,CHANGAN LUMIN L DC
2025-11,RY1,MG,MG3,MG3,,,,,,,B,HATCHBACK,VOLUME,HEV,MASS,109.0,MG MG3
2026-01,RY1,MG,MG Maxus 7,MG Maxus 7,,,,,,,D,MPV,UPPER,ICE,MASS,108.0,MG MAXUS 7
2024-10,RY1,BYD,Atto 3,Atto 3,,,,,,,B,CROSSOVER,VOLUME,BEV,MASS,108.0,BYD BYD ATTO 3
2025-08,RY1,MG,MG3,MG3,,,,,,,B,HATCHBACK,VOLUME,HEV,MASS,108.0,MG MG3
2023-01,RY1,MG,MG4 Electric,MG4 Electric,,,,,,,C,HATCHBACK,VOLUME,BEV,MASS,107.0,MG MG4 ELECTRIC
2023-05,RY1,GWM,Haval H6,Haval H6,PLUG-IN HYBRID,,,,,PHEV,C,CROSSOVER,UPPER,MIXED,MASS,107.0,HAVAL H6 PLUG-IN HYBRID
2023-06,RY1,MG,MG ZS EV,MG ZS EV,,,,,,,B,CROSSOVER,VOLUME,BEV,MASS,107.0,MG ZS EV
2024-12,RY1,MG,MG ZS EV,MG ZS EV,,,,,,,B,CROSSOVER,VOLUME,BEV,MASS,107.0,MG ZS EV
2025-11,RY1,XPeng,XPeng G6,XPeng G6,RWD Long Range,LONG RANGE,RWD,,,,D,CROSSOVER,UPPER,BEV,PREMIUM_TECH,107.0,XPENG G6 RWD Long Range
2025-12,RY1,Deepal,Deepal S07,Deepal S07,,,,,,,C,CROSSOVER,UPPER,BEV,MASS,107.0,DEEPAL S07
2025-12,RY1,MG,MG EP,MG EP,,,,,,,B,WAGON,VOLUME,BEV,MASS,107.0,MG EP
2024-05,RY1,GWM,Ora Good Cat,Ora Good Cat,07,,,,,,B,HATCHBACK,VOLUME,BEV,MASS,106.0,ORA ORA 07
2024-10,RY1,MG,MG ZS,MG ZS,,,,,,,B,CROSSOVER,VOLUME,ICE,MASS,106.0,MG ZS
2025-02,RY1,Jaecoo,Jaecoo 6 EV,Jaecoo 6 EV,Long Range 4WD,LONG RANGE,4WD,,,,B,CROSSOVER,VOLUME,BEV,MASS,106.0,JAECOO 6 EV Long Range 4WD
2025-09,RY1,Denza,Denza D9,Denza D9,FWD,,FWD,,,,E,MPV,LUXURY,MIXED,PREMIUM_LUXURY,106.0,DENZA DENZA D9 FWD
2025-09,RY1,XPeng,XPeng X9,XPeng X9,LONG RANGE,LONG RANGE,,,,,E,MPV,LUXURY,BEV,PREMIUM_TECH,106.0,XPENG X9 LONG RANGE
2023-03,RY1,MG,MG HS,MG HS,,,,,,,C,CROSSOVER,MIXED,MIXED,MASS,105.0,MG HS
2023-04,RY1,MG,MG ZS EV,MG ZS EV,,,,,,,B,CROSSOVER,VOLUME,BEV,MASS,105.0,MG ZS EV
2023-06,RY1,GWM,Haval H6,Haval H6,PLUG-IN HYBRID,,,,,PHEV,C,CROSSOVER,UPPER,MIXED,MASS,105.0,HAVAL H6 PLUG-IN HYBRID
2024-01,RY1,GWM,Tank 300,Tank 300,,,,,,,C,PPV,UPPER,HEV,MASS,105.0,GWM TANK 300 HYBRID
2025-07,RY1,Tesla,Model 3,Model 3,Rear-Wheel Drive,,,,,,D,SEDAN,MIXED,BEV,PREMIUM_TECH,105.0,TESLA Model 3 Rear-Wheel Drive
2025-11,RY1,Tesla,Model Y,Model Y,Rear-Wheel Drive,,,,,,D,CROSSOVER,MIXED,BEV,PREMIUM_TECH,105.0,TESLA Model Y Rear-Wheel Drive
2023-01,RY1,MG,MG HS,MG HS,,,,,,,C,CROSSOVER,MIXED,MIXED,MASS,104.0,MG HS
2023-10,RY1,MG,MG Maxus 9,MG Maxus 9,,,,,,,E,MPV,LUXURY,BEV,MASS,104.0,MG MAXUS 9
2024-06,RY1,GWM,Ora Good Cat,Ora Good Cat,07,,,,,,B,HATCHBACK,VOLUME,BEV,MASS,104.0,ORA ORA 07
2024-11,RY1,GWM,Haval Jolion,Haval Jolion,HYBRID,,,,,HEV,B,CROSSOVER,VOLUME,HEV,MASS,104.0,HAVAL JOLION HYBRID
2024-11,RY1,Tesla,Model 3,Model 3,Rear-Wheel Drive,,,,,,D,SEDAN,MIXED,BEV,PREMIUM_TECH,104.0,TESLA Model 3 Rear-Wheel Drive
2024-12,RY1,Changan,Changan Lumin,Changan Lumin,L DC,,,,,,A,HATCHBACK,ENTRY,BEV,MASS,104.0,CHANGAN LUMIN L DC
2025-10,RY1,BYD,Atto 3,Atto 3,480KM-EXT,EXT,,480.0,,,B,CROSSOVER,VOLUME,BEV,MASS,104.0,BYD BYD ATTO3 (480KM-EXT)
2025-12,RY1,MG,MG5,MG5,,,,,,,C,SEDAN,VOLUME,ICE,MASS,104.0,MG MG5
2022-10,RY1,MG,MG HS,MG HS,,,,,,,C,CROSSOVER,MIXED,MIXED,MASS,103.0,MG HS
2023-02,RY1,Tesla,Model 3,Model 3,LONG RANGE,LONG RANGE,,,,,D,SEDAN,MIXED,BEV,PREMIUM_TECH,103.0,TESLA MODEL 3 LONG RANGE
2023-03,RY1,MG,MG HS,MG HS,PHEV,,,,,PHEV,C,CROSSOVER,MIXED,MIXED,MASS,103.0,MG HS PHEV
2024-05,RY1,MG,MG ZS,MG ZS,,,,,,,B,CROSSOVER,VOLUME,ICE,MASS,103.0,MG ZS
2025-11,RY1,Deepal,Deepal S05,Deepal S05,REEV MAX,MAX,,,,REEV,B,CROSSOVER,VOLUME,MIXED,MASS,103.0,DEEPAL S05 REEV MAX
2025-12,RY1,Zeekr,Zeekr X,Zeekr X,7X,,,,,,B,CROSSOVER,UPPER,BEV,PREMIUM_TECH,103.0,ZEEKR ZEEKR 7X
2024-02,RY1,MG,MG VS HEV,MG VS HEV,,,,,,,B,CROSSOVER,VOLUME,HEV,MASS,102.0,MG VS HEV
2024-05,RY1,BYD,Seal,Seal,EXD RWD,,RWD,,,,D,SEDAN,UPPER,BEV,MASS,102.0,BYD BYD SEAL EXD RWD
2024-08,RY1,Tesla,Model 3,Model 3,PERFORMANCE,PERFORMANCE,,,,,D,SEDAN,MIXED,BEV,PREMIUM_TECH,102.0,TESLA Model 3 Performance
2025-02,RY1,BYD,Sealion 7,Sealion 7,RWD,,RWD,,,,D,CROSSOVER,UPPER,BEV,MASS,102.0,BYD BYD SEALION 7 RWD
2022-10,RY1,MG,MG ZS EV,MG ZS EV,,,,,,,B,CROSSOVER,VOLUME,BEV,MASS,101.0,MG ZS EV
2023-03,RY1,Tesla,Model 3,Model 3,Rear-Wheel Drive,,,,,,D,SEDAN,MIXED,BEV,PREMIUM_TECH,101.0,TESLA Model 3 Rear-Wheel Drive
2024-07,RY1,BYD,Atto 3,Atto 3,410KM-DYNAMIC,DYNAMIC,,410.0,,,B,CROSSOVER,VOLUME,BEV,MASS,101.0,BYD BYD ATTO3 (410KM-DYNAMIC)
2024-09,RY1,Tesla,Model 3,Model 3,PERFORMANCE,PERFORMANCE,,,,,D,SEDAN,MIXED,BEV,PREMIUM_TECH,101.0,TESLA Model 3 Performance
2025-02,RY1,MG,MG Extender,MG Extender Double Cab,,,,,,,F,PICKUP,VOLUME,ICE,MASS,101.0,MG MG EXTENDER
2025-04,RY1,MG,MG3,MG3,,,,,,,B,HATCHBACK,VOLUME,HEV,MASS,101.0,MG MG3
2025-10,RY1,Zeekr,Zeekr X,Zeekr X,7X,,,,,,B,CROSSOVER,UPPER,BEV,PREMIUM_TECH,101.0,ZEEKR ZEEKR 7X
2025-11,RY1,MG,MG5,MG5,,,,,,,C,SEDAN,VOLUME,ICE,MASS,101.0,MG MG5
2026-01,RY1,Jaecoo,Jaecoo 6T EV,Jaecoo 6T EV,Long Range 4WD,LONG RANGE,4WD,,,,C,CROSSOVER,UPPER,BEV,MASS,100.0,JAECOO 6T EV Long Range 4WD
2022-01,RY1,MG,MG HS,MG HS,PHEV,,,,,PHEV,C,CROSSOVER,MIXED,MIXED,MASS,99.0,MG HS PHEV
2022-07,RY1,MG,MG HS,MG HS,PHEV,,,,,PHEV,C,CROSSOVER,MIXED,MIXED,MASS,99.0,MG HS PHEV
2024-05,RY1,Tesla,Model 3,Model 3,LONG RANGE,LONG RANGE,,,,,D,SEDAN,MIXED,BEV,PREMIUM_TECH,99.0,TESLA MODEL 3 LONG RANGE
2025-06,RY1,Avatr,Avatr 11,Avatr 11,LONG RANGE,LONG RANGE,,,,,D,CROSSOVER,LUXURY,BEV,PREMIUM_TECH,99.0,AVATR AVATR 11 LONG RANGE
2025-12,RY1,Aion,Hyptec HT,Hyptec HT,620 PREMIUM,PREMIUM,,620.0,,,D,CROSSOVER,UPPER,BEV,MASS,99.0,AION HYPTEC HT 620 PREMIUM
2026-01,RY1,Tesla,Model 3,Model 3,Long Range RWD,LONG RANGE,RWD,,,,D,SEDAN,MIXED,BEV,PREMIUM_TECH,98.0,TESLA Model 3 Long Range RWD
2023-10,RY1,Tesla,Model Y,Model Y,Rear-Wheel Drive,,,,,,D,CROSSOVER,MIXED,BEV,PREMIUM_TECH,98.0,TESLA Model Y Rear-Wheel Drive
2024-03,RY1,MG,MG HS,MG HS,,,,,,,C,CROSSOVER,MIXED,MIXED,MASS,98.0,MG HS
2024-05,RY1,BYD,Seal,Seal,STD RWD,STD,RWD,,,,D,SEDAN,UPPER,BEV,MASS,98.0,BYD BYD SEAL STD RWD
2025-05,RY1,GWM,Ora Good Cat,Ora Good Cat,07,,,,,,B,HATCHBACK,VOLUME,BEV,MASS,98.0,ORA ORA 07
2025-06,RY1,GWM,Haval H6,Haval H6,PLUG-IN HYBRID,,,,,PHEV,C,CROSSOVER,UPPER,MIXED,MASS,98.0,HAVAL H6 PLUG-IN HYBRID
2025-06,RY1,XPeng,XPeng G6,XPeng G6,STANDARD RANGE,STANDARD RANGE,,,,,D,CROSSOVER,UPPER,BEV,PREMIUM_TECH,98.0,XPENG G6 STANDARD RANGE
2025-12,RY1,Deepal,Deepal S05,Deepal S05,REEV MAX,MAX,,,,REEV,B,CROSSOVER,VOLUME,MIXED,MASS,98.0,DEEPAL S05 REEV MAX
2022-12,RY1,MG,MG HS,MG HS,PHEV,,,,,PHEV,C,CROSSOVER,MIXED,MIXED,MASS,97.0,MG HS PHEV
2023-12,RY1,MG,MG HS,MG HS,PHEV,,,,,PHEV,C,CROSSOVER,MIXED,MIXED,MASS,97.0,MG HS PHEV
2024-04,RY1,Tesla,Model 3,Model 3,Rear-Wheel Drive,,,,,,D,SEDAN,MIXED,BEV,PREMIUM_TECH,97.0,TESLA Model 3 Rear-Wheel Drive
2024-11,RY1,BYD,Atto 3,Atto 3,410KM-DYNAMIC,DYNAMIC,,410.0,,,B,CROSSOVER,VOLUME,BEV,MASS,97.0,BYD BYD ATTO3 (410KM-DYNAMIC)
2023-07,RY1,GWM,Haval H6,Haval H6,PLUG-IN HYBRID,,,,,PHEV,C,CROSSOVER,UPPER,MIXED,MASS,96.0,HAVAL H6 PLUG-IN HYBRID
2023-09,RY1,MG,MG ZS EV,MG ZS EV,,,,,,,B,CROSSOVER,VOLUME,BEV,MASS,96.0,MG ZS EV
2023-10,RY1,MG,MG ZS EV,MG ZS EV,,,,,,,B,CROSSOVER,VOLUME,BEV,MASS,96.0,MG ZS EV
2024-07,RY1,MG,MG VS HEV,MG VS HEV,,,,,,,B,CROSSOVER,VOLUME,HEV,MASS,96.0,MG VS HEV
2025-09,RY1,Aion,Aion UT,Aion UT,500 PREMIUM,PREMIUM,,500.0,,,B,HATCHBACK,MIXED,BEV,MASS,96.0,AION AION UT 500 PREMIUM
2025-10,RY1,Neta,Neta V,Neta V,,,,,,,A,CROSSOVER,VOLUME,BEV,BUDGET,96.0,NETA NETA V-II
2025-12,RY1,BYD,Seal,Seal,5 DM-i PREMIUM,PREMIUM,,,,PHEV,D,SEDAN,UPPER,BEV,MASS,96.0,BYD BYD SEAL 5 DM-i PREMIUM
2025-01,RY1,MG,MG ZS,MG ZS,,,,,,,B,CROSSOVER,VOLUME,ICE,MASS,95.0,MG ZS
2025-10,RY1,MG,MG VS HEV,MG VS HEV,,,,,,,B,CROSSOVER,VOLUME,HEV,MASS,95.0,MG VS HEV
2025-10,RY1,Tesla,Model Y,Model Y,Rear-Wheel Drive,,,,,,D,CROSSOVER,MIXED,BEV,PREMIUM_TECH,95.0,TESLA Model Y Rear-Wheel Drive
2024-02,RY1,MG,MG Maxus 9,MG Maxus 9,,,,,,,E,MPV,LUXURY,BEV,MASS,94.0,MG MAXUS 9
2024-03,RY1,MG,MG VS HEV,MG VS HEV,,,,,,,B,CROSSOVER,VOLUME,HEV,MASS,94.0,MG VS HEV
2024-06,RY1,BYD,Seal,Seal,STD RWD,STD,RWD,,,,D,SEDAN,UPPER,BEV,MASS,94.0,BYD BYD SEAL STD RWD
2025-01,RY1,MG,MG ZS EV,MG ZS EV,,,,,,,B,CROSSOVER,VOLUME,BEV,MASS,94.0,MG ZS EV
2022-11,RY1,MG,MG HS,MG HS,,,,,,,C,CROSSOVER,MIXED,MIXED,MASS,93.0,MG HS
2023-10,RY1,GWM,Haval H6,Haval H6,HEV ULTRA,ULTRA,,,,HEV,C,CROSSOVER,UPPER,MIXED,MASS,93.0,HAVAL H6 HEV ULTRA
2023-11,RY1,BYD,Atto 3,Atto 3,410KM,,,410.0,,,B,CROSSOVER,VOLUME,BEV,MASS,93.0,BYD BYD ATTO 3 (410KM)
2024-02,RY1,BYD,Seal,Seal,EXD AWD,,AWD,,,,D,SEDAN,UPPER,BEV,MASS,93.0,BYD BYD SEAL EXD AWD
2024-04,RY1,BYD,Seal,Seal,EXD RWD,,RWD,,,,D,SEDAN,UPPER,BEV,MASS,93.0,BYD BYD SEAL EXD RWD
2024-09,RY1,MG,MG Extender,MG Extender Double Cab,,,,,,,F,PICKUP,VOLUME,ICE,MASS,93.0,MG MG EXTENDER
2024-12,RY1,BYD,Dolphin,Dolphin,490KM-EXT,EXT,,490.0,,,B,HATCHBACK,VOLUME,BEV,MASS,93.0,BYD BYD DOLPHIN (490KM-EXT)
2025-03,RY1,XPeng,XPeng G6,XPeng G6,LONG RANGE,LONG RANGE,,,,,D,CROSSOVER,UPPER,BEV,PREMIUM_TECH,93.0,XPENG G6 LONG RANGE
2025-08,RY1,XPeng,XPeng X9,XPeng X9,LONG RANGE,LONG RANGE,,,,,E,MPV,LUXURY,BEV,PREMIUM_TECH,93.0,XPENG X9 LONG RANGE
2025-10,RY1,Aion,Aion Y Plus,Aion Y Plus,,,,,,,B,CROSSOVER,VOLUME,BEV,MASS,93.0,AION AION Y PLUS
2025-12,RY1,Denza,Denza D9,Denza D9,FWD,,FWD,,,,E,MPV,LUXURY,MIXED,PREMIUM_LUXURY,93.0,DENZA DENZA D9 FWD
2026-01,RY1,Deepal,Deepal S05,Deepal S05,PLUS,PLUS,,,,,B,CROSSOVER,VOLUME,MIXED,MASS,92.0,DEEPAL S05 PLUS
2023-02,RY1,MG,MG Extender,MG Extender Double Cab,,,,,,,F,PICKUP,VOLUME,ICE,MASS,92.0,MG MG EXTENDER
2023-04,RY1,GWM,Ora Good Cat,Ora Good Cat,,,,,,,B,HATCHBACK,VOLUME,BEV,MASS,92.0,ORA GOOD CAT
2023-04,RY1,Tesla,Model Y,Model Y,PERFORMANCE,PERFORMANCE,,,,,D,CROSSOVER,MIXED,BEV,PREMIUM_TECH,92.0,TESLA MODEL Y PERFORMANCE
2023-10,RY1,Tesla,Model Y,Model Y,PERFORMANCE,PERFORMANCE,,,,,D,CROSSOVER,MIXED,BEV,PREMIUM_TECH,92.0,TESLA MODEL Y PERFORMANCE
2024-03,RY1,GWM,Haval H6,Haval H6,HEV ULTRA,ULTRA,,,,HEV,C,CROSSOVER,UPPER,MIXED,MASS,92.0,HAVAL H6 HEV ULTRA
2025-03,RY1,GWM,Haval Jolion,Haval Jolion,HYBRID,,,,,HEV,B,CROSSOVER,VOLUME,HEV,MASS,92.0,HAVAL JOLION HYBRID
2025-10,RY1,Tesla,Model 3,Model 3,Rear-Wheel Drive,,,,,,D,SEDAN,MIXED,BEV,PREMIUM_TECH,92.0,TESLA Model 3 Rear-Wheel Drive
2025-12,RY1,MG,MG3,MG3,,,,,,,B,HATCHBACK,VOLUME,HEV,MASS,92.0,MG MG3
2022-07,RY1,MG,MG HS,MG HS,,,,,,,C,CROSSOVER,MIXED,MIXED,MASS,91.0,MG HS
2023-06,RY1,Tesla,Model Y,Model Y,Rear-Wheel Drive,,,,,,D,CROSSOVER,MIXED,BEV,PREMIUM_TECH,91.0,TESLA Model Y Rear-Wheel Drive
2023-10,RY1,Tesla,Model Y,Model Y,LONG RANGE,LONG RANGE,,,,,D,CROSSOVER,MIXED,BEV,PREMIUM_TECH,91.0,TESLA MODEL Y LONG RANGE
2024-02,RY1,GWM,Haval H6,Haval H6,HEV ULTRA,ULTRA,,,,HEV,C,CROSSOVER,UPPER,MIXED,MASS,91.0,HAVAL H6 HEV ULTRA
2025-03,RY1,BYD,Dolphin,Dolphin,490KM-EXT,EXT,,490.0,,,B,HATCHBACK,VOLUME,BEV,MASS,91.0,BYD BYD DOLPHIN (490KM-EXT)
2025-07,RY1,BYD,Sealion 6 DM-i,Sealion 6 DM-i,DYNAMIC,DYNAMIC,,,,,C,CROSSOVER,VOLUME,PHEV,MASS,91.0,BYD BYD SEALION 6 DM-i DYNAMIC
2025-11,RY1,MG,MG IM6,MG IM6,,,,,,,D,CROSSOVER,LUXURY,BEV,MASS,91.0,MG IM6
2023-11,RY1,Tesla,Model Y,Model Y,LONG RANGE,LONG RANGE,,,,,D,CROSSOVER,MIXED,BEV,PREMIUM_TECH,90.0,TESLA MODEL Y LONG RANGE
2023-05,RY1,MG,MG Extender,MG Extender Double Cab,,,,,,,F,PICKUP,VOLUME,ICE,MASS,89.0,MG MG EXTENDER
2023-10,RY1,MG,MG ES,MG ES,,,,,,,C,CROSSOVER,VOLUME,BEV,MASS,89.0,MG ES
2024-06,RY1,BYD,Atto 3,Atto 3,410KM-DYNAMIC,DYNAMIC,,410.0,,,B,CROSSOVER,VOLUME,BEV,MASS,88.0,BYD BYD ATTO3 (410KM-DYNAMIC)
2024-06,RY1,MG,MG EP,MG EP,,,,,,,B,WAGON,VOLUME,BEV,MASS,88.0,MG EP
2025-07,RY1,Aion,Hyptec HT,Hyptec HT,620 PREMIUM,PREMIUM,,620.0,,,D,CROSSOVER,UPPER,BEV,MASS,88.0,AION HYPTEC HT 620 PREMIUM
2025-12,RY1,BYD,BYD M6,BYD M6,EXTENDED,,,,,,C,MPV,VOLUME,BEV,MASS,88.0,BYD BYD M6 EXTENDED
2026-01,RY1,Deepal,Deepal L07,Deepal L07,,,,,,,D,SEDAN,UPPER,BEV,MASS,87.0,DEEPAL L07
2024-09,RY1,MG,MG ZS,MG ZS,,,,,,,B,CROSSOVER,VOLUME,ICE,MASS,87.0,MG ZS
2025-07,RY1,Tesla,Model Y,Model Y,Rear-Wheel Drive,,,,,,D,CROSSOVER,MIXED,BEV,PREMIUM_TECH,87.0,TESLA Model Y Rear-Wheel Drive
2025-12,RY3,BYD,BYD T3,BYD T3,,,,,,,UNKNOWN,VAN,VOLUME,BEV,MASS,87.0,BYD T3
2022-05,RY1,MG,MG3,MG3,NEW,,,,,,B,HATCHBACK,VOLUME,HEV,MASS,86.0,MG NEW MG3
2023-07,RY1,MG,MG ZS EV,MG ZS EV,,,,,,,B,CROSSOVER,VOLUME,BEV,MASS,86.0,MG ZS EV
2024-03,RY1,MG,MG Maxus 9,MG Maxus 9,,,,,,,E,MPV,LUXURY,BEV,MASS,86.0,MG MAXUS 9
2024-09,RY1,MG,MG VS HEV,MG VS HEV,,,,,,,B,CROSSOVER,VOLUME,HEV,MASS,86.0,MG VS HEV
2025-02,RY1,BYD,Sealion 6 DM-i,Sealion 6 DM-i,PREMIUM,PREMIUM,,,,,C,CROSSOVER,VOLUME,PHEV,MASS,86.0,BYD BYD SEALION 6 DM-i PREMIUM
2025-02,RY1,MG,MG HS,MG HS,PHEV,,,,,PHEV,C,CROSSOVER,MIXED,MIXED,MASS,86.0,MG HS PHEV
2025-04,RY1,GWM,Haval Jolion,Haval Jolion,HYBRID,,,,,HEV,B,CROSSOVER,VOLUME,HEV,MASS,86.0,HAVAL JOLION HYBRID
2025-11,RY1,BYD,Sealion 7,Sealion 7,RWD,,RWD,,,,D,CROSSOVER,UPPER,BEV,MASS,86.0,BYD BYD SEALION 7 RWD
2025-12,RY1,Jaecoo,Jaecoo 7,Jaecoo 7,Max,MAX,,,,,C,CROSSOVER,UPPER,PHEV,MASS,86.0,JAECOO 7 SHS Max
2022-05,RY1,GWM,Haval H6,Haval H6,HEV PRO,PRO,,,,HEV,C,CROSSOVER,UPPER,MIXED,MASS,85.0,HAVAL H6 HEV PRO
2023-10,RY1,Wuling,Wuling Air EV,Wuling Air EV,LR,,,,,,A,HATCHBACK,ENTRY,BEV,BUDGET,85.0,WULING Air EV LR
2025-02,RY1,Chery,Omoda C5,Omoda C5,EV Long Range Ultimate,LONG RANGE,,,,BEV,B,CROSSOVER,VOLUME,BEV,MASS,85.0,OMODA C5 EV Long Range Ultimate
2025-10,RY1,Denza,Denza D9,Denza D9,FWD,,FWD,,,,E,MPV,LUXURY,MIXED,PREMIUM_LUXURY,85.0,DENZA DENZA D9 FWD
2022-04,RY1,GWM,Haval H6,Haval H6,HEV PRO,PRO,,,,HEV,C,CROSSOVER,UPPER,MIXED,MASS,84.0,HAVAL H6 HEV PRO
2025-01,RY1,MG,MG Extender,MG Extender Double Cab,,,,,,,F,PICKUP,VOLUME,ICE,MASS,84.0,MG MG EXTENDER
2025-10,RY1,Tesla,Model Y,Model Y,LONG RANGE,LONG RANGE,,,,,D,CROSSOVER,MIXED,BEV,PREMIUM_TECH,84.0,TESLA MODEL Y LONG RANGE
2025-11,RY1,Aion,Hyptec HT,Hyptec HT,620 PREMIUM,PREMIUM,,620.0,,,D,CROSSOVER,UPPER,BEV,MASS,84.0,AION HYPTEC HT 620 PREMIUM
2022-04,RY1,MG,MG HS,MG HS,PHEV,,,,,PHEV,C,CROSSOVER,MIXED,MIXED,MASS,83.0,MG HS PHEV
2023-04,RY1,MG,MG Extender,MG Extender Double Cab,,,,,,,F,PICKUP,VOLUME,ICE,MASS,83.0,MG MG EXTENDER
2025-03,RY1,MG,MG Extender,MG Extender Double Cab,,,,,,,F,PICKUP,VOLUME,ICE,MASS,83.0,MG MG EXTENDER
2025-05,RY1,Avatr,Avatr 11,Avatr 11,LONG RANGE,LONG RANGE,,,,,D,CROSSOVER,LUXURY,BEV,PREMIUM_TECH,83.0,AVATR AVATR 11 LONG RANGE
2025-07,RY1,GWM,Haval H6,Haval H6,PLUG-IN HYBRID,,,,,PHEV,C,CROSSOVER,UPPER,MIXED,MASS,83.0,HAVAL H6 PLUG-IN HYBRID
2025-09,RY1,MG,MG VS HEV,MG VS HEV,,,,,,,B,CROSSOVER,VOLUME,HEV,MASS,83.0,MG VS HEV
2025-10,RY1,BYD,Dolphin,Dolphin,490KM-EXT,EXT,,490.0,,,B,HATCHBACK,VOLUME,BEV,MASS,83.0,BYD BYD DOLPHIN (490KM-EXT)
2025-11,RY1,GWM,Tank 500,Tank 500,,,,,,,E,PPV,LUXURY,HEV,MASS,83.0,GWM GWM TANK 500
2023-08,RY1,MG,MG ZS EV,MG ZS EV,,,,,,,B,CROSSOVER,VOLUME,BEV,MASS,82.0,MG ZS EV
2025-10,RY1,BYD,BYD M6,BYD M6,EXTENDED,,,,,,C,MPV,VOLUME,BEV,MASS,82.0,BYD BYD M6 EXTENDED
2024-03,RY1,GWM,Tank 300,Tank 300,,,,,,,C,PPV,UPPER,HEV,MASS,81.0,GWM TANK 300 HYBRID
2024-05,RY1,MG,MG VS HEV,MG VS HEV,,,,,,,B,CROSSOVER,VOLUME,HEV,MASS,81.0,MG VS HEV
2025-04,RY1,Jaecoo,Jaecoo 6 EV,Jaecoo 6 EV,Long Range 4WD,LONG RANGE,4WD,,,,B,CROSSOVER,VOLUME,BEV,MASS,81.0,JAECOO 6 EV Long Range 4WD
2025-05,RY1,BYD,Seal,Seal,EXD RWD,,RWD,,,,D,SEDAN,UPPER,BEV,MASS,81.0,BYD BYD SEAL EXD RWD
2026-01,RY1,Deepal,Deepal L07,Deepal L07,S,,,,,,D,SEDAN,UPPER,BEV,MASS,80.0,DEEPAL L07 S
2024-01,RY1,GWM,Ora Good Cat,Ora Good Cat,07,,,,,,B,HATCHBACK,VOLUME,BEV,MASS,80.0,ORA ORA 07
2024-06,RY1,BYD,Atto 3,Atto 3,410KM-PREMIUM,PREMIUM,,410.0,,,B,CROSSOVER,VOLUME,BEV,MASS,80.0,BYD BYD ATTO3 (410KM-PREMIUM)
2024-11,RY1,Zeekr,Zeekr X,Zeekr X,,,,,,,B,CROSSOVER,UPPER,BEV,PREMIUM_TECH,80.0,ZEEKR ZEEKR X
2025-09,RY1,BYD,BYD M6,BYD M6,EXTENDED,,,,,,C,MPV,VOLUME,BEV,MASS,80.0,BYD BYD M6 EXTENDED
2025-11,RY1,Tesla,Model Y,Model Y,LONG RANGE,LONG RANGE,,,,,D,CROSSOVER,MIXED,BEV,PREMIUM_TECH,80.0,TESLA MODEL Y LONG RANGE
2025-12,RY1,XPeng,XPeng G6,XPeng G6,RWD Long Range,LONG RANGE,RWD,,,,D,CROSSOVER,UPPER,BEV,PREMIUM_TECH,80.0,XPENG G6 RWD Long Range
2025-12,RY1,Jaecoo,Jaecoo 6 EV,Jaecoo 6 EV,Long Range 2WD,LONG RANGE,2WD,,,,B,CROSSOVER,VOLUME,BEV,MASS,79.0,JAECOO 6 EV Long Range 2WD
2026-01,RY1,Wuling,Wuling Bingo,Wuling Bingo,SRDTH,,,,,,A,HATCHBACK,ENTRY,BEV,BUDGET,78.0,WULING Binguo SRDTH
2022-08,RY3,MG,MG Extender,MG Extender Cab,,,,,,,F,PICKUP,VOLUME,ICE,MASS,78.0,MG MG EXTENDER
2023-05,RY1,MG,MG HS,MG HS,,,,,,,C,CROSSOVER,MIXED,MIXED,MASS,78.0,MG HS
2023-09,RY1,GWM,Haval H6,Haval H6,PLUG-IN HYBRID,,,,,PHEV,C,CROSSOVER,UPPER,MIXED,MASS,78.0,HAVAL H6 PLUG-IN HYBRID
2023-09,RY1,MG,MG Extender,MG Extender Double Cab,,,,,,,F,PICKUP,VOLUME,ICE,MASS,78.0,MG MG EXTENDER
2024-04,RY1,MG,MG HS,MG HS,,,,,,,C,CROSSOVER,MIXED,MIXED,MASS,78.0,MG HS
2024-05,RY1,Deepal,Deepal L07,Deepal L07,,,,,,,D,SEDAN,UPPER,BEV,MASS,78.0,DEEPAL L07
2024-09,RY1,BYD,Atto 3,Atto 3,410KM-PREMIUM,PREMIUM,,410.0,,,B,CROSSOVER,VOLUME,BEV,MASS,78.0,BYD BYD ATTO3 (410KM-PREMIUM)
2025-10,RY1,Wuling,Wuling Bingo,Wuling Bingo,SRDTH,,,,,,A,HATCHBACK,ENTRY,BEV,BUDGET,78.0,WULING Binguo SRDTH
2026-01,RY1,XPeng,XPeng G6,XPeng G6,RWD Standard Range,STANDARD RANGE,RWD,,,,D,CROSSOVER,UPPER,BEV,PREMIUM_TECH,77.0,XPENG G6 RWD Standard Range
2024-04,RY1,MG,MG VS HEV,MG VS HEV,,,,,,,B,CROSSOVER,VOLUME,HEV,MASS,77.0,MG VS HEV
2025-06,RY1,XPeng,XPeng X9,XPeng X9,STANDARD RANGE,STANDARD RANGE,,,,,E,MPV,LUXURY,BEV,PREMIUM_TECH,77.0,XPENG X9 STANDARD RANGE
2025-07,RY1,GWM,Haval Jolion,Haval Jolion,HYBRID,,,,,HEV,B,CROSSOVER,VOLUME,HEV,MASS,77.0,HAVAL JOLION HYBRID
2022-02,RY1,GWM,Haval H6,Haval H6,HEV PRO,PRO,,,,HEV,C,CROSSOVER,UPPER,MIXED,MASS,76.0,HAVAL H6 HEV PRO
2024-01,RY1,MG,MG ES,MG ES,,,,,,,C,CROSSOVER,VOLUME,BEV,MASS,76.0,MG ES
2024-08,RY1,MG,MG VS HEV,MG VS HEV,,,,,,,B,CROSSOVER,VOLUME,HEV,MASS,76.0,MG VS HEV
2024-09,RY1,MG,MG ZS EV,MG ZS EV,,,,,,,B,CROSSOVER,VOLUME,BEV,MASS,76.0,MG ZS EV
2025-11,RY1,MG,MG VS HEV,MG VS HEV,,,,,,,B,CROSSOVER,VOLUME,HEV,MASS,76.0,MG VS HEV
2022-06,RY3,MG,MG Extender,MG Extender Cab,,,,,,,F,PICKUP,VOLUME,ICE,MASS,75.0,MG MG EXTENDER
2024-10,RY1,MG,MG VS HEV,MG VS HEV,,,,,,,B,CROSSOVER,VOLUME,HEV,MASS,75.0,MG VS HEV
2024-11,RY1,MG,MG ZS,MG ZS,,,,,,,B,CROSSOVER,VOLUME,ICE,MASS,75.0,MG ZS
2025-01,RY1,GWM,Tank 300,Tank 300,,,,,,,C,PPV,UPPER,HEV,MASS,75.0,GWM TANK 300 HYBRID
2025-06,RY1,BYD,Seal,Seal,EXD RWD,,RWD,,,,D,SEDAN,UPPER,BEV,MASS,75.0,BYD BYD SEAL EXD RWD
2025-08,RY1,Chery,Omoda C5,Omoda C5,EV Long Range Ultimate,LONG RANGE,,,,BEV,B,CROSSOVER,VOLUME,BEV,MASS,75.0,OMODA C5 EV Long Range Ultimate
2025-12,RY1,GWM,Tank 500,Tank 500,,,,,,,E,PPV,LUXURY,HEV,MASS,75.0,GWM GWM TANK 500
2025-12,RY1,Tesla,Model 3,Model 3,Long Range RWD,LONG RANGE,RWD,,,,D,SEDAN,MIXED,BEV,PREMIUM_TECH,75.0,TESLA Model 3 Long Range RWD
2024-07,RY1,MG,MG EP,MG EP,,,,,,,B,WAGON,VOLUME,BEV,MASS,74.0,MG EP
2024-08,RY1,Tesla,Model 3,Model 3,LONG RANGE,LONG RANGE,,,,,D,SEDAN,MIXED,BEV,PREMIUM_TECH,74.0,TESLA MODEL 3 LONG RANGE
2024-12,RY1,BYD,Atto 3,Atto 3,410KM-DYNAMIC,DYNAMIC,,410.0,,,B,CROSSOVER,VOLUME,BEV,MASS,74.0,BYD BYD ATTO3 (410KM-DYNAMIC)
2025-02,RY1,Neta,Neta X,Neta X,,,,,,,B,CROSSOVER,VOLUME,BEV,BUDGET,74.0,NETA NETA X
2025-06,RY1,Riddara,RD6,Riddara RD6 Double Cab,PRO 2WD,PRO,2WD,,,,F,PICKUP,UPPER,BEV,MASS,74.0,RIDDARA RD6 PRO 2WD
2025-10,RY1,GWM,Tank 500,Tank 500,,,,,,,E,PPV,LUXURY,HEV,MASS,74.0,GWM GWM TANK 500
2025-11,RY1,Denza,Denza D9,Denza D9,FWD,,FWD,,,,E,MPV,LUXURY,MIXED,PREMIUM_LUXURY,74.0,DENZA DENZA D9 FWD
2023-11,RY1,MG,MG HS,MG HS,,,,,,,C,CROSSOVER,MIXED,MIXED,MASS,73.0,MG HS
2024-06,RY1,GWM,Tank 300,Tank 300,,,,,,,C,PPV,UPPER,HEV,MASS,73.0,GWM TANK 300 HYBRID
2024-06,RY1,GWM,Haval H6,Haval H6,HEV ULTRA,ULTRA,,,,HEV,C,CROSSOVER,UPPER,MIXED,MASS,73.0,HAVAL H6 HEV ULTRA
2024-11,RY1,MG,MG Extender,MG Extender Double Cab,,,,,,,F,PICKUP,VOLUME,ICE,MASS,73.0,MG MG EXTENDER
2025-01,RY1,MG,MG VS HEV,MG VS HEV,,,,,,,B,CROSSOVER,VOLUME,HEV,MASS,73.0,MG VS HEV
2025-02,RY1,MG,MG ZS,MG ZS,,,,,,,B,CROSSOVER,VOLUME,ICE,MASS,73.0,MG ZS
2025-09,RY1,Tesla,Model 3,Model 3,Rear-Wheel Drive,,,,,,D,SEDAN,MIXED,BEV,PREMIUM_TECH,73.0,TESLA Model 3 Rear-Wheel Drive
2022-02,RY3,MG,MG Extender,MG Extender Cab,,,,,,,F,PICKUP,VOLUME,ICE,MASS,72.0,MG MG EXTENDER
2023-04,RY1,Tesla,Model 3,Model 3,LONG RANGE,LONG RANGE,,,,,D,SEDAN,MIXED,BEV,PREMIUM_TECH,72.0,TESLA MODEL 3 LONG RANGE
2025-04,RY1,BYD,BYD M6,BYD M6,DYNAMIC,DYNAMIC,,,,,C,MPV,VOLUME,BEV,MASS,72.0,BYD BYD M6 DYNAMIC
2025-10,RY1,XPeng,XPeng G6,XPeng G6,RWD Long Range,LONG RANGE,RWD,,,,D,CROSSOVER,UPPER,BEV,PREMIUM_TECH,72.0,XPENG G6 RWD Long Range
2025-11,RY1,BYD,BYD M6,BYD M6,EXTENDED,,,,,,C,MPV,VOLUME,BEV,MASS,72.0,BYD BYD M6 EXTENDED
2025-11,RY1,Deepal,Deepal S07,Deepal S07,,,,,,,C,CROSSOVER,UPPER,BEV,MASS,72.0,DEEPAL S07
2024-10,RY1,MG,MG Extender,MG Extender Double Cab,,,,,,,F,PICKUP,VOLUME,ICE,MASS,71.0,MG MG EXTENDER
2024-12,RY1,Tesla,Model 3,Model 3,LONG RANGE,LONG RANGE,,,,,D,SEDAN,MIXED,BEV,PREMIUM_TECH,71.0,TESLA MODEL 3 LONG RANGE
2025-07,RY1,Avatr,Avatr 11,Avatr 11,LONG RANGE,LONG RANGE,,,,,D,CROSSOVER,LUXURY,BEV,PREMIUM_TECH,71.0,AVATR AVATR 11 LONG RANGE
2025-09,RY1,GWM,Haval H6,Haval H6,PLUG-IN HYBRID,,,,,PHEV,C,CROSSOVER,UPPER,MIXED,MASS,71.0,HAVAL H6 PLUG-IN HYBRID
2025-09,RY1,XPeng,XPeng G6,XPeng G6,STANDARD RANGE,STANDARD RANGE,,,,,D,CROSSOVER,UPPER,BEV,PREMIUM_TECH,71.0,XPENG G6 STANDARD RANGE
2025-10,RY1,BYD,Sealion 6 DM-i,Sealion 6 DM-i,DYNAMIC,DYNAMIC,,,,,C,CROSSOVER,VOLUME,PHEV,MASS,71.0,BYD BYD SEALION 6 DM-i DYNAMIC
2025-11,RY1,Aion,Aion Y Plus,Aion Y Plus,,,,,,,B,CROSSOVER,VOLUME,BEV,MASS,71.0,AION AION Y PLUS
2025-11,RY1,BYD,Seal,Seal,EXD AWD,,AWD,,,,D,SEDAN,UPPER,BEV,MASS,71.0,BYD BYD SEAL EXD AWD
2022-09,RY3,MG,MG Extender,MG Extender Cab,,,,,,,F,PICKUP,VOLUME,ICE,MASS,70.0,MG MG EXTENDER
2023-03,RY1,MG,MG Extender,MG Extender Double Cab,,,,,,,F,PICKUP,VOLUME,ICE,MASS,70.0,MG MG EXTENDER
2023-08,RY1,Tesla,Model 3,Model 3,LONG RANGE,LONG RANGE,,,,,D,SEDAN,MIXED,BEV,PREMIUM_TECH,70.0,TESLA MODEL 3 LONG RANGE
2023-09,RY1,Tesla,Model Y,Model Y,PERFORMANCE,PERFORMANCE,,,,,D,CROSSOVER,MIXED,BEV,PREMIUM_TECH,70.0,TESLA MODEL Y PERFORMANCE
2024-02,RY1,MG,MG EP,MG EP,,,,,,,B,WAGON,VOLUME,BEV,MASS,70.0,MG EP
2024-08,RY3,MG,MG Extender,MG Extender Cab,,,,,,,F,PICKUP,VOLUME,ICE,MASS,70.0,MG MG EXTENDER
2025-04,RY1,BYD,Dolphin,Dolphin,490KM-EXT,EXT,,490.0,,,B,HATCHBACK,VOLUME,BEV,MASS,70.0,BYD BYD DOLPHIN (490KM-EXT)
2025-08,RY1,MG,MG EP,MG EP,,,,,,,B,WAGON,VOLUME,BEV,MASS,70.0,MG EP
2025-11,RY1,Tesla,Model 3,Model 3,Long Range RWD,LONG RANGE,RWD,,,,D,SEDAN,MIXED,BEV,PREMIUM_TECH,70.0,TESLA Model 3 Long Range RWD
2025-11,RY1,Tesla,Model 3,Model 3,Rear-Wheel Drive,,,,,,D,SEDAN,MIXED,BEV,PREMIUM_TECH,70.0,TESLA Model 3 Rear-Wheel Drive
2022-04,RY1,MG,MG3,MG3,NEW,,,,,,B,HATCHBACK,VOLUME,HEV,MASS,69.0,MG NEW MG3
2022-09,RY1,GWM,Haval H6,Haval H6,HEV PRO,PRO,,,,HEV,C,CROSSOVER,UPPER,MIXED,MASS,69.0,HAVAL H6 HEV PRO
2023-02,RY1,Tesla,Model Y,Model Y,Rear-Wheel Drive,,,,,,D,CROSSOVER,MIXED,BEV,PREMIUM_TECH,69.0,TESLA Model Y Rear-Wheel Drive
2024-02,RY1,BYD,Seal,Seal,STD RWD,STD,RWD,,,,D,SEDAN,UPPER,BEV,MASS,69.0,BYD BYD SEAL STD RWD
2024-08,RY1,MG,MG Extender,MG Extender Double Cab,,,,,,,F,PICKUP,VOLUME,ICE,MASS,69.0,MG MG EXTENDER
2024-09,RY3,MG,MG Extender,MG Extender Cab,,,,,,,F,PICKUP,VOLUME,ICE,MASS,69.0,MG MG EXTENDER
2024-11,RY1,MG,MG ZS EV,MG ZS EV,,,,,,,B,CROSSOVER,VOLUME,BEV,MASS,69.0,MG ZS EV
2025-01,RY1,Aion,Hyptec HT,Hyptec HT,620 LUXURY,LUXURY,,620.0,,,D,CROSSOVER,UPPER,BEV,MASS,69.0,AION HYPTEC HT 620 LUXURY
2025-01,RY1,GWM,Haval H6,Haval H6,HEV ULTRA,ULTRA,,,,HEV,C,CROSSOVER,UPPER,MIXED,MASS,69.0,HAVAL H6 HEV ULTRA
2025-05,RY1,Changan,Changan Lumin,Changan Lumin,,,,,,,A,HATCHBACK,ENTRY,BEV,MASS,69.0,CHANGAN LUMIN
2026-01,RY1,MG,MG Maxus 9,MG Maxus 9,,,,,,,E,MPV,LUXURY,BEV,MASS,68.0,MG MAXUS 9
2022-06,RY1,MG,MG3,MG3,NEW,,,,,,B,HATCHBACK,VOLUME,HEV,MASS,68.0,MG NEW MG3
2023-01,RY1,GWM,Haval H6,Haval H6,PLUG-IN HYBRID,,,,,PHEV,C,CROSSOVER,UPPER,MIXED,MASS,68.0,HAVAL H6 PLUG-IN HYBRID
2023-04,RY1,MG,MG HS,MG HS,PHEV,,,,,PHEV,C,CROSSOVER,MIXED,MIXED,MASS,68.0,MG HS PHEV
2023-06,RY1,MG,MG Extender,MG Extender Double Cab,,,,,,,F,PICKUP,VOLUME,ICE,MASS,68.0,MG MG EXTENDER
2023-08,RY1,Tesla,Model 3,Model 3,PERFORMANCE,PERFORMANCE,,,,,D,SEDAN,MIXED,BEV,PREMIUM_TECH,68.0,TESLA Model 3 Performance
2024-02,RY1,Tesla,Model Y,Model Y,Rear-Wheel Drive,,,,,,D,CROSSOVER,MIXED,BEV,PREMIUM_TECH,68.0,TESLA Model Y Rear-Wheel Drive
2024-03,RY1,BYD,Seal,Seal,EXD AWD,,AWD,,,,D,SEDAN,UPPER,BEV,MASS,68.0,BYD BYD SEAL EXD AWD
2024-05,RY1,GWM,Haval H6,Haval H6,HEV ULTRA,ULTRA,,,,HEV,C,CROSSOVER,UPPER,MIXED,MASS,68.0,HAVAL H6 HEV ULTRA
2025-06,RY1,MG,MG IM6,MG IM6,,,,,,,D,CROSSOVER,LUXURY,BEV,MASS,68.0,MG IM6
2025-07,RY1,MG,MG EP,MG EP,,,,,,,B,WAGON,VOLUME,BEV,MASS,68.0,MG EP
2025-09,RY1,Deepal,Deepal S05,Deepal S05,PLUS,PLUS,,,,,B,CROSSOVER,VOLUME,MIXED,MASS,68.0,DEEPAL S05 PLUS
2025-09,RY1,Wuling,Wuling Bingo,Wuling Bingo,SRDTH,,,,,,A,HATCHBACK,ENTRY,BEV,BUDGET,68.0,WULING Binguo SRDTH
2022-03,RY1,MG,MG EP,MG EP,,,,,,,B,WAGON,VOLUME,BEV,MASS,67.0,MG EP
2022-08,RY1,MG,MG ZS EV,MG ZS EV,,,,,,,B,CROSSOVER,VOLUME,BEV,MASS,67.0,MG ZS EV
2023-06,RY1,MG,MG HS,MG HS,PHEV,,,,,PHEV,C,CROSSOVER,MIXED,MIXED,MASS,67.0,MG HS PHEV
2023-11,RY1,MG,MG ES,MG ES,,,,,,,C,CROSSOVER,VOLUME,BEV,MASS,67.0,MG ES
2024-01,RY1,Deepal,Deepal L07,Deepal L07,,,,,,,D,SEDAN,UPPER,BEV,MASS,67.0,DEEPAL L07
2024-03,RY1,MG,MG EP,MG EP,,,,,,,B,WAGON,VOLUME,BEV,MASS,67.0,MG EP
2025-01,RY1,XPeng,XPeng G6,XPeng G6,LONG RANGE,LONG RANGE,,,,,D,CROSSOVER,UPPER,BEV,PREMIUM_TECH,67.0,XPENG G6 LONG RANGE
2025-04,RY1,MG,MG ZS,MG ZS,,,,,,,B,CROSSOVER,VOLUME,ICE,MASS,67.0,MG ZS
2025-05,RY1,XPeng,XPeng G6,XPeng G6,LONG RANGE,LONG RANGE,,,,,D,CROSSOVER,UPPER,BEV,PREMIUM_TECH,67.0,XPENG G6 LONG RANGE
2025-06,RY1,XPeng,XPeng G6,XPeng G6,LONG RANGE,LONG RANGE,,,,,D,CROSSOVER,UPPER,BEV,PREMIUM_TECH,67.0,XPENG G6 LONG RANGE
2025-11,RY1,XPeng,XPeng X9,XPeng X9,LONG RANGE EXECUTIVE,LONG RANGE,,,,,E,MPV,LUXURY,BEV,PREMIUM_TECH,67.0,XPENG X9 LONG RANGE(EXECUTIVE)
2023-04,RY1,MG,MG HS,MG HS,,,,,,,C,CROSSOVER,MIXED,MIXED,MASS,66.0,MG HS
2023-10,RY1,MG,MG Extender,MG Extender Double Cab,,,,,,,F,PICKUP,VOLUME,ICE,MASS,66.0,MG MG EXTENDER
2024-06,RY1,MG,MG VS HEV,MG VS HEV,,,,,,,B,CROSSOVER,VOLUME,HEV,MASS,66.0,MG VS HEV
2024-07,RY1,BYD,Seal,Seal,EXD RWD,,RWD,,,,D,SEDAN,UPPER,BEV,MASS,66.0,BYD BYD SEAL EXD RWD
2025-01,RY1,Avatr,Avatr 11,Avatr 11,LONG RANGE,LONG RANGE,,,,,D,CROSSOVER,LUXURY,BEV,PREMIUM_TECH,66.0,AVATR AVATR 11 LONG RANGE
2025-03,RY1,MG,MG ZS,MG ZS,,,,,,,B,CROSSOVER,VOLUME,ICE,MASS,66.0,MG ZS
2025-09,RY1,XPeng,XPeng G6,XPeng G6,LONG RANGE,LONG RANGE,,,,,D,CROSSOVER,UPPER,BEV,PREMIUM_TECH,66.0,XPENG G6 LONG RANGE
2022-10,RY1,MG,MG VS HEV,MG VS HEV,,,,,,,B,CROSSOVER,VOLUME,HEV,MASS,65.0,MG VS HEV
2023-05,RY1,MG,MG HS,MG HS,PHEV,,,,,PHEV,C,CROSSOVER,MIXED,MIXED,MASS,65.0,MG HS PHEV
2023-07,RY1,MG,MG Extender,MG Extender Double Cab,,,,,,,F,PICKUP,VOLUME,ICE,MASS,65.0,MG MG EXTENDER
2023-08,RY1,MG,MG Extender,MG Extender Double Cab,,,,,,,F,PICKUP,VOLUME,ICE,MASS,65.0,MG MG EXTENDER
2023-09,RY1,MG,MG HS,MG HS,,,,,,,C,CROSSOVER,MIXED,MIXED,MASS,65.0,MG HS
2024-03,RY1,BYD,Seal,Seal,STD RWD,STD,RWD,,,,D,SEDAN,UPPER,BEV,MASS,65.0,BYD BYD SEAL STD RWD
2024-10,RY1,BYD,Dolphin,Dolphin,490KM-EXT,EXT,,490.0,,,B,HATCHBACK,VOLUME,BEV,MASS,65.0,BYD BYD DOLPHIN (490KM-EXT)
2025-01,RY1,BYD,BYD M6,BYD M6,DYNAMIC,DYNAMIC,,,,,C,MPV,VOLUME,BEV,MASS,65.0,BYD BYD M6 DYNAMIC
2025-02,RY1,BYD,Dolphin,Dolphin,490KM-EXT,EXT,,490.0,,,B,HATCHBACK,VOLUME,BEV,MASS,65.0,BYD BYD DOLPHIN (490KM-EXT)
2025-02,RY1,Changan,Changan Lumin,Changan Lumin,L DC,,,,,,A,HATCHBACK,ENTRY,BEV,MASS,65.0,CHANGAN LUMIN L DC
2025-09,RY1,BYD,Sealion 6 DM-i,Sealion 6 DM-i,DYNAMIC,DYNAMIC,,,,,C,CROSSOVER,VOLUME,PHEV,MASS,65.0,BYD BYD SEALION 6 DM-i DYNAMIC
2026-01,RY1,Neta,Neta V,Neta V,,,,,,,A,CROSSOVER,VOLUME,BEV,BUDGET,64.0,NETA NETA V-II
2024-11,RY1,MG,MG HS,MG HS,PHEV,,,,,PHEV,C,CROSSOVER,MIXED,MIXED,MASS,64.0,MG HS PHEV
2025-05,RY1,GWM,Tank 300,Tank 300,,,,,,,C,PPV,UPPER,HEV,MASS,64.0,GWM GWM TANK 300
2025-07,RY1,XPeng,XPeng G6,XPeng G6,STANDARD RANGE,STANDARD RANGE,,,,,D,CROSSOVER,UPPER,BEV,PREMIUM_TECH,64.0,XPENG G6 STANDARD RANGE
2025-07,RY1,XPeng,XPeng X9,XPeng X9,STANDARD RANGE,STANDARD RANGE,,,,,E,MPV,LUXURY,BEV,PREMIUM_TECH,64.0,XPENG X9 STANDARD RANGE
2025-08,RY1,BYD,Sealion 6 DM-i,Sealion 6 DM-i,DYNAMIC,DYNAMIC,,,,,C,CROSSOVER,VOLUME,PHEV,MASS,64.0,BYD BYD SEALION 6 DM-i DYNAMIC
2022-08,RY1,MG,MG3,MG3,NEW,,,,,,B,HATCHBACK,VOLUME,HEV,MASS,63.0,MG NEW MG3
2022-12,RY1,MG,MG HS,MG HS,,,,,,,C,CROSSOVER,MIXED,MIXED,MASS,63.0,MG HS
2023-09,RY1,Tesla,Model 3,Model 3,PERFORMANCE,PERFORMANCE,,,,,D,SEDAN,MIXED,BEV,PREMIUM_TECH,63.0,TESLA Model 3 Performance
2023-12,RY1,MG,MG HS,MG HS,,,,,,,C,CROSSOVER,MIXED,MIXED,MASS,63.0,MG HS
2024-04,RY1,MG,MG EP,MG EP,,,,,,,B,WAGON,VOLUME,BEV,MASS,63.0,MG EP
2024-07,RY1,Neta,Neta V,Neta V,,,,,,,A,CROSSOVER,VOLUME,BEV,BUDGET,63.0,NETA NETA V-II
2024-08,RY1,Neta,Neta V,Neta V,,,,,,,A,CROSSOVER,VOLUME,BEV,BUDGET,63.0,NETA NETA V
2024-08,RY1,Tesla,Model Y,Model Y,LONG RANGE,LONG RANGE,,,,,D,CROSSOVER,MIXED,BEV,PREMIUM_TECH,63.0,TESLA MODEL Y LONG RANGE
2024-09,RY1,MG,MG EP,MG EP,,,,,,,B,WAGON,VOLUME,BEV,MASS,63.0,MG EP
2025-05,RY1,MG,MG ZS,MG ZS,,,,,,,B,CROSSOVER,VOLUME,ICE,MASS,63.0,MG ZS
2025-09,RY1,Aion,Hyptec HT,Hyptec HT,620 PREMIUM,PREMIUM,,620.0,,,D,CROSSOVER,UPPER,BEV,MASS,63.0,AION HYPTEC HT 620 PREMIUM
2022-05,RY3,MG,MG Extender,MG Extender Cab,,,,,,,F,PICKUP,VOLUME,ICE,MASS,62.0,MG MG EXTENDER
2023-06,RY1,Tesla,Model 3,Model 3,PERFORMANCE,PERFORMANCE,,,,,D,SEDAN,MIXED,BEV,PREMIUM_TECH,62.0,TESLA Model 3 Performance
2023-07,RY1,MG,MG HS,MG HS,,,,,,,C,CROSSOVER,MIXED,MIXED,MASS,62.0,MG HS
2023-08,RY1,MG,MG HS,MG HS,PHEV,,,,,PHEV,C,CROSSOVER,MIXED,MIXED,MASS,62.0,MG HS PHEV
2024-04,RY1,GWM,Haval H6,Haval H6,HEV ULTRA,ULTRA,,,,HEV,C,CROSSOVER,UPPER,MIXED,MASS,62.0,HAVAL H6 HEV ULTRA
2024-05,RY1,GWM,Tank 300,Tank 300,,,,,,,C,PPV,UPPER,HEV,MASS,62.0,GWM TANK 300 HYBRID
2024-06,RY1,Deepal,Deepal L07,Deepal L07,,,,,,,D,SEDAN,UPPER,BEV,MASS,62.0,DEEPAL L07
2024-07,RY1,GWM,Haval H6,Haval H6,HEV ULTRA,ULTRA,,,,HEV,C,CROSSOVER,UPPER,MIXED,MASS,62.0,HAVAL H6 HEV ULTRA
2024-12,RY1,MG,MG Extender,MG Extender Double Cab,,,,,,,F,PICKUP,VOLUME,ICE,MASS,62.0,MG MG EXTENDER
2025-03,RY3,MG,MG Extender,MG Extender Cab,,,,,,,F,PICKUP,VOLUME,ICE,MASS,62.0,MG MG EXTENDER
2025-04,RY1,MG,MG HS,MG HS,PHEV,,,,,PHEV,C,CROSSOVER,MIXED,MIXED,MASS,62.0,MG HS PHEV
2023-07,RY1,MG,MG HS,MG HS,PHEV,,,,,PHEV,C,CROSSOVER,MIXED,MIXED,MASS,61.0,MG HS PHEV
2023-11,RY1,Tesla,Model Y,Model Y,PERFORMANCE,PERFORMANCE,,,,,D,CROSSOVER,MIXED,BEV,PREMIUM_TECH,61.0,TESLA MODEL Y PERFORMANCE
2024-09,RY1,BYD,Seal,Seal,EXD RWD,,RWD,,,,D,SEDAN,UPPER,BEV,MASS,61.0,BYD BYD SEAL EXD RWD
2025-03,RY1,MG,MG HS,MG HS,PHEV,,,,,PHEV,C,CROSSOVER,MIXED,MIXED,MASS,61.0,MG HS PHEV
2025-07,RY1,Deepal,Deepal S05,Deepal S05,MAX,MAX,,,,,B,CROSSOVER,VOLUME,MIXED,MASS,61.0,DEEPAL S05 MAX
2025-08,RY1,GWM,Haval H6,Haval H6,PLUG-IN HYBRID,,,,,PHEV,C,CROSSOVER,UPPER,MIXED,MASS,61.0,HAVAL H6 PLUG-IN HYBRID
2025-10,RY1,GWM,Haval H6,Haval H6,PLUG-IN HYBRID,,,,,PHEV,C,CROSSOVER,UPPER,MIXED,MASS,61.0,HAVAL H6 PLUG-IN HYBRID
2025-10,RY1,XPeng,XPeng X9,XPeng X9,LONG RANGE,LONG RANGE,,,,,E,MPV,LUXURY,BEV,PREMIUM_TECH,61.0,XPENG X9 LONG RANGE
2025-11,RY1,Jaecoo,Jaecoo 7,Jaecoo 7,Max,MAX,,,,,C,CROSSOVER,UPPER,PHEV,MASS,61.0,JAECOO 7 SHS Max
2025-12,RY1,GWM,Haval H6,Haval H6,PLUG-IN HYBRID,,,,,PHEV,C,CROSSOVER,UPPER,MIXED,MASS,61.0,HAVAL H6 PLUG-IN HYBRID
2022-11,RY1,BYD,Atto 3,Atto 3,,,,,,,B,CROSSOVER,VOLUME,BEV,MASS,60.0,BYD BYD ATTO 3
2024-04,RY1,GWM,Tank 300,Tank 300,,,,,,,C,PPV,UPPER,HEV,MASS,60.0,GWM TANK 300 HYBRID
2024-11,RY1,Changan,Changan Lumin,Changan Lumin,L DC,,,,,,A,HATCHBACK,ENTRY,BEV,MASS,60.0,CHANGAN LUMIN L DC
2025-03,RY1,Tesla,Model Y,Model Y,Rear-Wheel Drive,,,,,,D,CROSSOVER,MIXED,BEV,PREMIUM_TECH,60.0,TESLA Model Y Rear-Wheel Drive
2025-05,RY1,BYD,BYD M6,BYD M6,DYNAMIC,DYNAMIC,,,,,C,MPV,VOLUME,BEV,MASS,60.0,BYD BYD M6 DYNAMIC
2025-09,RY1,GWM,Ora Good Cat,Ora Good Cat,07,,,,,,B,HATCHBACK,VOLUME,BEV,MASS,60.0,ORA ORA 07
2025-10,RY1,GWM,Ora Good Cat,Ora Good Cat,07,,,,,,B,HATCHBACK,VOLUME,BEV,MASS,60.0,ORA ORA 07
2023-08,RY1,MG,MG HS,MG HS,,,,,,,C,CROSSOVER,MIXED,MIXED,MASS,59.0,MG HS
2024-05,RY1,MG,MG HS,MG HS,,,,,,,C,CROSSOVER,MIXED,MIXED,MASS,59.0,MG HS
2024-08,RY1,GWM,Tank 300,Tank 300,,,,,,,C,PPV,UPPER,HEV,MASS,59.0,GWM TANK 300 HYBRID
2024-10,RY1,MG,MG EP,MG EP,,,,,,,B,WAGON,VOLUME,BEV,MASS,59.0,MG EP
2024-11,RY1,MG,MG EP,MG EP,,,,,,,B,WAGON,VOLUME,BEV,MASS,59.0,MG EP
2025-01,RY1,Zeekr,Zeekr X,Zeekr X,,,,,,,B,CROSSOVER,UPPER,BEV,PREMIUM_TECH,59.0,ZEEKR ZEEKR X
2025-03,RY1,GWM,Tank 300,Tank 300,,,,,,,C,PPV,UPPER,HEV,MASS,59.0,GWM TANK 300 HYBRID
2025-11,RY3,BYD,BYD T3,BYD T3,,,,,,,UNKNOWN,VAN,VOLUME,BEV,MASS,59.0,BYD T3
2023-05,RY1,Tesla,Model 3,Model 3,Rear-Wheel Drive,,,,,,D,SEDAN,MIXED,BEV,PREMIUM_TECH,58.0,TESLA Model 3 Rear-Wheel Drive
2024-09,RY1,Tesla,Model 3,Model 3,LONG RANGE,LONG RANGE,,,,,D,SEDAN,MIXED,BEV,PREMIUM_TECH,58.0,TESLA MODEL 3 LONG RANGE
2025-01,RY1,BYD,Seal,Seal,STD RWD,STD,RWD,,,,D,SEDAN,UPPER,BEV,MASS,58.0,BYD BYD SEAL STD RWD
2025-05,RY1,MG,MG HS,MG HS,PHEV,,,,,PHEV,C,CROSSOVER,MIXED,MIXED,MASS,58.0,MG HS PHEV
2025-05,RY1,MG,MG ZS EV,MG ZS EV,,,,,,,B,CROSSOVER,VOLUME,BEV,MASS,58.0,MG ZS EV
2026-01,RY1,MG,MG VS HEV,MG VS HEV,,,,,,,B,CROSSOVER,VOLUME,HEV,MASS,57.0,MG VS HEV
2022-02,RY1,MG,MG EP,MG EP,,,,,,,B,WAGON,VOLUME,BEV,MASS,57.0,MG EP
2024-05,RY1,Tesla,Model Y,Model Y,Rear-Wheel Drive,,,,,,D,CROSSOVER,MIXED,BEV,PREMIUM_TECH,57.0,TESLA Model Y Rear-Wheel Drive
2024-12,RY1,MG,MG ZS,MG ZS,,,,,,,B,CROSSOVER,VOLUME,ICE,MASS,57.0,MG ZS
2024-12,RY1,Tesla,Model 3,Model 3,PERFORMANCE,PERFORMANCE,,,,,D,SEDAN,MIXED,BEV,PREMIUM_TECH,57.0,TESLA Model 3 Performance
2025-02,RY1,BYD,Atto 3,Atto 3,480KM-EXT,EXT,,480.0,,,B,CROSSOVER,VOLUME,BEV,MASS,57.0,BYD BYD ATTO3 (480KM-EXT)
2025-02,RY1,XPeng,XPeng G6,XPeng G6,LONG RANGE,LONG RANGE,,,,,D,CROSSOVER,UPPER,BEV,PREMIUM_TECH,57.0,XPENG G6 LONG RANGE
2025-07,RY1,Tesla,Model Y,Model Y,LONG RANGE,LONG RANGE,,,,,D,CROSSOVER,MIXED,BEV,PREMIUM_TECH,57.0,TESLA MODEL Y LONG RANGE
2025-10,RY1,XPeng,XPeng X9,XPeng X9,LONG RANGE EXECUTIVE,LONG RANGE,,,,,E,MPV,LUXURY,BEV,PREMIUM_TECH,57.0,XPENG X9 LONG RANGE(EXECUTIVE)
2026-01,RY1,Chery,Omoda C5,Omoda C5,EV Long Range Dynamic,LONG RANGE,,,,BEV,B,CROSSOVER,VOLUME,BEV,MASS,56.0,OMODA C5 EV Long Range Dynamic
2022-10,RY3,MG,MG Extender,MG Extender Cab,,,,,,,F,PICKUP,VOLUME,ICE,MASS,56.0,MG MG EXTENDER
2023-04,RY1,Tesla,Model Y,Model Y,Rear-Wheel Drive,,,,,,D,CROSSOVER,MIXED,BEV,PREMIUM_TECH,56.0,TESLA Model Y Rear-Wheel Drive
2023-11,RY1,GWM,Haval H6,Haval H6,PLUG-IN HYBRID,,,,,PHEV,C,CROSSOVER,UPPER,MIXED,MASS,56.0,HAVAL H6 PLUG-IN HYBRID
2024-04,RY1,Tesla,Model 3,Model 3,LONG RANGE,LONG RANGE,,,,,D,SEDAN,MIXED,BEV,PREMIUM_TECH,56.0,TESLA MODEL 3 LONG RANGE
2024-05,RY1,MG,MG Maxus 9,MG Maxus 9,,,,,,,E,MPV,LUXURY,BEV,MASS,56.0,MG MAXUS 9
2024-08,RY1,MG,MG ZS EV,MG ZS EV,,,,,,,B,CROSSOVER,VOLUME,BEV,MASS,56.0,MG ZS EV
2024-09,RY1,Wuling,Wuling Bingo,Wuling Bingo,SRD,,,,,,A,HATCHBACK,ENTRY,BEV,BUDGET,56.0,WULING Binguo SRD
2025-01,RY1,XPeng,XPeng G6,XPeng G6,STANDARD RANGE,STANDARD RANGE,,,,,D,CROSSOVER,UPPER,BEV,PREMIUM_TECH,56.0,XPENG G6 STANDARD RANGE
2023-06,RY1,MG,MG HS,MG HS,,,,,,,C,CROSSOVER,MIXED,MIXED,MASS,55.0,MG HS
2023-10,RY1,MG,MG HS,MG HS,,,,,,,C,CROSSOVER,MIXED,MIXED,MASS,55.0,MG HS
2023-11,RY1,BYD,Seal,Seal,STD RWD,STD,RWD,,,,D,SEDAN,UPPER,BEV,MASS,55.0,BYD BYD SEAL STD RWD
2024-02,RY1,MG,MG Extender,MG Extender Double Cab,,,,,,,F,PICKUP,VOLUME,ICE,MASS,55.0,MG MG EXTENDER
2024-10,RY1,Wuling,Wuling Bingo,Wuling Bingo,SRD,,,,,,A,HATCHBACK,ENTRY,BEV,BUDGET,55.0,WULING Binguo SRD
2025-02,RY1,XPeng,XPeng G6,XPeng G6,STANDARD RANGE,STANDARD RANGE,,,,,D,CROSSOVER,UPPER,BEV,PREMIUM_TECH,55.0,XPENG G6 STANDARD RANGE
2025-06,RY1,Deepal,Deepal L07,Deepal L07,,,,,,,D,SEDAN,UPPER,BEV,MASS,55.0,DEEPAL L07
2025-07,RY1,MG,MG ZS,MG ZS,,,,,,,B,CROSSOVER,VOLUME,ICE,MASS,55.0,MG ZS
2025-08,RY1,XPeng,XPeng G6,XPeng G6,STANDARD RANGE,STANDARD RANGE,,,,,D,CROSSOVER,UPPER,BEV,PREMIUM_TECH,55.0,XPENG G6 STANDARD RANGE
2025-11,RY1,BYD,Seal,Seal,EXD RWD,,RWD,,,,D,SEDAN,UPPER,BEV,MASS,55.0,BYD BYD SEAL EXD RWD
2025-12,RY1,XPeng,XPeng X9,XPeng X9,LONG RANGE EXECUTIVE,LONG RANGE,,,,,E,MPV,LUXURY,BEV,PREMIUM_TECH,55.0,XPENG X9 LONG RANGE(EXECUTIVE)
2023-09,RY1,Tesla,Model Y,Model Y,Rear-Wheel Drive,,,,,,D,CROSSOVER,MIXED,BEV,PREMIUM_TECH,54.0,TESLA Model Y Rear-Wheel Drive
2024-01,RY1,GWM,Haval H6,Haval H6,PLUG-IN HYBRID,,,,,PHEV,C,CROSSOVER,UPPER,MIXED,MASS,54.0,HAVAL H6 PLUG-IN HYBRID
2024-09,RY1,Deepal,Deepal L07,Deepal L07,,,,,,,D,SEDAN,UPPER,BEV,MASS,54.0,DEEPAL L07
2024-11,RY1,MG,MG VS HEV,MG VS HEV,,,,,,,B,CROSSOVER,VOLUME,HEV,MASS,54.0,MG VS HEV
2024-12,RY1,Zeekr,Zeekr X,Zeekr X,,,,,,,B,CROSSOVER,UPPER,BEV,PREMIUM_TECH,54.0,ZEEKR ZEEKR X
2025-03,RY1,Avatr,Avatr 11,Avatr 11,LONG RANGE,LONG RANGE,,,,,D,CROSSOVER,LUXURY,BEV,PREMIUM_TECH,54.0,AVATR AVATR 11 LONG RANGE
2025-03,RY1,BYD,Atto 3,Atto 3,480KM-EXT,EXT,,480.0,,,B,CROSSOVER,VOLUME,BEV,MASS,54.0,BYD BYD ATTO3 (480KM-EXT)
2025-04,RY1,BYD,Seal,Seal,EXD RWD,,RWD,,,,D,SEDAN,UPPER,BEV,MASS,54.0,BYD BYD SEAL EXD RWD
2025-05,RY1,Denza,Denza D9,Denza D9,AWD,,AWD,,,,E,MPV,LUXURY,MIXED,PREMIUM_LUXURY,54.0,DENZA DENZA D9 AWD
2025-12,RY1,MG,MG ZS EV,MG ZS EV,,,,,,,B,CROSSOVER,VOLUME,BEV,MASS,54.0,MG ZS EV
2022-08,RY1,GWM,Haval H6,Haval H6,HEV PRO,PRO,,,,HEV,C,CROSSOVER,UPPER,MIXED,MASS,53.0,HAVAL H6 HEV PRO
2023-07,RY1,Tesla,Model Y,Model Y,PERFORMANCE,PERFORMANCE,,,,,D,CROSSOVER,MIXED,BEV,PREMIUM_TECH,53.0,TESLA MODEL Y PERFORMANCE
2024-06,RY1,GWM,Haval H6,Haval H6,PLUG-IN HYBRID,,,,,PHEV,C,CROSSOVER,UPPER,MIXED,MASS,53.0,HAVAL H6 PLUG-IN HYBRID
2024-08,RY1,BYD,Seal,Seal,EXD RWD,,RWD,,,,D,SEDAN,UPPER,BEV,MASS,53.0,BYD BYD SEAL EXD RWD
2024-08,RY1,MG,MG Maxus 9,MG Maxus 9,,,,,,,E,MPV,LUXURY,BEV,MASS,53.0,MG MAXUS 9
2024-08,RY1,GWM,Ora Good Cat,Ora Good Cat,07,,,,,,B,HATCHBACK,VOLUME,BEV,MASS,53.0,ORA ORA 07
2024-11,RY1,Wuling,Wuling Bingo,Wuling Bingo,SRD,,,,,,A,HATCHBACK,ENTRY,BEV,BUDGET,53.0,WULING Binguo SRD
2025-02,RY1,BYD,Seal,Seal,EXD RWD,,RWD,,,,D,SEDAN,UPPER,BEV,MASS,53.0,BYD BYD SEAL EXD RWD
2025-04,RY1,Avatr,Avatr 11,Avatr 11,LONG RANGE,LONG RANGE,,,,,D,CROSSOVER,LUXURY,BEV,PREMIUM_TECH,53.0,AVATR AVATR 11 LONG RANGE
2026-01,RY1,Tesla,Model Y,Model Y,Rear-Wheel Drive,,,,,,D,CROSSOVER,MIXED,BEV,PREMIUM_TECH,52.0,TESLA Model Y Rear-Wheel Drive
2022-07,RY1,GWM,Haval H6,Haval H6,HEV PRO,PRO,,,,HEV,C,CROSSOVER,UPPER,MIXED,MASS,52.0,HAVAL H6 HEV PRO
2023-08,RY1,Tesla,Model 3,Model 3,Rear-Wheel Drive,,,,,,D,SEDAN,MIXED,BEV,PREMIUM_TECH,52.0,TESLA Model 3 Rear-Wheel Drive
2024-02,RY1,GWM,Ora Good Cat,Ora Good Cat,07,,,,,,B,HATCHBACK,VOLUME,BEV,MASS,52.0,ORA ORA 07
2024-04,RY1,BYD,Seal,Seal,STD RWD,STD,RWD,,,,D,SEDAN,UPPER,BEV,MASS,52.0,BYD BYD SEAL STD RWD
2024-07,RY1,BYD,Seal,Seal,STD RWD,STD,RWD,,,,D,SEDAN,UPPER,BEV,MASS,52.0,BYD BYD SEAL STD RWD
2024-11,RY1,Tesla,Model 3,Model 3,PERFORMANCE,PERFORMANCE,,,,,D,SEDAN,MIXED,BEV,PREMIUM_TECH,52.0,TESLA Model 3 Performance
2024-12,RY1,BYD,BYD M6,BYD M6,DYNAMIC,DYNAMIC,,,,,C,MPV,VOLUME,BEV,MASS,52.0,BYD BYD M6 DYNAMIC
2024-12,RY1,Wuling,Wuling Bingo,Wuling Bingo,SRD,,,,,,A,HATCHBACK,ENTRY,BEV,BUDGET,52.0,WULING Binguo SRD
2025-02,RY3,MG,MG Extender,MG Extender Cab,,,,,,,F,PICKUP,VOLUME,ICE,MASS,52.0,MG MG EXTENDER
2026-01,RY1,GWM,Haval Jolion,Haval Jolion,HYBRID,,,,,HEV,B,CROSSOVER,VOLUME,HEV,MASS,51.0,HAVAL JOLION HYBRID
2023-10,RY1,GWM,Haval H6,Haval H6,PLUG-IN HYBRID,,,,,PHEV,C,CROSSOVER,UPPER,MIXED,MASS,51.0,HAVAL H6 PLUG-IN HYBRID
2024-08,RY1,MG,MG EP,MG EP,,,,,,,B,WAGON,VOLUME,BEV,MASS,51.0,MG EP
2024-10,RY1,GWM,Haval H6,Haval H6,HEV ULTRA,ULTRA,,,,HEV,C,CROSSOVER,UPPER,MIXED,MASS,51.0,HAVAL H6 HEV ULTRA
2025-01,RY1,Deepal,Deepal S07,Deepal S07,L,,,,,,C,CROSSOVER,UPPER,BEV,MASS,51.0,DEEPAL S07 L
2025-06,RY1,MG,MG ZS,MG ZS,,,,,,,B,CROSSOVER,VOLUME,ICE,MASS,51.0,MG ZS
2025-07,RY1,Aion,Aion ES,Aion ES,,,,,,,C,SEDAN,VOLUME,BEV,MASS,51.0,AION AION ES
2025-08,RY1,Avatr,Avatr 11,Avatr 11,LONG RANGE,LONG RANGE,,,,,D,CROSSOVER,LUXURY,BEV,PREMIUM_TECH,51.0,AVATR AVATR 11 LONG RANGE
2025-10,RY1,Jaecoo,Jaecoo 7,Jaecoo 7,Max,MAX,,,,,C,CROSSOVER,UPPER,PHEV,MASS,51.0,JAECOO 7 SHS Max
2025-12,RY1,Neta,Neta V,Neta V,,,,,,,A,CROSSOVER,VOLUME,BEV,BUDGET,51.0,NETA NETA V-II
2026-01,RY1,GAC,GAC M8,GAC M8,PHEV PREMIUM,PREMIUM,,,,PHEV,E,MPV,LUXURY,PHEV,MASS,50.0,GAC M8 PHEV PREMIUM
2023-11,RY1,MG,MG Extender,MG Extender Double Cab,,,,,,,F,PICKUP,VOLUME,ICE,MASS,50.0,MG MG EXTENDER
2024-06,RY1,Tesla,Model Y,Model Y,Rear-Wheel Drive,,,,,,D,CROSSOVER,MIXED,BEV,PREMIUM_TECH,50.0,TESLA Model Y Rear-Wheel Drive
2024-07,RY1,GWM,Tank 300,Tank 300,,,,,,,C,PPV,UPPER,HEV,MASS,50.0,GWM TANK 300 HYBRID
2024-07,RY1,MG,MG Maxus 9,MG Maxus 9,,,,,,,E,MPV,LUXURY,BEV,MASS,50.0,MG MAXUS 9
2024-10,RY1,Neta,Neta V,Neta V,,,,,,,A,CROSSOVER,VOLUME,BEV,BUDGET,50.0,NETA NETA V
2024-11,RY1,GWM,Tank 300,Tank 300,,,,,,,C,PPV,UPPER,HEV,MASS,50.0,GWM TANK 300 HYBRID
2024-11,RY1,Tesla,Model 3,Model 3,LONG RANGE,LONG RANGE,,,,,D,SEDAN,MIXED,BEV,PREMIUM_TECH,50.0,TESLA MODEL 3 LONG RANGE
2025-03,RY1,BYD,BYD M6,BYD M6,DYNAMIC,DYNAMIC,,,,,C,MPV,VOLUME,BEV,MASS,50.0,BYD BYD M6 DYNAMIC
2025-04,RY1,Changan,Changan Lumin,Changan Lumin,,,,,,,A,HATCHBACK,ENTRY,BEV,MASS,50.0,CHANGAN LUMIN
2025-05,RY1,GWM,Haval H6,Haval H6,PLUG-IN HYBRID,,,,,PHEV,C,CROSSOVER,UPPER,MIXED,MASS,50.0,HAVAL H6 PLUG-IN HYBRID
2025-06,RY1,BYD,BYD M6,BYD M6,DYNAMIC,DYNAMIC,,,,,C,MPV,VOLUME,BEV,MASS,50.0,BYD BYD M6 DYNAMIC
2025-11,RY1,Tesla,Model 3,Model 3,PERFORMANCE,PERFORMANCE,,,,,D,SEDAN,MIXED,BEV,PREMIUM_TECH,50.0,TESLA Model 3 Performance
2025-11,RY1,XPeng,XPeng X9,XPeng X9,LONG RANGE,LONG RANGE,,,,,E,MPV,LUXURY,BEV,PREMIUM_TECH,50.0,XPENG X9 LONG RANGE
2022-12,RY1,Neta,Neta V,Neta V,,,,,,,A,CROSSOVER,VOLUME,BEV,BUDGET,49.0,NETA NETA V
2023-12,RY1,Neta,Neta V,Neta V,,,,,,,A,CROSSOVER,VOLUME,BEV,BUDGET,49.0,NETA NETA V
2024-07,RY1,Deepal,Deepal L07,Deepal L07,,,,,,,D,SEDAN,UPPER,BEV,MASS,49.0,DEEPAL L07
2024-08,RY1,GWM,Haval H6,Haval H6,HEV ULTRA,ULTRA,,,,HEV,C,CROSSOVER,UPPER,MIXED,MASS,49.0,HAVAL H6 HEV ULTRA
2025-02,RY1,Aion,Hyptec HT,Hyptec HT,620 LUXURY,LUXURY,,620.0,,,D,CROSSOVER,UPPER,BEV,MASS,49.0,AION HYPTEC HT 620 LUXURY
2025-06,RY1,GWM,Ora Good Cat,Ora Good Cat,07,,,,,,B,HATCHBACK,VOLUME,BEV,MASS,49.0,ORA ORA 07
2025-07,RY1,Chery,Omoda C5,Omoda C5,EV Long Range Max,LONG RANGE MAX,,,,BEV,B,CROSSOVER,VOLUME,BEV,MASS,49.0,OMODA C5 EV Long Range Max
2025-11,RY1,Jaecoo,Jaecoo 5 EV,Jaecoo 5 EV,Long Range Dynamic,LONG RANGE,,,,,B,CROSSOVER,VOLUME,BEV,MASS,49.0,JAECOO 5 EV Long Range Dynamic
2025-11,RY1,Wuling,Wuling Bingo,Wuling Bingo,SRDTH,,,,,,A,HATCHBACK,ENTRY,BEV,BUDGET,49.0,WULING Binguo SRDTH
2024-05,RY1,GWM,Haval H6,Haval H6,PLUG-IN HYBRID,,,,,PHEV,C,CROSSOVER,UPPER,MIXED,MASS,48.0,HAVAL H6 PLUG-IN HYBRID
2024-05,RY1,MG,MG EP,MG EP,,,,,,,B,WAGON,VOLUME,BEV,MASS,48.0,MG EP
2024-11,RY1,BYD,BYD M6,BYD M6,DYNAMIC,DYNAMIC,,,,,C,MPV,VOLUME,BEV,MASS,48.0,BYD BYD M6 DYNAMIC
2024-11,RY1,Deepal,Deepal L07,Deepal L07,,,,,,,D,SEDAN,UPPER,BEV,MASS,48.0,DEEPAL L07
2025-02,RY1,Denza,Denza D9,Denza D9,AWD,,AWD,,,,E,MPV,LUXURY,MIXED,PREMIUM_LUXURY,48.0,DENZA DENZA D9 AWD
2025-03,RY1,Wuling,Wuling Bingo,Wuling Bingo,SRD,,,,,,A,HATCHBACK,ENTRY,BEV,BUDGET,48.0,WULING Binguo SRD
2025-04,RY1,MG,MG ZS EV,MG ZS EV,,,,,,,B,CROSSOVER,VOLUME,BEV,MASS,48.0,MG ZS EV
2025-12,RY1,Aion,Aion Y Plus,Aion Y Plus,,,,,,,B,CROSSOVER,VOLUME,BEV,MASS,48.0,AION AION Y PLUS
2025-12,RY1,Tesla,Model 3,Model 3,Rear-Wheel Drive,,,,,,D,SEDAN,MIXED,BEV,PREMIUM_TECH,48.0,TESLA Model 3 Rear-Wheel Drive
2022-04,RY3,MG,MG Extender,MG Extender Cab,,,,,,,F,PICKUP,VOLUME,ICE,MASS,47.0,MG MG EXTENDER
2022-07,RY3,MG,MG Extender,MG Extender Cab,,,,,,,F,PICKUP,VOLUME,ICE,MASS,47.0,MG MG EXTENDER
2023-01,RY3,MG,MG Extender,MG Extender Cab,,,,,,,F,PICKUP,VOLUME,ICE,MASS,47.0,MG MG EXTENDER
2024-04,RY1,Deepal,Deepal L07,Deepal L07,,,,,,,D,SEDAN,UPPER,BEV,MASS,47.0,DEEPAL L07
2024-07,RY1,MG,MG Extender,MG Extender Double Cab,,,,,,,F,PICKUP,VOLUME,ICE,MASS,47.0,MG MG EXTENDER
2024-08,RY1,BYD,Seal,Seal,STD RWD,STD,RWD,,,,D,SEDAN,UPPER,BEV,MASS,47.0,BYD BYD SEAL STD RWD
2024-12,RY1,BYD,Seal,Seal,STD RWD,STD,RWD,,,,D,SEDAN,UPPER,BEV,MASS,47.0,BYD BYD SEAL STD RWD
2025-05,RY1,Zeekr,Zeekr X,Zeekr X,,,,,,,B,CROSSOVER,UPPER,BEV,PREMIUM_TECH,47.0,ZEEKR ZEEKR X
2025-06,RY1,Tesla,Model 3,Model 3,Rear-Wheel Drive,,,,,,D,SEDAN,MIXED,BEV,PREMIUM_TECH,47.0,TESLA Model 3 Rear-Wheel Drive
2025-07,RY1,GWM,Ora Good Cat,Ora Good Cat,07,,,,,,B,HATCHBACK,VOLUME,BEV,MASS,47.0,ORA ORA 07
2025-09,RY1,MG,MG EP,MG EP,,,,,,,B,WAGON,VOLUME,BEV,MASS,47.0,MG EP
2022-09,RY1,MG,MG3,MG3,NEW,,,,,,B,HATCHBACK,VOLUME,HEV,MASS,46.0,MG NEW MG3
2023-05,RY1,Tesla,Model 3,Model 3,PERFORMANCE,PERFORMANCE,,,,,D,SEDAN,MIXED,BEV,PREMIUM_TECH,46.0,TESLA Model 3 Performance
2024-03,RY1,MG,MG Extender,MG Extender Double Cab,,,,,,,F,PICKUP,VOLUME,ICE,MASS,46.0,MG MG EXTENDER
2024-09,RY1,BYD,Seal,Seal,STD RWD,STD,RWD,,,,D,SEDAN,UPPER,BEV,MASS,46.0,BYD BYD SEAL STD RWD
2024-10,RY1,Tesla,Model 3,Model 3,Rear-Wheel Drive,,,,,,D,SEDAN,MIXED,BEV,PREMIUM_TECH,46.0,TESLA Model 3 Rear-Wheel Drive
2024-11,RY1,Aion,Hyptec HT,Hyptec HT,620 PREMIUM,PREMIUM,,620.0,,,D,CROSSOVER,UPPER,BEV,MASS,46.0,AION HYPTEC HT 620 PREMIUM
2025-02,RY1,Avatr,Avatr 11,Avatr 11,LONG RANGE,LONG RANGE,,,,,D,CROSSOVER,LUXURY,BEV,PREMIUM_TECH,46.0,AVATR AVATR 11 LONG RANGE
2025-05,RY1,BYD,Seal,Seal,EXD AWD,,AWD,,,,D,SEDAN,UPPER,BEV,MASS,46.0,BYD BYD SEAL EXD AWD
2025-10,RY1,GWM,Haval Jolion,Haval Jolion,HYBRID,,,,,HEV,B,CROSSOVER,VOLUME,HEV,MASS,46.0,HAVAL JOLION HYBRID
2022-07,RY1,MG,MG3,MG3,NEW,,,,,,B,HATCHBACK,VOLUME,HEV,MASS,45.0,MG NEW MG3
2024-02,RY1,Deepal,Deepal L07,Deepal L07,,,,,,,D,SEDAN,UPPER,BEV,MASS,45.0,DEEPAL L07
2024-06,RY1,MG,MG Maxus 9,MG Maxus 9,,,,,,,E,MPV,LUXURY,BEV,MASS,45.0,MG MAXUS 9
2024-07,RY1,GWM,Ora Good Cat,Ora Good Cat,07,,,,,,B,HATCHBACK,VOLUME,BEV,MASS,45.0,ORA ORA 07
2024-11,RY1,BYD,Seal,Seal,STD RWD,STD,RWD,,,,D,SEDAN,UPPER,BEV,MASS,45.0,BYD BYD SEAL STD RWD
2024-11,RY1,GWM,Haval H6,Haval H6,PLUG-IN HYBRID,,,,,PHEV,C,CROSSOVER,UPPER,MIXED,MASS,45.0,HAVAL H6 PLUG-IN HYBRID
2025-02,RY1,BYD,BYD M6,BYD M6,DYNAMIC,DYNAMIC,,,,,C,MPV,VOLUME,BEV,MASS,45.0,BYD BYD M6 DYNAMIC
2025-02,RY1,Zeekr,Zeekr X,Zeekr X,,,,,,,B,CROSSOVER,UPPER,BEV,PREMIUM_TECH,45.0,ZEEKR ZEEKR X
2025-03,RY1,Neta,Neta X,Neta X,,,,,,,B,CROSSOVER,VOLUME,BEV,BUDGET,45.0,NETA NETA X
2025-05,RY1,GWM,Haval H6,Haval H6,HEV ULTRA,ULTRA,,,,HEV,C,CROSSOVER,UPPER,MIXED,MASS,45.0,HAVAL H6 HEV ULTRA
2025-06,RY1,MG,MG HS,MG HS,PHEV,,,,,PHEV,C,CROSSOVER,MIXED,MIXED,MASS,45.0,MG HS PHEV
2025-08,RY1,Aion,Hyptec HT,Hyptec HT,620 PREMIUM,PREMIUM,,620.0,,,D,CROSSOVER,UPPER,BEV,MASS,45.0,AION HYPTEC HT 620 PREMIUM
2025-08,RY1,Jaecoo,Jaecoo 6 EV,Jaecoo 6 EV,Long Range 2WD,LONG RANGE,2WD,,,,B,CROSSOVER,VOLUME,BEV,MASS,45.0,JAECOO 6 EV Long Range 2WD
2025-09,RY1,GWM,Haval Jolion,Haval Jolion,HYBRID,,,,,HEV,B,CROSSOVER,VOLUME,HEV,MASS,45.0,HAVAL JOLION HYBRID
2022-01,RY1,GWM,Haval Jolion,Haval Jolion,HYBRID,,,,,HEV,B,CROSSOVER,VOLUME,HEV,MASS,44.0,HAVAL JOLION HYBRID
2022-11,RY3,MG,MG Extender,MG Extender Cab,,,,,,,F,PICKUP,VOLUME,ICE,MASS,44.0,MG MG EXTENDER
2024-04,RY1,MG,MG Maxus 9,MG Maxus 9,,,,,,,E,MPV,LUXURY,BEV,MASS,44.0,MG MAXUS 9
2024-06,RY1,MG,MG HS,MG HS,,,,,,,C,CROSSOVER,MIXED,MIXED,MASS,44.0,MG HS
2024-06,RY1,MG,MG Extender,MG Extender Double Cab,,,,,,,F,PICKUP,VOLUME,ICE,MASS,44.0,MG MG EXTENDER
2024-11,RY1,GWM,Haval H6,Haval H6,HEV ULTRA,ULTRA,,,,HEV,C,CROSSOVER,UPPER,MIXED,MASS,44.0,HAVAL H6 HEV ULTRA
2025-04,RY1,MG,MG Extender,MG Extender Double Cab,,,,,,,F,PICKUP,VOLUME,ICE,MASS,44.0,MG MG EXTENDER
2025-05,RY1,MG,MG Extender,MG Extender Double Cab,,,,,,,F,PICKUP,VOLUME,ICE,MASS,44.0,MG MG EXTENDER
2025-05,RY1,MG,MG VS HEV,MG VS HEV,,,,,,,B,CROSSOVER,VOLUME,HEV,MASS,44.0,MG VS HEV
2025-09,RY1,GWM,Tank 500,Tank 500,,,,,,,E,PPV,LUXURY,HEV,MASS,44.0,GWM GWM TANK 500
2025-11,RY1,GWM,Ora Good Cat,Ora Good Cat,07,,,,,,B,HATCHBACK,VOLUME,BEV,MASS,44.0,ORA ORA 07
2023-02,RY3,MG,MG Extender,MG Extender Cab,,,,,,,F,PICKUP,VOLUME,ICE,MASS,43.0,MG MG EXTENDER
2023-09,RY1,MG,MG HS,MG HS,PHEV,,,,,PHEV,C,CROSSOVER,MIXED,MIXED,MASS,43.0,MG HS PHEV
2024-04,RY1,MG,MG Extender,MG Extender Double Cab,,,,,,,F,PICKUP,VOLUME,ICE,MASS,43.0,MG MG EXTENDER
2024-10,RY1,BYD,Dolphin,Dolphin,EXD,,,,,,B,HATCHBACK,VOLUME,BEV,MASS,43.0,BYD BYD DOLPHIN EXD
2024-12,RY1,Aion,Hyptec HT,Hyptec HT,620 LUXURY,LUXURY,,620.0,,,D,CROSSOVER,UPPER,BEV,MASS,43.0,AION HYPTEC HT 620 LUXURY
2024-12,RY1,MG,MG HS,MG HS,PHEV,,,,,PHEV,C,CROSSOVER,MIXED,MIXED,MASS,43.0,MG HS PHEV
2025-01,RY1,BYD,Atto 3,Atto 3,410KM-DYNAMIC,DYNAMIC,,410.0,,,B,CROSSOVER,VOLUME,BEV,MASS,43.0,BYD BYD ATTO3 (410KM-DYNAMIC)
2025-01,RY1,MG,MG Maxus 7,MG Maxus 7,,,,,,,D,MPV,UPPER,ICE,MASS,43.0,MG MAXUS 7
2025-03,RY1,Aion,Hyptec HT,Hyptec HT,620 LUXURY,LUXURY,,620.0,,,D,CROSSOVER,UPPER,BEV,MASS,43.0,AION HYPTEC HT 620 LUXURY
2025-03,RY1,Denza,Denza D9,Denza D9,AWD,,AWD,,,,E,MPV,LUXURY,MIXED,PREMIUM_LUXURY,43.0,DENZA DENZA D9 AWD
2025-04,RY1,Chery,Omoda C5,Omoda C5,EV Long Range Ultimate,LONG RANGE,,,,BEV,B,CROSSOVER,VOLUME,BEV,MASS,43.0,OMODA C5 EV Long Range Ultimate
2025-07,RY1,XPeng,XPeng G6,XPeng G6,LONG RANGE,LONG RANGE,,,,,D,CROSSOVER,UPPER,BEV,PREMIUM_TECH,43.0,XPENG G6 LONG RANGE
2025-09,RY1,Avatr,Avatr 11,Avatr 11,LONG RANGE,LONG RANGE,,,,,D,CROSSOVER,LUXURY,BEV,PREMIUM_TECH,43.0,AVATR AVATR 11 LONG RANGE
2025-09,RY1,Jaecoo,Jaecoo 6 EV,Jaecoo 6 EV,Long Range 2WD PRO,LONG RANGE,2WD,,,,B,CROSSOVER,VOLUME,BEV,MASS,43.0,JAECOO 6 EV Long Range 2WD PRO
2025-09,RY1,Zeekr,Zeekr X,Zeekr X,,,,,,,B,CROSSOVER,UPPER,BEV,PREMIUM_TECH,43.0,ZEEKR ZEEKR X
2026-01,RY1,Avatr,Avatr 11,Avatr 11,LONG RANGE,LONG RANGE,,,,,D,CROSSOVER,LUXURY,BEV,PREMIUM_TECH,42.0,AVATR AVATR 11 LONG RANGE
2024-02,RY1,GWM,Tank 300,Tank 300,,,,,,,C,PPV,UPPER,HEV,MASS,42.0,GWM TANK 300 HYBRID
2024-09,RY1,Tesla,Model Y,Model Y,Rear-Wheel Drive,,,,,,D,CROSSOVER,MIXED,BEV,PREMIUM_TECH,42.0,TESLA Model Y Rear-Wheel Drive
2024-12,RY1,Deepal,Deepal L07,Deepal L07,,,,,,,D,SEDAN,UPPER,BEV,MASS,42.0,DEEPAL L07
2025-02,RY1,GWM,Tank 300,Tank 300,,,,,,,C,PPV,UPPER,HEV,MASS,42.0,GWM TANK 300 HYBRID
2025-05,RY1,Wuling,Wuling Bingo,Wuling Bingo,SRD,,,,,,A,HATCHBACK,ENTRY,BEV,BUDGET,42.0,WULING Binguo SRD
2025-08,RY1,Deepal,Deepal S05,Deepal S05,PLUS,PLUS,,,,,B,CROSSOVER,VOLUME,MIXED,MASS,42.0,DEEPAL S05 PLUS
2025-08,RY1,Deepal,Deepal S07,Deepal S07,L,,,,,,C,CROSSOVER,UPPER,BEV,MASS,42.0,DEEPAL S07 L
2025-09,RY1,BYD,Seal,Seal,5 DM-i PREMIUM,PREMIUM,,,,PHEV,D,SEDAN,UPPER,BEV,MASS,42.0,BYD BYD SEAL 5 DM-i PREMIUM
2025-09,RY1,MG,MG ZS,MG ZS,,,,,,,B,CROSSOVER,VOLUME,ICE,MASS,42.0,MG ZS
2025-10,RY1,Jaecoo,Jaecoo 6 EV,Jaecoo 6 EV,Long Range 2WD PRO,LONG RANGE,2WD,,,,B,CROSSOVER,VOLUME,BEV,MASS,42.0,JAECOO 6 EV Long Range 2WD PRO
2025-11,RY1,GWM,Haval H6,Haval H6,PLUG-IN HYBRID,,,,,PHEV,C,CROSSOVER,UPPER,MIXED,MASS,42.0,HAVAL H6 PLUG-IN HYBRID
2022-01,RY1,GWM,Haval H6,Haval H6,HEV PRO,PRO,,,,HEV,C,CROSSOVER,UPPER,MIXED,MASS,41.0,HAVAL H6 HEV PRO
2023-04,RY1,Tesla,Model 3,Model 3,Rear-Wheel Drive,,,,,,D,SEDAN,MIXED,BEV,PREMIUM_TECH,41.0,TESLA Model 3 Rear-Wheel Drive
2023-06,RY1,MG,MG Maxus 9,MG Maxus 9,,,,,,,E,MPV,LUXURY,BEV,MASS,41.0,MG MAXUS 9
2023-09,RY1,Tesla,Model 3,Model 3,LONG RANGE,LONG RANGE,,,,,D,SEDAN,MIXED,BEV,PREMIUM_TECH,41.0,TESLA MODEL 3 LONG RANGE
2024-02,RY1,GWM,Haval H6,Haval H6,PLUG-IN HYBRID,,,,,PHEV,C,CROSSOVER,UPPER,MIXED,MASS,41.0,HAVAL H6 PLUG-IN HYBRID
2024-07,RY1,GWM,Haval H6,Haval H6,PLUG-IN HYBRID,,,,,PHEV,C,CROSSOVER,UPPER,MIXED,MASS,41.0,HAVAL H6 PLUG-IN HYBRID
2024-08,RY1,Tesla,Model Y,Model Y,PERFORMANCE,PERFORMANCE,,,,,D,CROSSOVER,MIXED,BEV,PREMIUM_TECH,41.0,TESLA MODEL Y PERFORMANCE
2024-10,RY1,BYD,BYD M6,BYD M6,EXTENDED,,,,,,C,MPV,VOLUME,BEV,MASS,41.0,BYD BYD M6 EXTENDED
2024-10,RY1,GWM,Haval H6,Haval H6,PLUG-IN HYBRID,,,,,PHEV,C,CROSSOVER,UPPER,MIXED,MASS,41.0,HAVAL H6 PLUG-IN HYBRID
2024-10,RY3,MG,MG Extender,MG Extender Cab,,,,,,,F,PICKUP,VOLUME,ICE,MASS,41.0,MG MG EXTENDER
2025-03,RY1,XPeng,XPeng G6,XPeng G6,STANDARD RANGE,STANDARD RANGE,,,,,D,CROSSOVER,UPPER,BEV,PREMIUM_TECH,41.0,XPENG G6 STANDARD RANGE
2025-07,RY1,MG,MG HS,MG HS,PHEV,,,,,PHEV,C,CROSSOVER,MIXED,MIXED,MASS,41.0,MG HS PHEV
2025-08,RY1,GWM,Haval Jolion,Haval Jolion,HYBRID,,,,,HEV,B,CROSSOVER,VOLUME,HEV,MASS,41.0,HAVAL JOLION HYBRID
2025-08,RY1,MG,MG ZS,MG ZS,,,,,,,B,CROSSOVER,VOLUME,ICE,MASS,41.0,MG ZS
2025-09,RY1,BYD,Seal,Seal,EXD RWD,,RWD,,,,D,SEDAN,UPPER,BEV,MASS,41.0,BYD BYD SEAL EXD RWD
2025-10,RY1,GAC,GAC M8,GAC M8,PHEV PREMIUM,PREMIUM,,,,PHEV,E,MPV,LUXURY,PHEV,MASS,41.0,GAC M8 PHEV PREMIUM
2025-12,RY1,GWM,Haval Jolion,Haval Jolion,HYBRID,,,,,HEV,B,CROSSOVER,VOLUME,HEV,MASS,41.0,HAVAL JOLION HYBRID
2025-12,RY1,Jaecoo,Jaecoo 5 EV,Jaecoo 5 EV,Long Range Dynamic,LONG RANGE,,,,,B,CROSSOVER,VOLUME,BEV,MASS,41.0,JAECOO 5 EV Long Range Dynamic
2026-01,RY1,BYD,Seal,Seal,EXD AWD,,AWD,,,,D,SEDAN,UPPER,BEV,MASS,40.0,BYD BYD SEAL EXD AWD
2023-02,RY1,Tesla,Model 3,Model 3,PERFORMANCE,PERFORMANCE,,,,,D,SEDAN,MIXED,BEV,PREMIUM_TECH,40.0,TESLA Model 3 Performance
2023-03,RY3,MG,MG Extender,MG Extender Cab,,,,,,,F,PICKUP,VOLUME,ICE,MASS,40.0,MG MG EXTENDER
2024-10,RY1,Zeekr,Zeekr X,Zeekr X,,,,,,,B,CROSSOVER,UPPER,BEV,PREMIUM_TECH,40.0,ZEEKR ZEEKR X
2024-12,RY1,XPeng,XPeng G6,XPeng G6,LONG RANGE,LONG RANGE,,,,,D,CROSSOVER,UPPER,BEV,PREMIUM_TECH,40.0,XPENG G6 LONG RANGE
2025-03,RY1,Zeekr,Zeekr X,Zeekr X,,,,,,,B,CROSSOVER,UPPER,BEV,PREMIUM_TECH,40.0,ZEEKR ZEEKR X
2025-04,RY1,Tesla,Model 3,Model 3,Rear-Wheel Drive,,,,,,D,SEDAN,MIXED,BEV,PREMIUM_TECH,40.0,TESLA Model 3 Rear-Wheel Drive
2025-05,RY1,GWM,Tank 300,Tank 300,,,,,,,C,PPV,UPPER,HEV,MASS,40.0,GWM TANK 300 HYBRID
2025-07,RY1,Aion,Aion UT,Aion UT,500 PREMIUM,PREMIUM,,500.0,,,B,HATCHBACK,MIXED,BEV,MASS,40.0,AION AION UT 500 PREMIUM
2025-09,RY1,Jaecoo,Jaecoo 6 EV,Jaecoo 6 EV,Long Range 2WD,LONG RANGE,2WD,,,,B,CROSSOVER,VOLUME,BEV,MASS,40.0,JAECOO 6 EV Long Range 2WD
2023-07,RY1,Tesla,Model 3,Model 3,LONG RANGE,LONG RANGE,,,,,D,SEDAN,MIXED,BEV,PREMIUM_TECH,39.0,TESLA MODEL 3 LONG RANGE
2024-02,RY1,Wuling,Wuling Air EV,Wuling Air EV,LR,,,,,,A,HATCHBACK,ENTRY,BEV,BUDGET,39.0,WULING Air EV LR
2024-07,RY1,BYD,Seal,Seal,EXD AWD,,AWD,,,,D,SEDAN,UPPER,BEV,MASS,39.0,BYD BYD SEAL EXD AWD
2024-07,RY1,MG,MG HS,MG HS,,,,,,,C,CROSSOVER,MIXED,MIXED,MASS,39.0,MG HS
2025-01,RY1,MG,MG Maxus 9,MG Maxus 9,,,,,,,E,MPV,LUXURY,BEV,MASS,39.0,MG MAXUS 9
2025-02,RY1,Tesla,Model 3,Model 3,LONG RANGE,LONG RANGE,,,,,D,SEDAN,MIXED,BEV,PREMIUM_TECH,39.0,TESLA MODEL 3 LONG RANGE
2025-06,RY1,Tesla,Model Y,Model Y,PERFORMANCE,PERFORMANCE,,,,,D,CROSSOVER,MIXED,BEV,PREMIUM_TECH,39.0,TESLA MODEL Y PERFORMANCE
2025-07,RY1,Deepal,Deepal L07,Deepal L07,,,,,,,D,SEDAN,UPPER,BEV,MASS,39.0,DEEPAL L07
2025-07,RY1,Zeekr,Zeekr X,Zeekr X,,,,,,,B,CROSSOVER,UPPER,BEV,PREMIUM_TECH,39.0,ZEEKR ZEEKR X
2025-08,RY1,XPeng,XPeng X9,XPeng X9,STANDARD RANGE,STANDARD RANGE,,,,,E,MPV,LUXURY,BEV,PREMIUM_TECH,39.0,XPENG X9 STANDARD RANGE
2026-01,RY1,BYD,BYD M6,BYD M6,DYNAMIC,DYNAMIC,,,,,C,MPV,VOLUME,BEV,MASS,38.0,BYD BYD M6 DYNAMIC
2026-01,RY1,Leapmotor,Leapmotor B10,Leapmotor B10,Design BEV,,,,,BEV,B,CROSSOVER,VOLUME,BEV,MASS,38.0,LEAPMOTOR B10 Design BEV
2024-01,RY1,MG,MG Extender,MG Extender Double Cab,,,,,,,F,PICKUP,VOLUME,ICE,MASS,38.0,MG MG EXTENDER
2024-03,RY1,GWM,Tank 500,Tank 500,,,,,,,E,PPV,LUXURY,HEV,MASS,38.0,GWM TANK 500 HYBRID
2024-08,RY1,Tesla,Model Y,Model Y,Rear-Wheel Drive,,,,,,D,CROSSOVER,MIXED,BEV,PREMIUM_TECH,38.0,TESLA Model Y Rear-Wheel Drive
2024-09,RY1,GWM,Haval H6,Haval H6,HEV ULTRA,ULTRA,,,,HEV,C,CROSSOVER,UPPER,MIXED,MASS,38.0,HAVAL H6 HEV ULTRA
2024-10,RY1,Deepal,Deepal L07,Deepal L07,,,,,,,D,SEDAN,UPPER,BEV,MASS,38.0,DEEPAL L07
2024-11,RY1,BYD,Atto 3,Atto 3,,,,,,,B,CROSSOVER,VOLUME,BEV,MASS,38.0,BYD BYD ATTO 3
2024-12,RY1,XPeng,XPeng G6,XPeng G6,STANDARD RANGE,STANDARD RANGE,,,,,D,CROSSOVER,UPPER,BEV,PREMIUM_TECH,38.0,XPENG G6 STANDARD RANGE
2025-01,RY1,GWM,Haval H6,Haval H6,PLUG-IN HYBRID,,,,,PHEV,C,CROSSOVER,UPPER,MIXED,MASS,38.0,HAVAL H6 PLUG-IN HYBRID
2025-02,RY1,GWM,Haval H6,Haval H6,HEV ULTRA,ULTRA,,,,HEV,C,CROSSOVER,UPPER,MIXED,MASS,38.0,HAVAL H6 HEV ULTRA
2025-02,RY1,GWM,Ora Good Cat,Ora Good Cat,07,,,,,,B,HATCHBACK,VOLUME,BEV,MASS,38.0,ORA ORA 07
2025-04,RY3,MG,MG Extender,MG Extender Cab,,,,,,,F,PICKUP,VOLUME,ICE,MASS,38.0,MG MG EXTENDER
2025-10,RY1,Deepal,Deepal S07,Deepal S07,L,,,,,,C,CROSSOVER,UPPER,BEV,MASS,38.0,DEEPAL S07 L
2025-10,RY1,XPeng,XPeng G6,XPeng G6,LONG RANGE,LONG RANGE,,,,,D,CROSSOVER,UPPER,BEV,PREMIUM_TECH,38.0,XPENG G6 LONG RANGE
2025-11,RY1,Jaecoo,Jaecoo 6 EV,Jaecoo 6 EV,Long Range 2WD,LONG RANGE,2WD,,,,B,CROSSOVER,VOLUME,BEV,MASS,38.0,JAECOO 6 EV Long Range 2WD
2023-05,RY3,MG,MG Extender,MG Extender Cab,,,,,,,F,PICKUP,VOLUME,ICE,MASS,37.0,MG MG EXTENDER
2024-03,RY1,GWM,Haval H6,Haval H6,PLUG-IN HYBRID,,,,,PHEV,C,CROSSOVER,UPPER,MIXED,MASS,37.0,HAVAL H6 PLUG-IN HYBRID
2024-05,RY1,MG,MG ZS EV,MG ZS EV,,,,,,,B,CROSSOVER,VOLUME,BEV,MASS,37.0,MG ZS EV
2024-12,RY1,MG,MG VS HEV,MG VS HEV,,,,,,,B,CROSSOVER,VOLUME,HEV,MASS,37.0,MG VS HEV
2025-02,RY1,Wuling,Wuling Bingo,Wuling Bingo,SRD,,,,,,A,HATCHBACK,ENTRY,BEV,BUDGET,37.0,WULING Binguo SRD
2025-03,RY1,MG,MG VS HEV,MG VS HEV,,,,,,,B,CROSSOVER,VOLUME,HEV,MASS,37.0,MG VS HEV
2025-03,RY1,Tesla,Model 3,Model 3,PERFORMANCE,PERFORMANCE,,,,,D,SEDAN,MIXED,BEV,PREMIUM_TECH,37.0,TESLA Model 3 Performance
2025-05,RY1,BYD,Seal,Seal,STD RWD,STD,RWD,,,,D,SEDAN,UPPER,BEV,MASS,37.0,BYD BYD SEAL STD RWD
2025-05,RY1,Riddara,RD6,Riddara RD6 Double Cab,PRO 2WD,PRO,2WD,,,,F,PICKUP,UPPER,BEV,MASS,37.0,RIDDARA RD6 PRO 2WD
2025-06,RY1,Deepal,Deepal S07,Deepal S07,L,,,,,,C,CROSSOVER,UPPER,BEV,MASS,37.0,DEEPAL S07 L
2025-07,RY1,MG,MG ZS EV,MG ZS EV,,,,,,,B,CROSSOVER,VOLUME,BEV,MASS,37.0,MG ZS EV
2025-10,RY1,MG,MG ZS,MG ZS,,,,,,,B,CROSSOVER,VOLUME,ICE,MASS,37.0,MG ZS
2025-11,RY1,MG,MG ZS,MG ZS,,,,,,,B,CROSSOVER,VOLUME,ICE,MASS,37.0,MG ZS
2024-01,RY1,GWM,Tank 500,Tank 500,,,,,,,E,PPV,LUXURY,HEV,MASS,36.0,GWM TANK 500 HYBRID
2024-05,RY1,BYD,Seal,Seal,EXD AWD,,AWD,,,,D,SEDAN,UPPER,BEV,MASS,36.0,BYD BYD SEAL EXD AWD
2024-08,RY1,MG,MG HS,MG HS,PHEV,,,,,PHEV,C,CROSSOVER,MIXED,MIXED,MASS,36.0,MG HS PHEV
2024-10,RY1,MG,MG Maxus 9,MG Maxus 9,,,,,,,E,MPV,LUXURY,BEV,MASS,36.0,MG MAXUS 9
2024-11,RY1,MG,MG Cyberster,MG Cyberster,,,,,,,D,COUPE,LUXURY,BEV,MASS,36.0,MG CYBERSTER
2024-12,RY1,GWM,Tank 300,Tank 300,,,,,,,C,PPV,UPPER,HEV,MASS,36.0,GWM TANK 300 HYBRID
2025-01,RY1,Tesla,Model 3,Model 3,Rear-Wheel Drive,,,,,,D,SEDAN,MIXED,BEV,PREMIUM_TECH,36.0,TESLA Model 3 Rear-Wheel Drive
2025-03,RY1,BYD,Seal,Seal,STD RWD,STD,RWD,,,,D,SEDAN,UPPER,BEV,MASS,36.0,BYD BYD SEAL STD RWD
2025-03,RY1,Tesla,Model 3,Model 3,LONG RANGE,LONG RANGE,,,,,D,SEDAN,MIXED,BEV,PREMIUM_TECH,36.0,TESLA MODEL 3 LONG RANGE
2025-04,RY1,Riddara,RD6,Riddara RD6 Double Cab,PRO 2WD,PRO,2WD,,,,F,PICKUP,UPPER,BEV,MASS,36.0,RIDDARA RD6 PRO 2WD
2025-06,RY1,MG,MG ZS EV,MG ZS EV,,,,,,,B,CROSSOVER,VOLUME,BEV,MASS,36.0,MG ZS EV
2025-12,RY1,MG,MG Maxus 7,MG Maxus 7,,,,,,,D,MPV,UPPER,ICE,MASS,36.0,MG MAXUS 7
2023-09,RY3,MG,MG Extender,MG Extender Cab,,,,,,,F,PICKUP,VOLUME,ICE,MASS,35.0,MG MG EXTENDER
2023-11,RY1,MG,MG HS,MG HS,PHEV,,,,,PHEV,C,CROSSOVER,MIXED,MIXED,MASS,35.0,MG HS PHEV
2024-02,RY1,GWM,Ora Good Cat,Ora Good Cat,,,,,,,B,HATCHBACK,VOLUME,BEV,MASS,35.0,ORA GOOD CAT
2024-04,RY1,BYD,Seal,Seal,EXD AWD,,AWD,,,,D,SEDAN,UPPER,BEV,MASS,35.0,BYD BYD SEAL EXD AWD
2024-07,RY3,MG,MG Extender,MG Extender Cab,,,,,,,F,PICKUP,VOLUME,ICE,MASS,35.0,MG MG EXTENDER
2024-09,RY1,GWM,Ora Good Cat,Ora Good Cat,07,,,,,,B,HATCHBACK,VOLUME,BEV,MASS,35.0,ORA ORA 07
2025-01,RY1,MG,MG EP,MG EP,,,,,,,B,WAGON,VOLUME,BEV,MASS,35.0,MG EP
2025-02,RY1,MG,MG VS HEV,MG VS HEV,,,,,,,B,CROSSOVER,VOLUME,HEV,MASS,35.0,MG VS HEV
2025-04,RY1,GWM,Tank 300,Tank 300,,,,,,,C,PPV,UPPER,HEV,MASS,35.0,GWM TANK 300 HYBRID
2025-04,RY1,MG,MG VS HEV,MG VS HEV,,,,,,,B,CROSSOVER,VOLUME,HEV,MASS,35.0,MG VS HEV
2025-09,RY1,MG,MG HS,MG HS,PHEV,,,,,PHEV,C,CROSSOVER,MIXED,MIXED,MASS,35.0,MG HS PHEV
2025-11,RY1,GAC,GAC M8,GAC M8,PHEV PREMIUM,PREMIUM,,,,PHEV,E,MPV,LUXURY,PHEV,MASS,35.0,GAC M8 PHEV PREMIUM
2025-12,RY1,MG,MG VS HEV,MG VS HEV,,,,,,,B,CROSSOVER,VOLUME,HEV,MASS,35.0,MG VS HEV
2022-01,RY1,GWM,Ora Good Cat,Ora Good Cat,,,,,,,B,HATCHBACK,VOLUME,BEV,MASS,34.0,ORA GOOD CAT
2024-03,RY1,Tesla,Model Y,Model Y,Rear-Wheel Drive,,,,,,D,CROSSOVER,MIXED,BEV,PREMIUM_TECH,34.0,TESLA Model Y Rear-Wheel Drive
2024-05,RY1,MG,MG Extender,MG Extender Double Cab,,,,,,,F,PICKUP,VOLUME,ICE,MASS,34.0,MG MG EXTENDER
2024-09,RY1,Tesla,Model Y,Model Y,LONG RANGE,LONG RANGE,,,,,D,CROSSOVER,MIXED,BEV,PREMIUM_TECH,34.0,TESLA MODEL Y LONG RANGE
2024-10,RY1,GWM,Tank 300,Tank 300,,,,,,,C,PPV,UPPER,HEV,MASS,34.0,GWM TANK 300 HYBRID
2025-01,RY1,Changan,Changan Lumin,Changan Lumin,,,,,,,A,HATCHBACK,ENTRY,BEV,MASS,34.0,CHANGAN LUMIN
2025-03,RY1,BYD,Seal,Seal,EXD RWD,,RWD,,,,D,SEDAN,UPPER,BEV,MASS,34.0,BYD BYD SEAL EXD RWD
2025-04,RY1,Wuling,Wuling Bingo,Wuling Bingo,SRD,,,,,,A,HATCHBACK,ENTRY,BEV,BUDGET,34.0,WULING Binguo SRD
2025-09,RY1,Riddara,RD6,Riddara RD6 Double Cab,PRO 2WD,PRO,2WD,,,,F,PICKUP,UPPER,BEV,MASS,34.0,RIDDARA RD6 PRO 2WD
2025-12,RY1,MG,MG Maxus 9,MG Maxus 9,,,,,,,E,MPV,LUXURY,BEV,MASS,34.0,MG MAXUS 9
2025-12,RY1,XPeng,XPeng X9,XPeng X9,LONG RANGE,LONG RANGE,,,,,E,MPV,LUXURY,BEV,PREMIUM_TECH,34.0,XPENG X9 LONG RANGE
2022-05,RY1,MG,MG EP,MG EP,,,,,,,B,WAGON,VOLUME,BEV,MASS,33.0,MG EP
2022-12,RY3,MG,MG Extender,MG Extender Cab,,,,,,,F,PICKUP,VOLUME,ICE,MASS,33.0,MG MG EXTENDER
2023-10,RY1,MG,MG HS,MG HS,PHEV,,,,,PHEV,C,CROSSOVER,MIXED,MIXED,MASS,33.0,MG HS PHEV
2023-12,RY3,MG,MG Extender,MG Extender Cab,,,,,,,F,PICKUP,VOLUME,ICE,MASS,33.0,MG MG EXTENDER
2024-01,RY3,BYD,BYD T3,BYD T3,,,,,,,UNKNOWN,VAN,VOLUME,BEV,MASS,33.0,BYD T3
2024-04,RY1,GWM,Haval H6,Haval H6,PLUG-IN HYBRID,,,,,PHEV,C,CROSSOVER,UPPER,MIXED,MASS,33.0,HAVAL H6 PLUG-IN HYBRID
2024-05,RY1,Tesla,Model Y,Model Y,PERFORMANCE,PERFORMANCE,,,,,D,CROSSOVER,MIXED,BEV,PREMIUM_TECH,33.0,TESLA MODEL Y PERFORMANCE
2024-08,RY1,GWM,Haval H6,Haval H6,PLUG-IN HYBRID,,,,,PHEV,C,CROSSOVER,UPPER,MIXED,MASS,33.0,HAVAL H6 PLUG-IN HYBRID
2024-10,RY1,BYD,Seal,Seal,EXD RWD,,RWD,,,,D,SEDAN,UPPER,BEV,MASS,33.0,BYD BYD SEAL EXD RWD
2024-12,RY1,BYD,Seal,Seal,EXD AWD,,AWD,,,,D,SEDAN,UPPER,BEV,MASS,33.0,BYD BYD SEAL EXD AWD
2025-02,RY1,Tesla,Model 3,Model 3,PERFORMANCE,PERFORMANCE,,,,,D,SEDAN,MIXED,BEV,PREMIUM_TECH,33.0,TESLA Model 3 Performance
2025-03,RY1,BYD,Seal,Seal,EXD AWD,,AWD,,,,D,SEDAN,UPPER,BEV,MASS,33.0,BYD BYD SEAL EXD AWD
2025-03,RY1,Chery,Omoda C5,Omoda C5,EV Long Range Plus,LONG RANGE,,,,BEV,B,CROSSOVER,VOLUME,BEV,MASS,33.0,OMODA C5 EV Long Range Plus
2025-04,RY1,BYD,Seal,Seal,STD RWD,STD,RWD,,,,D,SEDAN,UPPER,BEV,MASS,33.0,BYD BYD SEAL STD RWD
2025-04,RY1,GWM,Haval H6,Haval H6,HEV ULTRA,ULTRA,,,,HEV,C,CROSSOVER,UPPER,MIXED,MASS,33.0,HAVAL H6 HEV ULTRA
2025-04,RY1,Chery,Omoda C5,Omoda C5,EV Long Range Plus,LONG RANGE,,,,BEV,B,CROSSOVER,VOLUME,BEV,MASS,33.0,OMODA C5 EV Long Range Plus
2025-04,RY1,XPeng,XPeng G6,XPeng G6,STANDARD RANGE,STANDARD RANGE,,,,,D,CROSSOVER,UPPER,BEV,PREMIUM_TECH,33.0,XPENG G6 STANDARD RANGE
2025-05,RY1,Deepal,Deepal L07,Deepal L07,,,,,,,D,SEDAN,UPPER,BEV,MASS,33.0,DEEPAL L07
2025-05,RY1,Neta,Neta X,Neta X,,,,,,,B,CROSSOVER,VOLUME,BEV,BUDGET,33.0,NETA NETA X
2025-09,RY1,GWM,Tank 300,Tank 300,,,,,,,C,PPV,UPPER,HEV,MASS,33.0,GWM TANK 300 HYBRID
2025-11,RY1,BYD,Sealion 6 DM-i,Sealion 6 DM-i,DYNAMIC,DYNAMIC,,,,,C,CROSSOVER,VOLUME,PHEV,MASS,33.0,BYD BYD SEALION 6 DM-i DYNAMIC
2022-10,RY1,GWM,Haval H6,Haval H6,HEV PRO,PRO,,,,HEV,C,CROSSOVER,UPPER,MIXED,MASS,32.0,HAVAL H6 HEV PRO
2024-03,RY1,Deepal,Deepal L07,Deepal L07,,,,,,,D,SEDAN,UPPER,BEV,MASS,32.0,DEEPAL L07
2024-10,RY1,Tesla,Model 3,Model 3,PERFORMANCE,PERFORMANCE,,,,,D,SEDAN,MIXED,BEV,PREMIUM_TECH,32.0,TESLA Model 3 Performance
2024-12,RY1,MG,MG EP,MG EP,,,,,,,B,WAGON,VOLUME,BEV,MASS,32.0,MG EP
2025-02,RY1,BYD,Seal,Seal,STD RWD,STD,RWD,,,,D,SEDAN,UPPER,BEV,MASS,32.0,BYD BYD SEAL STD RWD
2025-02,RY1,MG,MG ZS EV,MG ZS EV,,,,,,,B,CROSSOVER,VOLUME,BEV,MASS,32.0,MG ZS EV
2025-06,RY1,MG,MG VS HEV,MG VS HEV,,,,,,,B,CROSSOVER,VOLUME,HEV,MASS,32.0,MG VS HEV
2025-08,RY1,GWM,Ora Good Cat,Ora Good Cat,07,,,,,,B,HATCHBACK,VOLUME,BEV,MASS,32.0,ORA ORA 07
2025-08,RY1,XPeng,XPeng G6,XPeng G6,LONG RANGE,LONG RANGE,,,,,D,CROSSOVER,UPPER,BEV,PREMIUM_TECH,32.0,XPENG G6 LONG RANGE
2025-11,RY1,BYD,Seal,Seal,STD RWD,STD,RWD,,,,D,SEDAN,UPPER,BEV,MASS,32.0,BYD BYD SEAL STD RWD
2025-11,RY1,MG,MG Maxus 9,MG Maxus 9,,,,,,,E,MPV,LUXURY,BEV,MASS,32.0,MG MAXUS 9
2025-12,RY1,BYD,Seal,Seal,STD RWD,STD,RWD,,,,D,SEDAN,UPPER,BEV,MASS,32.0,BYD BYD SEAL STD RWD
2026-01,RY1,GWM,Ora Good Cat,Ora Good Cat,07,,,,,,B,HATCHBACK,VOLUME,BEV,MASS,31.0,ORA ORA 07
2023-07,RY1,Tesla,Model Y,Model Y,Rear-Wheel Drive,,,,,,D,CROSSOVER,MIXED,BEV,PREMIUM_TECH,31.0,TESLA Model Y Rear-Wheel Drive
2023-09,RY1,Aion,Aion Y Plus,Aion Y Plus,,,,,,,B,CROSSOVER,VOLUME,BEV,MASS,31.0,AION AION Y PLUS
2024-01,RY1,BYD,BYD M6,BYD M6,,,,,,,C,MPV,VOLUME,BEV,MASS,31.0,BYD E6
2024-04,RY1,MG,MG ZS EV,MG ZS EV,,,,,,,B,CROSSOVER,VOLUME,BEV,MASS,31.0,MG ZS EV
2024-07,RY1,MG,MG HS,MG HS,PHEV,,,,,PHEV,C,CROSSOVER,MIXED,MIXED,MASS,31.0,MG HS PHEV
2024-07,RY1,MG,MG ZS EV,MG ZS EV,,,,,,,B,CROSSOVER,VOLUME,BEV,MASS,31.0,MG ZS EV
2024-09,RY1,MG,MG Maxus 9,MG Maxus 9,,,,,,,E,MPV,LUXURY,BEV,MASS,31.0,MG MAXUS 9
2025-01,RY1,Wuling,Wuling Bingo,Wuling Bingo,SRD,,,,,,A,HATCHBACK,ENTRY,BEV,BUDGET,31.0,WULING Binguo SRD
2025-04,RY1,BYD,Seal,Seal,EXD AWD,,AWD,,,,D,SEDAN,UPPER,BEV,MASS,31.0,BYD BYD SEAL EXD AWD
2025-07,RY1,MG,MG VS HEV,MG VS HEV,,,,,,,B,CROSSOVER,VOLUME,HEV,MASS,31.0,MG VS HEV
2025-09,RY1,XPeng,XPeng X9,XPeng X9,STANDARD RANGE,STANDARD RANGE,,,,,E,MPV,LUXURY,BEV,PREMIUM_TECH,31.0,XPENG X9 STANDARD RANGE
2025-10,RY1,Avatr,Avatr 11,Avatr 11,LONG RANGE,LONG RANGE,,,,,D,CROSSOVER,LUXURY,BEV,PREMIUM_TECH,31.0,AVATR AVATR 11 LONG RANGE
2025-10,RY1,XPeng,XPeng G6,XPeng G6,STANDARD RANGE,STANDARD RANGE,,,,,D,CROSSOVER,UPPER,BEV,PREMIUM_TECH,31.0,XPENG G6 STANDARD RANGE
2025-10,RY1,Zeekr,Zeekr X,Zeekr X,,,,,,,B,CROSSOVER,UPPER,BEV,PREMIUM_TECH,31.0,ZEEKR ZEEKR X
2025-11,RY1,Riddara,RD6,Riddara RD6 Double Cab,2WD,,2WD,,,,F,PICKUP,UPPER,BEV,MASS,31.0,RIDDARA RD6 2WD
2025-12,RY1,Avatr,Avatr 11,Avatr 11,LONG RANGE,LONG RANGE,,,,,D,CROSSOVER,LUXURY,BEV,PREMIUM_TECH,31.0,AVATR AVATR 11 LONG RANGE
2026-01,RY1,Denza,Denza D9,Denza D9,AWD,,AWD,,,,E,MPV,LUXURY,MIXED,PREMIUM_LUXURY,30.0,DENZA DENZA D9 AWD
2026-01,RY1,MG,MG ZS,MG ZS,,,,,,,B,CROSSOVER,VOLUME,ICE,MASS,30.0,MG ZS
2022-08,RY2,MG,MG Extender,MG Extender Double Cab,,,,,,,F,PICKUP,VOLUME,ICE,MASS,30.0,MG MG EXTENDER
2023-02,RY2,MG,MG Extender,MG Extender Double Cab,,,,,,,F,PICKUP,VOLUME,ICE,MASS,30.0,MG MG EXTENDER
2023-07,RY3,MG,MG Extender,MG Extender Cab,,,,,,,F,PICKUP,VOLUME,ICE,MASS,30.0,MG MG EXTENDER
2023-11,RY1,GWM,Tank 500,Tank 500,,,,,,,E,PPV,LUXURY,HEV,MASS,30.0,GWM TANK 500 HYBRID
2024-04,RY1,Tesla,Model Y,Model Y,Rear-Wheel Drive,,,,,,D,CROSSOVER,MIXED,BEV,PREMIUM_TECH,30.0,TESLA Model Y Rear-Wheel Drive
2024-04,RY1,Wuling,Wuling Air EV,Wuling Air EV,LR,,,,,,A,HATCHBACK,ENTRY,BEV,BUDGET,30.0,WULING Air EV LR
2024-06,RY1,Tesla,Model Y,Model Y,PERFORMANCE,PERFORMANCE,,,,,D,CROSSOVER,MIXED,BEV,PREMIUM_TECH,30.0,TESLA MODEL Y PERFORMANCE
2024-08,RY1,MG,MG HS,MG HS,,,,,,,C,CROSSOVER,MIXED,MIXED,MASS,30.0,MG HS
2024-10,RY1,MG,MG HS,MG HS,PHEV,,,,,PHEV,C,CROSSOVER,MIXED,MIXED,MASS,30.0,MG HS PHEV
2024-10,RY1,GWM,Ora Good Cat,Ora Good Cat,07,,,,,,B,HATCHBACK,VOLUME,BEV,MASS,30.0,ORA ORA 07
2024-11,RY1,XPeng,XPeng G6,XPeng G6,LONG RANGE,LONG RANGE,,,,,D,CROSSOVER,UPPER,BEV,PREMIUM_TECH,30.0,XPENG G6 LONG RANGE
2024-12,RY1,MG,MG Maxus 9,MG Maxus 9,,,,,,,E,MPV,LUXURY,BEV,MASS,30.0,MG MAXUS 9
2025-01,RY1,Jaecoo,Jaecoo 6 EV,Jaecoo 6 EV,Long Range 2WD,LONG RANGE,2WD,,,,B,CROSSOVER,VOLUME,BEV,MASS,30.0,JAECOO 6 EV Long Range 2WD
2025-04,RY1,XPeng,XPeng G6,XPeng G6,LONG RANGE,LONG RANGE,,,,,D,CROSSOVER,UPPER,BEV,PREMIUM_TECH,30.0,XPENG G6 LONG RANGE
2025-05,RY1,Jaecoo,Jaecoo 6 EV,Jaecoo 6 EV,Long Range 2WD,LONG RANGE,2WD,,,,B,CROSSOVER,VOLUME,BEV,MASS,30.0,JAECOO 6 EV Long Range 2WD
2025-05,RY1,Riddara,Horizon,Riddara Horizon Double Cab,4WD,,4WD,,,,F,PICKUP,UPPER,BEV,MASS,30.0,RIDDARA HORIZON 4WD
2025-05,RY1,Wuling,Wuling Bingo,Wuling Bingo,SRDTH,,,,,,A,HATCHBACK,ENTRY,BEV,BUDGET,30.0,WULING Binguo SRDTH
2025-06,RY1,Zeekr,Zeekr X,Zeekr X,,,,,,,B,CROSSOVER,UPPER,BEV,PREMIUM_TECH,30.0,ZEEKR ZEEKR X
2025-08,RY1,MG,MG VS HEV,MG VS HEV,,,,,,,B,CROSSOVER,VOLUME,HEV,MASS,30.0,MG VS HEV
2025-09,RY1,Deepal,Deepal S07,Deepal S07,L,,,,,,C,CROSSOVER,UPPER,BEV,MASS,30.0,DEEPAL S07 L
2025-11,RY1,GWM,Tank 300,Tank 300,,,,,,,C,PPV,UPPER,HEV,MASS,30.0,GWM TANK 300 HYBRID
2025-11,RY1,GWM,Haval Jolion,Haval Jolion,HYBRID,,,,,HEV,B,CROSSOVER,VOLUME,HEV,MASS,30.0,HAVAL JOLION HYBRID
2025-12,RY1,BYD,Sealion 6 DM-i,Sealion 6 DM-i,DYNAMIC,DYNAMIC,,,,,C,CROSSOVER,VOLUME,PHEV,MASS,30.0,BYD BYD SEALION 6 DM-i DYNAMIC
2025-12,RY1,MG,MG ZS,MG ZS,,,,,,,B,CROSSOVER,VOLUME,ICE,MASS,30.0,MG ZS
2026-01,RY1,XPeng,XPeng X9,XPeng X9,LONG RANGE LUXURY,LONG RANGE,,,,,E,MPV,LUXURY,BEV,PREMIUM_TECH,29.0,XPENG X9 LONG RANGE(LUXURY)
2023-02,RY1,Tesla,Model 3,Model 3,Rear-Wheel Drive,,,,,,D,SEDAN,MIXED,BEV,PREMIUM_TECH,29.0,TESLA Model 3 Rear-Wheel Drive
2024-03,RY1,MG,MG HS,MG HS,PHEV,,,,,PHEV,C,CROSSOVER,MIXED,MIXED,MASS,29.0,MG HS PHEV
2024-03,RY1,Wuling,Wuling Air EV,Wuling Air EV,LR,,,,,,A,HATCHBACK,ENTRY,BEV,BUDGET,29.0,WULING Air EV LR
2024-09,RY1,MG,MG HS,MG HS,,,,,,,C,CROSSOVER,MIXED,MIXED,MASS,29.0,MG HS
2025-01,RY1,GWM,Ora Good Cat,Ora Good Cat,07,,,,,,B,HATCHBACK,VOLUME,BEV,MASS,29.0,ORA ORA 07
2025-01,RY3,MG,MG Extender,MG Extender Cab,,,,,,,F,PICKUP,VOLUME,ICE,MASS,29.0,MG MG EXTENDER
2025-02,RY1,BYD,Sealion 7,Sealion 7,AWD,,AWD,,,,D,CROSSOVER,UPPER,BEV,MASS,29.0,BYD BYD SEALION 7 AWD
2025-03,RY1,GWM,Haval H6,Haval H6,HEV ULTRA,ULTRA,,,,HEV,C,CROSSOVER,UPPER,MIXED,MASS,29.0,HAVAL H6 HEV ULTRA
2025-07,RY1,Deepal,Deepal E07,Deepal E07,PLUS,PLUS,,,,,D,SUV,LUXURY,BEV,MASS,29.0,DEEPAL E07 PLUS
2025-08,RY1,MG,MG HS,MG HS,PHEV,,,,,PHEV,C,CROSSOVER,MIXED,MIXED,MASS,29.0,MG HS PHEV
2025-09,RY1,Chery,Omoda C5,Omoda C5,EV Long Range Ultimate,LONG RANGE,,,,BEV,B,CROSSOVER,VOLUME,BEV,MASS,29.0,OMODA C5 EV Long Range Ultimate
2025-10,RY1,MG,MG Maxus 9,MG Maxus 9,,,,,,,E,MPV,LUXURY,BEV,MASS,29.0,MG MAXUS 9
2022-11,RY1,GWM,Haval H6,Haval H6,HEV PRO,PRO,,,,HEV,C,CROSSOVER,UPPER,MIXED,MASS,28.0,HAVAL H6 HEV PRO
2023-04,RY1,Tesla,Model 3,Model 3,PERFORMANCE,PERFORMANCE,,,,,D,SEDAN,MIXED,BEV,PREMIUM_TECH,28.0,TESLA Model 3 Performance
2024-06,RY1,BYD,Seal,Seal,EXD AWD,,AWD,,,,D,SEDAN,UPPER,BEV,MASS,28.0,BYD BYD SEAL EXD AWD
2024-06,RY1,Wuling,Wuling Air EV,Wuling Air EV,LR,,,,,,A,HATCHBACK,ENTRY,BEV,BUDGET,28.0,WULING Air EV LR
2024-09,RY1,GWM,Tank 300,Tank 300,,,,,,,C,PPV,UPPER,HEV,MASS,28.0,GWM TANK 300 HYBRID
2024-10,RY1,MG,MG3,MG3,,,,,,,B,HATCHBACK,VOLUME,HEV,MASS,28.0,MG MG3
2024-11,RY1,BYD,Seal,Seal,EXD AWD,,AWD,,,,D,SEDAN,UPPER,BEV,MASS,28.0,BYD BYD SEAL EXD AWD
2025-03,RY1,Riddara,RD6,Riddara RD6 Double Cab,PRO 2WD,PRO,2WD,,,,F,PICKUP,UPPER,BEV,MASS,28.0,RIDDARA RD6 PRO 2WD
2025-03,RY1,Tesla,Model Y,Model Y,LONG RANGE,LONG RANGE,,,,,D,CROSSOVER,MIXED,BEV,PREMIUM_TECH,28.0,TESLA MODEL Y LONG RANGE
2025-05,RY3,MG,MG Extender,MG Extender Cab,,,,,,,F,PICKUP,VOLUME,ICE,MASS,28.0,MG MG EXTENDER
2025-06,RY1,Denza,Denza D9,Denza D9,AWD,,AWD,,,,E,MPV,LUXURY,MIXED,PREMIUM_LUXURY,28.0,DENZA DENZA D9 AWD
2025-07,RY1,GWM,Tank 300,Tank 300,,,,,,,C,PPV,UPPER,HEV,MASS,28.0,GWM TANK 300 HYBRID
2025-07,RY1,MG,MG Extender,MG Extender Double Cab,,,,,,,F,PICKUP,VOLUME,ICE,MASS,28.0,MG MG EXTENDER
2025-08,RY1,Jaecoo,Jaecoo 7,Jaecoo 7,Max,MAX,,,,,C,CROSSOVER,UPPER,PHEV,MASS,28.0,JAECOO 7 SHS Max
2025-08,RY1,Wuling,Wuling Bingo,Wuling Bingo,SRDTH,,,,,,A,HATCHBACK,ENTRY,BEV,BUDGET,28.0,WULING Binguo SRDTH
2025-10,RY1,Jaecoo,Jaecoo 6 EV,Jaecoo 6 EV,Long Range 2WD,LONG RANGE,2WD,,,,B,CROSSOVER,VOLUME,BEV,MASS,28.0,JAECOO 6 EV Long Range 2WD
2025-10,RY1,MG,MG HS,MG HS,PHEV,,,,,PHEV,C,CROSSOVER,MIXED,MIXED,MASS,28.0,MG HS PHEV
2025-11,RY1,Avatr,Avatr 11,Avatr 11,LONG RANGE,LONG RANGE,,,,,D,CROSSOVER,LUXURY,BEV,PREMIUM_TECH,28.0,AVATR AVATR 11 LONG RANGE
2025-12,RY1,GAC,GAC M8,GAC M8,PHEV PREMIUM,PREMIUM,,,,PHEV,E,MPV,LUXURY,PHEV,MASS,28.0,GAC M8 PHEV PREMIUM
2026-01,RY1,GWM,Tank 300,Tank 300,,,,,,,C,PPV,UPPER,HEV,MASS,27.0,GWM TANK 300 HYBRID
2022-10,RY1,MG,MG3,MG3,NEW,,,,,,B,HATCHBACK,VOLUME,HEV,MASS,27.0,MG NEW MG3
2024-02,RY1,MG,MG HS,MG HS,PHEV,,,,,PHEV,C,CROSSOVER,MIXED,MIXED,MASS,27.0,MG HS PHEV
2024-05,RY1,GWM,Tank 500,Tank 500,,,,,,,E,PPV,LUXURY,HEV,MASS,27.0,GWM TANK 500 HYBRID
2024-07,RY1,Tesla,Model Y,Model Y,LONG RANGE,LONG RANGE,,,,,D,CROSSOVER,MIXED,BEV,PREMIUM_TECH,27.0,TESLA MODEL Y LONG RANGE
2024-08,RY1,Changan,Changan Lumin,Changan Lumin,L DC,,,,,,A,HATCHBACK,ENTRY,BEV,MASS,27.0,CHANGAN LUMIN L DC
2024-09,RY1,Tesla,Model Y,Model Y,PERFORMANCE,PERFORMANCE,,,,,D,CROSSOVER,MIXED,BEV,PREMIUM_TECH,27.0,TESLA MODEL Y PERFORMANCE
2024-11,RY1,GWM,Ora Good Cat,Ora Good Cat,07,,,,,,B,HATCHBACK,VOLUME,BEV,MASS,27.0,ORA ORA 07
2024-12,RY1,GWM,Haval H6,Haval H6,HEV ULTRA,ULTRA,,,,HEV,C,CROSSOVER,UPPER,MIXED,MASS,27.0,HAVAL H6 HEV ULTRA
2024-12,RY1,Chery,Omoda C5,Omoda C5,EV Long Range Ultimate,LONG RANGE,,,,BEV,B,CROSSOVER,VOLUME,BEV,MASS,27.0,OMODA C5 EV Long Range Ultimate
2025-01,RY1,MG,MG Cyberster,MG Cyberster,,,,,,,D,COUPE,LUXURY,BEV,MASS,27.0,MG CYBERSTER
2025-05,RY1,XPeng,XPeng X9,XPeng X9,STANDARD RANGE,STANDARD RANGE,,,,,E,MPV,LUXURY,BEV,PREMIUM_TECH,27.0,XPENG X9 STANDARD RANGE
2025-06,RY1,BYD,Seal,Seal,EXD AWD,,AWD,,,,D,SEDAN,UPPER,BEV,MASS,27.0,BYD BYD SEAL EXD AWD
2025-08,RY1,MG,MG ZS EV,MG ZS EV,,,,,,,B,CROSSOVER,VOLUME,BEV,MASS,27.0,MG ZS EV
2025-08,RY1,Tesla,Model 3,Model 3,LONG RANGE,LONG RANGE,,,,,D,SEDAN,MIXED,BEV,PREMIUM_TECH,27.0,TESLA MODEL 3 LONG RANGE
2025-09,RY1,Deepal,Deepal L07,Deepal L07,,,,,,,D,SEDAN,UPPER,BEV,MASS,27.0,DEEPAL L07
2025-10,RY1,MG,MG Maxus 7,MG Maxus 7,,,,,,,D,MPV,UPPER,ICE,MASS,27.0,MG MAXUS 7
2026-01,RY1,Chery,Omoda C5,Omoda C5,EV Long Range Ultimate,LONG RANGE,,,,BEV,B,CROSSOVER,VOLUME,BEV,MASS,26.0,OMODA C5 EV Long Range Ultimate
2024-04,RY1,MG,MG HS,MG HS,PHEV,,,,,PHEV,C,CROSSOVER,MIXED,MIXED,MASS,26.0,MG HS PHEV
2024-05,RY1,MG,MG HS,MG HS,PHEV,,,,,PHEV,C,CROSSOVER,MIXED,MIXED,MASS,26.0,MG HS PHEV
2024-10,RY1,BYD,Atto 3,Atto 3,410KM-PREMIUM,PREMIUM,,410.0,,,B,CROSSOVER,VOLUME,BEV,MASS,26.0,BYD BYD ATTO3 (410KM-PREMIUM)
2024-10,RY1,BYD,Dolphin,Dolphin,STD,STD,,,,,B,HATCHBACK,VOLUME,BEV,MASS,26.0,BYD BYD DOLPHIN STD
2024-12,RY1,GWM,Haval H6,Haval H6,PLUG-IN HYBRID,,,,,PHEV,C,CROSSOVER,UPPER,MIXED,MASS,26.0,HAVAL H6 PLUG-IN HYBRID
2024-12,RY1,MG,MG Cyberster,MG Cyberster,,,,,,,D,COUPE,LUXURY,BEV,MASS,26.0,MG CYBERSTER
2025-01,RY1,BYD,Atto 3,Atto 3,,,,,,,B,CROSSOVER,VOLUME,BEV,MASS,26.0,BYD BYD ATTO 3
2025-02,RY1,Tesla,Model Y,Model Y,Rear-Wheel Drive,,,,,,D,CROSSOVER,MIXED,BEV,PREMIUM_TECH,26.0,TESLA Model Y Rear-Wheel Drive
2025-03,RY1,MG,MG ZS EV,MG ZS EV,,,,,,,B,CROSSOVER,VOLUME,BEV,MASS,26.0,MG ZS EV
2025-03,RY1,Wuling,Wuling Bingo,Wuling Bingo,SRDTH,,,,,,A,HATCHBACK,ENTRY,BEV,BUDGET,26.0,WULING Binguo SRDTH
2025-07,RY1,Riddara,RD6,Riddara RD6 Double Cab,PRO 2WD,PRO,2WD,,,,F,PICKUP,UPPER,BEV,MASS,26.0,RIDDARA RD6 PRO 2WD
2025-07,RY3,MG,MG Extender,MG Extender Cab,,,,,,,F,PICKUP,VOLUME,ICE,MASS,26.0,MG MG EXTENDER
2025-08,RY1,GWM,Tank 300,Tank 300,,,,,,,C,PPV,UPPER,HEV,MASS,26.0,GWM TANK 300 HYBRID
2025-12,RY1,GWM,Tank 300,Tank 300,,,,,,,C,PPV,UPPER,HEV,MASS,26.0,GWM TANK 300 HYBRID
2026-01,RY1,GWM,Haval H6,Haval H6,HYBRID,,,,,HEV,C,CROSSOVER,UPPER,MIXED,MASS,25.0,HAVAL H6 HYBRID
2026-01,RY1,Riddara,RD6,Riddara RD6 Double Cab,PRO 2WD,PRO,2WD,,,,F,PICKUP,UPPER,BEV,MASS,25.0,RIDDARA RD6 PRO 2WD
2026-01,RY1,XPeng,XPeng G6,XPeng G6,AWD Performance,PERFORMANCE,AWD,,,,D,CROSSOVER,UPPER,BEV,PREMIUM_TECH,25.0,XPENG G6 AWD Performance
2024-02,RY1,Tesla,Model Y,Model Y,LONG RANGE,LONG RANGE,,,,,D,CROSSOVER,MIXED,BEV,PREMIUM_TECH,25.0,TESLA MODEL Y LONG RANGE
2024-11,RY1,XPeng,XPeng G6,XPeng G6,STANDARD RANGE,STANDARD RANGE,,,,,D,CROSSOVER,UPPER,BEV,PREMIUM_TECH,25.0,XPENG G6 STANDARD RANGE
2024-12,RY1,MG,MG Maxus 7,MG Maxus 7,,,,,,,D,MPV,UPPER,ICE,MASS,25.0,MG MAXUS 7
2025-02,RY1,Riddara,RD6,Riddara RD6 Double Cab,PRO 2WD,PRO,2WD,,,,F,PICKUP,UPPER,BEV,MASS,25.0,RIDDARA RD6 PRO 2WD
2025-03,RY1,Deepal,Deepal L07,Deepal L07,,,,,,,D,SEDAN,UPPER,BEV,MASS,25.0,DEEPAL L07
2025-06,RY1,GWM,Tank 300,Tank 300,,,,,,,C,PPV,UPPER,HEV,MASS,25.0,GWM TANK 300 HYBRID
2025-07,RY1,MG,MG Maxus 7,MG Maxus 7,,,,,,,D,MPV,UPPER,ICE,MASS,25.0,MG MAXUS 7
2025-09,RY1,Zeekr,Zeekr X,Zeekr X,7X,,,,,,B,CROSSOVER,UPPER,BEV,PREMIUM_TECH,25.0,ZEEKR ZEEKR 7X
2025-11,RY1,Deepal,Deepal S05,Deepal S05,PLUS,PLUS,,,,,B,CROSSOVER,VOLUME,MIXED,MASS,25.0,DEEPAL S05 PLUS
2025-11,RY1,MG,MG Maxus 7,MG Maxus 7,,,,,,,D,MPV,UPPER,ICE,MASS,25.0,MG MAXUS 7
2025-11,RY1,Zeekr,Zeekr X,Zeekr X,,,,,,,B,CROSSOVER,UPPER,BEV,PREMIUM_TECH,25.0,ZEEKR ZEEKR X
2025-12,RY1,Riddara,RD6,Riddara RD6 Double Cab,PRO 2WD,PRO,2WD,,,,F,PICKUP,UPPER,BEV,MASS,25.0,RIDDARA RD6 PRO 2WD
2025-12,RY1,Wuling,Wuling Bingo,Wuling Bingo,SRDTH,,,,,,A,HATCHBACK,ENTRY,BEV,BUDGET,25.0,WULING Binguo SRDTH
2026-01,RY1,BYD,BYD M6,BYD M6,,,,,,,C,MPV,VOLUME,BEV,MASS,24.0,BYD E6
2026-01,RY1,Zeekr,Zeekr X,Zeekr X,,,,,,,B,CROSSOVER,UPPER,BEV,PREMIUM_TECH,24.0,ZEEKR ZEEKR X
2022-10,RY2,MG,MG Extender,MG Extender Double Cab,,,,,,,F,PICKUP,VOLUME,ICE,MASS,24.0,MG MG EXTENDER
2023-08,RY3,MG,MG Extender,MG Extender Cab,,,,,,,F,PICKUP,VOLUME,ICE,MASS,24.0,MG MG EXTENDER
2024-09,RY1,GWM,Haval H6,Haval H6,PLUG-IN HYBRID,,,,,PHEV,C,CROSSOVER,UPPER,MIXED,MASS,24.0,HAVAL H6 PLUG-IN HYBRID
2024-09,RY1,MG,MG HS,MG HS,PHEV,,,,,PHEV,C,CROSSOVER,MIXED,MIXED,MASS,24.0,MG HS PHEV
2024-10,RY1,XPeng,XPeng G6,XPeng G6,LONG RANGE,LONG RANGE,,,,,D,CROSSOVER,UPPER,BEV,PREMIUM_TECH,24.0,XPENG G6 LONG RANGE
2024-11,RY3,MG,MG Extender,MG Extender Cab,,,,,,,F,PICKUP,VOLUME,ICE,MASS,24.0,MG MG EXTENDER
2024-12,RY1,GWM,Ora Good Cat,Ora Good Cat,07,,,,,,B,HATCHBACK,VOLUME,BEV,MASS,24.0,ORA ORA 07
2024-12,RY1,Tesla,Model Y,Model Y,Rear-Wheel Drive,,,,,,D,CROSSOVER,MIXED,BEV,PREMIUM_TECH,24.0,TESLA Model Y Rear-Wheel Drive
2025-06,RY1,GWM,Haval H6,Haval H6,HEV ULTRA,ULTRA,,,,HEV,C,CROSSOVER,UPPER,MIXED,MASS,24.0,HAVAL H6 HEV ULTRA
2025-08,RY1,Deepal,Deepal L07,Deepal L07,,,,,,,D,SEDAN,UPPER,BEV,MASS,24.0,DEEPAL L07
2025-08,RY1,Zeekr,Zeekr X,Zeekr X,,,,,,,B,CROSSOVER,UPPER,BEV,PREMIUM_TECH,24.0,ZEEKR ZEEKR X
2025-10,RY1,BYD,Seal,Seal,STD RWD,STD,RWD,,,,D,SEDAN,UPPER,BEV,MASS,24.0,BYD BYD SEAL STD RWD
2025-11,RY1,Deepal,Deepal S07,Deepal S07,L,,,,,,C,CROSSOVER,UPPER,BEV,MASS,24.0,DEEPAL S07 L
2025-12,RY1,BYD,Seal,Seal,EXD AWD,,AWD,,,,D,SEDAN,UPPER,BEV,MASS,24.0,BYD BYD SEAL EXD AWD
2026-01,RY1,Wuling,Wuling Air EV,Wuling Air EV,LR,,,,,,A,HATCHBACK,ENTRY,BEV,BUDGET,23.0,WULING Air EV LR
2023-01,RY3,BYD,BYD T3,BYD T3,,,,,,,UNKNOWN,VAN,VOLUME,BEV,MASS,23.0,BYD T3
2023-06,RY3,MG,MG Extender,MG Extender Cab,,,,,,,F,PICKUP,VOLUME,ICE,MASS,23.0,MG MG EXTENDER
2024-03,RY1,MG,MG ZS EV,MG ZS EV,,,,,,,B,CROSSOVER,VOLUME,BEV,MASS,23.0,MG ZS EV
2024-07,RY1,Aion,Aion ES,Aion ES,,,,,,,C,SEDAN,VOLUME,BEV,MASS,23.0,AION AION ES
2024-10,RY1,BYD,Seal,Seal,STD RWD,STD,RWD,,,,D,SEDAN,UPPER,BEV,MASS,23.0,BYD BYD SEAL STD RWD
2024-10,RY1,MG,MG HS,MG HS,,,,,,,C,CROSSOVER,MIXED,MIXED,MASS,23.0,MG HS
2024-11,RY1,Aion,Hyptec HT,Hyptec HT,620 LUXURY,LUXURY,,620.0,,,D,CROSSOVER,UPPER,BEV,MASS,23.0,AION HYPTEC HT 620 LUXURY
2024-11,RY1,MG,MG Maxus 7,MG Maxus 7,,,,,,,D,MPV,UPPER,ICE,MASS,23.0,MG MAXUS 7
2024-11,RY1,MG,MG Maxus 9,MG Maxus 9,,,,,,,E,MPV,LUXURY,BEV,MASS,23.0,MG MAXUS 9
2024-11,RY1,Tesla,Model Y,Model Y,Rear-Wheel Drive,,,,,,D,CROSSOVER,MIXED,BEV,PREMIUM_TECH,23.0,TESLA Model Y Rear-Wheel Drive
2025-02,RY1,Neta,Neta V,Neta V,,,,,,,A,CROSSOVER,VOLUME,BEV,BUDGET,23.0,NETA NETA V
2025-04,RY1,MG,MG Maxus 7,MG Maxus 7,,,,,,,D,MPV,UPPER,ICE,MASS,23.0,MG MAXUS 7
2025-04,RY1,Riddara,RD6,Riddara RD6 Double Cab,2WD,,2WD,,,,F,PICKUP,UPPER,BEV,MASS,23.0,RIDDARA RD6 2WD
2025-04,RY1,XPeng,XPeng X9,XPeng X9,LONG RANGE,LONG RANGE,,,,,E,MPV,LUXURY,BEV,PREMIUM_TECH,23.0,XPENG X9 LONG RANGE
2025-05,RY1,MG,MG Maxus 7,MG Maxus 7,,,,,,,D,MPV,UPPER,ICE,MASS,23.0,MG MAXUS 7
2025-06,RY1,Deepal,Deepal E07,Deepal E07,PLUS,PLUS,,,,,D,SUV,LUXURY,BEV,MASS,23.0,DEEPAL E07 PLUS
2025-09,RY1,MG,MG Maxus 9,MG Maxus 9,,,,,,,E,MPV,LUXURY,BEV,MASS,23.0,MG MAXUS 9
2025-10,RY1,BYD,Seal,Seal,EXD AWD,,AWD,,,,D,SEDAN,UPPER,BEV,MASS,23.0,BYD BYD SEAL EXD AWD
2025-10,RY1,Deepal,Deepal S05,Deepal S05,PLUS,PLUS,,,,,B,CROSSOVER,VOLUME,MIXED,MASS,23.0,DEEPAL S05 PLUS
2025-11,RY1,Riddara,RD6,Riddara RD6 Double Cab,PRO 2WD,PRO,2WD,,,,F,PICKUP,UPPER,BEV,MASS,23.0,RIDDARA RD6 PRO 2WD
2022-04,RY1,MG,MG EP,MG EP,,,,,,,B,WAGON,VOLUME,BEV,MASS,22.0,MG EP
2024-06,RY1,MG,MG HS,MG HS,PHEV,,,,,PHEV,C,CROSSOVER,MIXED,MIXED,MASS,22.0,MG HS PHEV
2024-09,RY1,Zeekr,Zeekr X,Zeekr X,,,,,,,B,CROSSOVER,UPPER,BEV,PREMIUM_TECH,22.0,ZEEKR ZEEKR X
2025-04,RY1,Deepal,Deepal L07,Deepal L07,,,,,,,D,SEDAN,UPPER,BEV,MASS,22.0,DEEPAL L07
2025-06,RY1,Changan,Changan Lumin,Changan Lumin,,,,,,,A,HATCHBACK,ENTRY,BEV,MASS,22.0,CHANGAN LUMIN
2025-08,RY1,Riddara,RD6,Riddara RD6 Double Cab,PRO 2WD,PRO,2WD,,,,F,PICKUP,UPPER,BEV,MASS,22.0,RIDDARA RD6 PRO 2WD
2025-09,RY1,Tesla,Model 3,Model 3,LONG RANGE,LONG RANGE,,,,,D,SEDAN,MIXED,BEV,PREMIUM_TECH,22.0,TESLA MODEL 3 LONG RANGE
2025-09,RY3,MG,MG Extender,MG Extender Cab,,,,,,,F,PICKUP,VOLUME,ICE,MASS,22.0,MG MG EXTENDER
2025-12,RY1,MG,MG Extender,MG Extender Double Cab,,,,,,,F,PICKUP,VOLUME,ICE,MASS,22.0,MG MG EXTENDER
2022-07,RY1,MG,MG ZS EV,MG ZS EV,,,,,,,B,CROSSOVER,VOLUME,BEV,MASS,21.0,MG ZS EV
2022-12,RY1,Tesla,Model Y,Model Y,LONG RANGE,LONG RANGE,,,,,D,CROSSOVER,MIXED,BEV,PREMIUM_TECH,21.0,TESLA MODEL Y LONG RANGE
2023-09,RY1,Tesla,Model 3,Model 3,Rear-Wheel Drive,,,,,,D,SEDAN,MIXED,BEV,PREMIUM_TECH,21.0,TESLA Model 3 Rear-Wheel Drive
2023-11,RY3,MG,MG Extender,MG Extender Cab,,,,,,,F,PICKUP,VOLUME,ICE,MASS,21.0,MG MG EXTENDER
2023-12,RY1,Tesla,Model Y,Model Y,LONG RANGE,LONG RANGE,,,,,D,CROSSOVER,MIXED,BEV,PREMIUM_TECH,21.0,TESLA MODEL Y LONG RANGE
2024-01,RY1,Tesla,Model Y,Model Y,LONG RANGE,LONG RANGE,,,,,D,CROSSOVER,MIXED,BEV,PREMIUM_TECH,21.0,TESLA MODEL Y LONG RANGE
2024-06,RY1,GWM,Tank 500,Tank 500,,,,,,,E,PPV,LUXURY,HEV,MASS,21.0,GWM TANK 500 HYBRID
2024-11,RY1,MG,MG HS,MG HS,,,,,,,C,CROSSOVER,MIXED,MIXED,MASS,21.0,MG HS
2024-12,RY3,MG,MG Extender,MG Extender Cab,,,,,,,F,PICKUP,VOLUME,ICE,MASS,21.0,MG MG EXTENDER
2025-02,RY1,BYD,Seal,Seal,EXD AWD,,AWD,,,,D,SEDAN,UPPER,BEV,MASS,21.0,BYD BYD SEAL EXD AWD
2025-02,RY1,MG,MG Cyberster,MG Cyberster,,,,,,,D,COUPE,LUXURY,BEV,MASS,21.0,MG CYBERSTER
2025-03,RY1,Deepal,Deepal S07,Deepal S07,L,,,,,,C,CROSSOVER,UPPER,BEV,MASS,21.0,DEEPAL S07 L
2025-04,RY1,Tesla,Model Y,Model Y,Rear-Wheel Drive,,,,,,D,CROSSOVER,MIXED,BEV,PREMIUM_TECH,21.0,TESLA Model Y Rear-Wheel Drive
2025-07,RY1,Wuling,Wuling Bingo,Wuling Bingo,SRDTH,,,,,,A,HATCHBACK,ENTRY,BEV,BUDGET,21.0,WULING Binguo SRDTH
2025-09,RY1,GWM,Haval H6,Haval H6,HYBRID,,,,,HEV,C,CROSSOVER,UPPER,MIXED,MASS,21.0,HAVAL H6 HYBRID
2025-12,RY1,Deepal,Deepal S07,Deepal S07,L,,,,,,C,CROSSOVER,UPPER,BEV,MASS,21.0,DEEPAL S07 L
2025-12,RY1,Zeekr,Zeekr X,Zeekr X,,,,,,,B,CROSSOVER,UPPER,BEV,PREMIUM_TECH,21.0,ZEEKR ZEEKR X
2026-01,RY1,XPeng,XPeng G6,XPeng G6,STANDARD RANGE,STANDARD RANGE,,,,,D,CROSSOVER,UPPER,BEV,PREMIUM_TECH,20.0,XPENG G6 STANDARD RANGE
2022-09,RY1,Tesla,Model Y,Model Y,LONG RANGE,LONG RANGE,,,,,D,CROSSOVER,MIXED,BEV,PREMIUM_TECH,20.0,TESLA MODEL Y LONG RANGE
2022-09,RY2,MG,MG Extender,MG Extender Double Cab,,,,,,,F,PICKUP,VOLUME,ICE,MASS,20.0,MG MG EXTENDER
2022-11,RY1,Neta,Neta V,Neta V,,,,,,,A,CROSSOVER,VOLUME,BEV,BUDGET,20.0,NETA NETA V
2022-12,RY1,GWM,Haval H6,Haval H6,PLUG-IN HYBRID,,,,,PHEV,C,CROSSOVER,UPPER,MIXED,MASS,20.0,HAVAL H6 PLUG-IN HYBRID
2023-01,RY1,Tesla,Model Y,Model Y,LONG RANGE,LONG RANGE,,,,,D,CROSSOVER,MIXED,BEV,PREMIUM_TECH,20.0,TESLA MODEL Y LONG RANGE
2023-04,RY3,MG,MG Extender,MG Extender Cab,,,,,,,F,PICKUP,VOLUME,ICE,MASS,20.0,MG MG EXTENDER
2023-11,RY1,Aion,Aion Y Plus,Aion Y Plus,,,,,,,B,CROSSOVER,VOLUME,BEV,MASS,20.0,AION AION Y PLUS
2023-12,RY1,GWM,Haval H6,Haval H6,PLUG-IN HYBRID,,,,,PHEV,C,CROSSOVER,UPPER,MIXED,MASS,20.0,HAVAL H6 PLUG-IN HYBRID
2024-03,RY1,Tesla,Model Y,Model Y,LONG RANGE,LONG RANGE,,,,,D,CROSSOVER,MIXED,BEV,PREMIUM_TECH,20.0,TESLA MODEL Y LONG RANGE
2024-04,RY1,GWM,Tank 500,Tank 500,,,,,,,E,PPV,LUXURY,HEV,MASS,20.0,GWM TANK 500 HYBRID
2024-04,RY1,Tesla,Model Y,Model Y,PERFORMANCE,PERFORMANCE,,,,,D,CROSSOVER,MIXED,BEV,PREMIUM_TECH,20.0,TESLA MODEL Y PERFORMANCE
2024-10,RY1,BYD,Seal,Seal,EXD AWD,,AWD,,,,D,SEDAN,UPPER,BEV,MASS,20.0,BYD BYD SEAL EXD AWD
2024-10,RY1,GWM,Tank 500,Tank 500,,,,,,,E,PPV,LUXURY,HEV,MASS,20.0,GWM TANK 500 HYBRID
2024-10,RY1,XPeng,XPeng G6,XPeng G6,STANDARD RANGE,STANDARD RANGE,,,,,D,CROSSOVER,UPPER,BEV,PREMIUM_TECH,20.0,XPENG G6 STANDARD RANGE
2024-11,RY1,GWM,Tank 500,Tank 500,,,,,,,E,PPV,LUXURY,HEV,MASS,20.0,GWM TANK 500 HYBRID
2024-12,RY1,BYD,Atto 3,Atto 3,,,,,,,B,CROSSOVER,VOLUME,BEV,MASS,20.0,BYD BYD ATTO 3
2025-01,RY1,BYD,Dolphin,Dolphin,EXD,,,,,,B,HATCHBACK,VOLUME,BEV,MASS,20.0,BYD BYD DOLPHIN EXD
2025-01,RY3,BYD,BYD T3,BYD T3,,,,,,,UNKNOWN,VAN,VOLUME,BEV,MASS,20.0,BYD T3
2025-03,RY1,Deepal,Deepal E07,Deepal E07,PERFORMANCE AWD,PERFORMANCE,AWD,,,,D,SUV,LUXURY,BEV,MASS,20.0,DEEPAL E07 PERFORMANCE AWD
2025-03,RY1,Tesla,Model Y,Model Y,PERFORMANCE,PERFORMANCE,,,,,D,CROSSOVER,MIXED,BEV,PREMIUM_TECH,20.0,TESLA MODEL Y PERFORMANCE
2025-06,RY1,BYD,Seal,Seal,STD RWD,STD,RWD,,,,D,SEDAN,UPPER,BEV,MASS,20.0,BYD BYD SEAL STD RWD
2025-07,RY1,Denza,Denza D9,Denza D9,AWD,,AWD,,,,E,MPV,LUXURY,MIXED,PREMIUM_LUXURY,20.0,DENZA DENZA D9 AWD
2025-07,RY1,GWM,Haval H6,Haval H6,HYBRID,,,,,HEV,C,CROSSOVER,UPPER,MIXED,MASS,20.0,HAVAL H6 HYBRID
2025-08,RY1,Deepal,Deepal S05,Deepal S05,REEV MAX,MAX,,,,REEV,B,CROSSOVER,VOLUME,MIXED,MASS,20.0,DEEPAL S05 REEV MAX
2025-08,RY1,Wuling,Wuling Air EV,Wuling Air EV,LR,,,,,,A,HATCHBACK,ENTRY,BEV,BUDGET,20.0,WULING Air EV LR
2025-10,RY1,GWM,Tank 300,Tank 300,,,,,,,C,PPV,UPPER,HEV,MASS,20.0,GWM TANK 300 HYBRID
2025-11,RY1,XPeng,XPeng G6,XPeng G6,AWD Performance,PERFORMANCE,AWD,,,,D,CROSSOVER,UPPER,BEV,PREMIUM_TECH,20.0,XPENG G6 AWD Performance
2025-11,RY1,XPeng,XPeng G6,XPeng G6,LONG RANGE,LONG RANGE,,,,,D,CROSSOVER,UPPER,BEV,PREMIUM_TECH,20.0,XPENG G6 LONG RANGE
2025-12,RY1,GWM,Ora Good Cat,Ora Good Cat,07,,,,,,B,HATCHBACK,VOLUME,BEV,MASS,20.0,ORA ORA 07
2026-01,RY1,MG,MG ES,MG ES,,,,,,,C,CROSSOVER,VOLUME,BEV,MASS,19.0,MG ES
2026-01,RY1,XPeng,XPeng X9,XPeng X9,LONG RANGE,LONG RANGE,,,,,E,MPV,LUXURY,BEV,PREMIUM_TECH,19.0,XPENG X9 LONG RANGE
2022-12,RY1,GWM,Haval H6,Haval H6,HEV PRO,PRO,,,,HEV,C,CROSSOVER,UPPER,MIXED,MASS,19.0,HAVAL H6 HEV PRO
2023-10,RY3,MG,MG Extender,MG Extender Cab,,,,,,,F,PICKUP,VOLUME,ICE,MASS,19.0,MG MG EXTENDER
2023-12,RY1,GWM,Haval H6,Haval H6,HEV PRO,PRO,,,,HEV,C,CROSSOVER,UPPER,MIXED,MASS,19.0,HAVAL H6 HEV PRO
2024-01,RY1,MG,MG HS,MG HS,PHEV,,,,,PHEV,C,CROSSOVER,MIXED,MIXED,MASS,19.0,MG HS PHEV
2024-05,RY3,MG,MG Extender,MG Extender Cab,,,,,,,F,PICKUP,VOLUME,ICE,MASS,19.0,MG MG EXTENDER
2024-06,RY1,MG,MG ZS EV,MG ZS EV,,,,,,,B,CROSSOVER,VOLUME,BEV,MASS,19.0,MG ZS EV
2024-09,RY1,Deepal,Deepal S07,Deepal S07,L,,,,,,C,CROSSOVER,UPPER,BEV,MASS,19.0,DEEPAL S07 L
2024-11,RY1,Neta,Neta V,Neta V,,,,,,,A,CROSSOVER,VOLUME,BEV,BUDGET,19.0,NETA NETA V
2025-03,RY1,MG,MG Maxus 7,MG Maxus 7,,,,,,,D,MPV,UPPER,ICE,MASS,19.0,MG MAXUS 7
2025-04,RY1,Tesla,Model 3,Model 3,LONG RANGE,LONG RANGE,,,,,D,SEDAN,MIXED,BEV,PREMIUM_TECH,19.0,TESLA MODEL 3 LONG RANGE
2025-04,RY1,Wuling,Wuling Bingo,Wuling Bingo,SRDTH,,,,,,A,HATCHBACK,ENTRY,BEV,BUDGET,19.0,WULING Binguo SRDTH
2025-05,RY1,Aion,Hyptec HT,Hyptec HT,620 LUXURY,LUXURY,,620.0,,,D,CROSSOVER,UPPER,BEV,MASS,19.0,AION HYPTEC HT 620 LUXURY
2025-06,RY3,MG,MG Extender,MG Extender Cab,,,,,,,F,PICKUP,VOLUME,ICE,MASS,19.0,MG MG EXTENDER
2025-07,RY1,Jaecoo,Jaecoo 6 EV,Jaecoo 6 EV,Long Range 2WD,LONG RANGE,2WD,,,,B,CROSSOVER,VOLUME,BEV,MASS,19.0,JAECOO 6 EV Long Range 2WD
2025-07,RY1,MG,MG Cyberster,MG Cyberster,,,,,,,D,COUPE,LUXURY,BEV,MASS,19.0,MG CYBERSTER
2025-08,RY1,BYD,Seal,Seal,STD RWD,STD,RWD,,,,D,SEDAN,UPPER,BEV,MASS,19.0,BYD BYD SEAL STD RWD
2025-08,RY1,BYD,Sealion 6 DM-i,Sealion 6 DM-i,,,,,,,C,CROSSOVER,VOLUME,PHEV,MASS,19.0,BYD BYD SEALION 6
2025-08,RY1,GWM,Haval H6,Haval H6,HEV ULTRA,ULTRA,,,,HEV,C,CROSSOVER,UPPER,MIXED,MASS,19.0,HAVAL H6 HEV ULTRA
2025-08,RY1,Tesla,Model 3,Model 3,PERFORMANCE,PERFORMANCE,,,,,D,SEDAN,MIXED,BEV,PREMIUM_TECH,19.0,TESLA Model 3 Performance
2026-01,RY1,MG,MG HS,MG HS,PHEV,,,,,PHEV,C,CROSSOVER,MIXED,MIXED,MASS,18.0,MG HS PHEV
2026-01,RY1,MG,MG Extender,MG Extender Double Cab,,,,,,,F,PICKUP,VOLUME,ICE,MASS,18.0,MG MG EXTENDER
2026-01,RY3,BYD,BYD T3,BYD T3,,,,,,,UNKNOWN,VAN,VOLUME,BEV,MASS,18.0,BYD T3
2024-03,RY1,Tesla,Model Y,Model Y,PERFORMANCE,PERFORMANCE,,,,,D,CROSSOVER,MIXED,BEV,PREMIUM_TECH,18.0,TESLA MODEL Y PERFORMANCE
2024-05,RY1,Wuling,Wuling Air EV,Wuling Air EV,LR,,,,,,A,HATCHBACK,ENTRY,BEV,BUDGET,18.0,WULING Air EV LR
2024-07,RY1,Tesla,Model Y,Model Y,PERFORMANCE,PERFORMANCE,,,,,D,CROSSOVER,MIXED,BEV,PREMIUM_TECH,18.0,TESLA MODEL Y PERFORMANCE
2024-08,RY1,BYD,Seal,Seal,EXD AWD,,AWD,,,,D,SEDAN,UPPER,BEV,MASS,18.0,BYD BYD SEAL EXD AWD
2024-09,RY1,BYD,Seal,Seal,EXD AWD,,AWD,,,,D,SEDAN,UPPER,BEV,MASS,18.0,BYD BYD SEAL EXD AWD
2024-09,RY1,Changan,Changan Lumin,Changan Lumin,L DC,,,,,,A,HATCHBACK,ENTRY,BEV,MASS,18.0,CHANGAN LUMIN L DC
2024-10,RY1,MG,MG ES,MG ES,,,,,,,C,CROSSOVER,VOLUME,BEV,MASS,18.0,MG ES
2025-03,RY1,Deepal,Deepal E07,Deepal E07,PLUS,PLUS,,,,,D,SUV,LUXURY,BEV,MASS,18.0,DEEPAL E07 PLUS
2025-05,RY1,Riddara,Horizon,Riddara Horizon Double Cab,PRO 4WD,PRO,4WD,,,,F,PICKUP,UPPER,BEV,MASS,18.0,RIDDARA HORIZON PRO 4WD
2025-06,RY1,Jaecoo,Jaecoo 6 EV,Jaecoo 6 EV,Long Range 2WD,LONG RANGE,2WD,,,,B,CROSSOVER,VOLUME,BEV,MASS,18.0,JAECOO 6 EV Long Range 2WD
2025-06,RY1,MG,MG Maxus 7,MG Maxus 7,,,,,,,D,MPV,UPPER,ICE,MASS,18.0,MG MAXUS 7
2025-06,RY1,MG,MG Extender,MG Extender Double Cab,,,,,,,F,PICKUP,VOLUME,ICE,MASS,18.0,MG MG EXTENDER
2025-07,RY1,Deepal,Deepal S07,Deepal S07,L,,,,,,C,CROSSOVER,UPPER,BEV,MASS,18.0,DEEPAL S07 L
2025-07,RY1,Tesla,Model 3,Model 3,PERFORMANCE,PERFORMANCE,,,,,D,SEDAN,MIXED,BEV,PREMIUM_TECH,18.0,TESLA Model 3 Performance
2025-08,RY1,MG,MG Extender,MG Extender Double Cab,,,,,,,F,PICKUP,VOLUME,ICE,MASS,18.0,MG MG EXTENDER
2025-08,RY3,MG,MG Extender,MG Extender Cab,,,,,,,F,PICKUP,VOLUME,ICE,MASS,18.0,MG MG EXTENDER
2025-09,RY1,MG,MG Maxus 7,MG Maxus 7,,,,,,,D,MPV,UPPER,ICE,MASS,18.0,MG MAXUS 7
2025-09,RY1,XPeng,XPeng X9,XPeng X9,LONG RANGE EXECUTIVE,LONG RANGE,,,,,E,MPV,LUXURY,BEV,PREMIUM_TECH,18.0,XPENG X9 LONG RANGE(EXECUTIVE)
2025-12,RY1,MG,MG HS,MG HS,PHEV,,,,,PHEV,C,CROSSOVER,MIXED,MIXED,MASS,18.0,MG HS PHEV
2025-12,RY1,Chery,Omoda C5,Omoda C5,EV Long Range Dynamic,LONG RANGE,,,,BEV,B,CROSSOVER,VOLUME,BEV,MASS,18.0,OMODA C5 EV Long Range Dynamic
2025-12,RY1,Chery,Omoda C5,Omoda C5,EV Long Range Ultimate,LONG RANGE,,,,BEV,B,CROSSOVER,VOLUME,BEV,MASS,18.0,OMODA C5 EV Long Range Ultimate
2025-12,RY1,Tesla,Model 3,Model 3,PERFORMANCE,PERFORMANCE,,,,,D,SEDAN,MIXED,BEV,PREMIUM_TECH,18.0,TESLA Model 3 Performance
2026-01,RY1,Jaecoo,Jaecoo 5 EV,Jaecoo 5 EV,Long Range Dynamic,LONG RANGE,,,,,B,CROSSOVER,VOLUME,BEV,MASS,17.0,JAECOO 5 EV Long Range Dynamic
2022-10,RY1,Tesla,Model Y,Model Y,LONG RANGE,LONG RANGE,,,,,D,CROSSOVER,MIXED,BEV,PREMIUM_TECH,17.0,TESLA MODEL Y LONG RANGE
2023-07,RY1,Tesla,Model 3,Model 3,PERFORMANCE,PERFORMANCE,,,,,D,SEDAN,MIXED,BEV,PREMIUM_TECH,17.0,TESLA Model 3 Performance
2024-01,RY3,MG,MG Extender,MG Extender Cab,,,,,,,F,PICKUP,VOLUME,ICE,MASS,17.0,MG MG EXTENDER
2024-05,RY1,MG,MG ES,MG ES,,,,,,,C,CROSSOVER,VOLUME,BEV,MASS,17.0,MG ES
2024-06,RY1,GWM,Haval H6,Haval H6,HEV PRO,PRO,,,,HEV,C,CROSSOVER,UPPER,MIXED,MASS,17.0,HAVAL H6 HEV PRO
2024-06,RY1,Tesla,Model Y,Model Y,LONG RANGE,LONG RANGE,,,,,D,CROSSOVER,MIXED,BEV,PREMIUM_TECH,17.0,TESLA MODEL Y LONG RANGE
2024-10,RY1,Changan,Changan Lumin,Changan Lumin,L DC,,,,,,A,HATCHBACK,ENTRY,BEV,MASS,17.0,CHANGAN LUMIN L DC
2024-11,RY1,BYD,Dolphin,Dolphin,STD,STD,,,,,B,HATCHBACK,VOLUME,BEV,MASS,17.0,BYD BYD DOLPHIN STD
2025-04,RY1,Denza,Denza D9,Denza D9,AWD,,AWD,,,,E,MPV,LUXURY,MIXED,PREMIUM_LUXURY,17.0,DENZA DENZA D9 AWD
2025-04,RY1,Neta,Neta X,Neta X,,,,,,,B,CROSSOVER,VOLUME,BEV,BUDGET,17.0,NETA NETA X
2025-05,RY1,Deepal,Deepal S07,Deepal S07,L,,,,,,C,CROSSOVER,UPPER,BEV,MASS,17.0,DEEPAL S07 L
2025-06,RY1,Riddara,Horizon,Riddara Horizon Double Cab,PRO 4WD,PRO,4WD,,,,F,PICKUP,UPPER,BEV,MASS,17.0,RIDDARA HORIZON PRO 4WD
2025-06,RY1,Tesla,Model 3,Model 3,PERFORMANCE,PERFORMANCE,,,,,D,SEDAN,MIXED,BEV,PREMIUM_TECH,17.0,TESLA Model 3 Performance
2025-07,RY1,BYD,BYD M6,BYD M6,DYNAMIC,DYNAMIC,,,,,C,MPV,VOLUME,BEV,MASS,17.0,BYD BYD M6 DYNAMIC
2025-07,RY1,BYD,Seal,Seal,EXD AWD,,AWD,,,,D,SEDAN,UPPER,BEV,MASS,17.0,BYD BYD SEAL EXD AWD
2025-07,RY1,GWM,Haval H6,Haval H6,HEV ULTRA,ULTRA,,,,HEV,C,CROSSOVER,UPPER,MIXED,MASS,17.0,HAVAL H6 HEV ULTRA
2025-08,RY1,BYD,BYD M6,BYD M6,DYNAMIC,DYNAMIC,,,,,C,MPV,VOLUME,BEV,MASS,17.0,BYD BYD M6 DYNAMIC
2025-08,RY1,Riddara,RD6,Riddara RD6 Double Cab,2WD,,2WD,,,,F,PICKUP,UPPER,BEV,MASS,17.0,RIDDARA RD6 2WD
2025-10,RY1,XPeng,XPeng X9,XPeng X9,STANDARD RANGE,STANDARD RANGE,,,,,E,MPV,LUXURY,BEV,PREMIUM_TECH,17.0,XPENG X9 STANDARD RANGE
2025-11,RY1,Wuling,Wuling Air EV,Wuling Air EV,LR,,,,,,A,HATCHBACK,ENTRY,BEV,BUDGET,17.0,WULING Air EV LR
2026-01,RY1,Aion,Hyptec HT,Hyptec HT,620 LUXURY,LUXURY,,620.0,,,D,CROSSOVER,UPPER,BEV,MASS,16.0,AION HYPTEC HT 620 LUXURY
2026-01,RY1,Riddara,Horizon,Riddara Horizon Double Cab,PRO 4WD,PRO,4WD,,,,F,PICKUP,UPPER,BEV,MASS,16.0,RIDDARA HORIZON PRO 4WD
2022-01,RY1,MG,MG ZS EV,MG ZS EV,,,,,,,B,CROSSOVER,VOLUME,BEV,MASS,16.0,MG ZS EV
2024-02,RY3,MG,MG Extender,MG Extender Cab,,,,,,,F,PICKUP,VOLUME,ICE,MASS,16.0,MG MG EXTENDER
2024-07,RY1,Deepal,Deepal L07,Deepal L07,S,,,,,,D,SEDAN,UPPER,BEV,MASS,16.0,DEEPAL L07 S
2024-07,RY1,MG,MG ES,MG ES,,,,,,,C,CROSSOVER,VOLUME,BEV,MASS,16.0,MG ES
2024-08,RY1,GWM,Tank 500,Tank 500,,,,,,,E,PPV,LUXURY,HEV,MASS,16.0,GWM TANK 500 HYBRID
2024-10,RY3,BYD,BYD T3,BYD T3,,,,,,,UNKNOWN,VAN,VOLUME,BEV,MASS,16.0,BYD T3
2025-02,RY1,Jaecoo,Jaecoo 6 EV,Jaecoo 6 EV,Long Range 2WD,LONG RANGE,2WD,,,,B,CROSSOVER,VOLUME,BEV,MASS,16.0,JAECOO 6 EV Long Range 2WD
2025-02,RY1,MG,MG Maxus 9,MG Maxus 9,,,,,,,E,MPV,LUXURY,BEV,MASS,16.0,MG MAXUS 9
2025-03,RY1,Jaecoo,Jaecoo 6 EV,Jaecoo 6 EV,Long Range 2WD,LONG RANGE,2WD,,,,B,CROSSOVER,VOLUME,BEV,MASS,16.0,JAECOO 6 EV Long Range 2WD
2025-03,RY1,MG,MG Maxus 9,MG Maxus 9,,,,,,,E,MPV,LUXURY,BEV,MASS,16.0,MG MAXUS 9
2025-04,RY1,Zeekr,Zeekr X,Zeekr X,,,,,,,B,CROSSOVER,UPPER,BEV,PREMIUM_TECH,16.0,ZEEKR ZEEKR X
2025-08,RY1,BYD,Seal,Seal,EXD AWD,,AWD,,,,D,SEDAN,UPPER,BEV,MASS,16.0,BYD BYD SEAL EXD AWD
2025-09,RY1,MG,MG ZS EV,MG ZS EV,,,,,,,B,CROSSOVER,VOLUME,BEV,MASS,16.0,MG ZS EV
2025-10,RY1,Chery,Omoda C5,Omoda C5,EV Long Range Ultimate,LONG RANGE,,,,BEV,B,CROSSOVER,VOLUME,BEV,MASS,16.0,OMODA C5 EV Long Range Ultimate
2025-11,RY1,Chery,Omoda C5,Omoda C5,EV Long Range Ultimate,LONG RANGE,,,,BEV,B,CROSSOVER,VOLUME,BEV,MASS,16.0,OMODA C5 EV Long Range Ultimate
2025-11,RY1,XPeng,XPeng X9,XPeng X9,STANDARD RANGE,STANDARD RANGE,,,,,E,MPV,LUXURY,BEV,PREMIUM_TECH,16.0,XPENG X9 STANDARD RANGE
2025-12,RY3,MG,MG Extender,MG Extender Cab,,,,,,,F,PICKUP,VOLUME,ICE,MASS,16.0,MG MG EXTENDER
2026-01,RY1,Leapmotor,Leapmotor C10,Leapmotor C10,EV,,,,,BEV,C,CROSSOVER,UPPER,BEV,MASS,15.0,LEAPMOTOR C10 EV
2026-01,RY1,Tesla,Model Y,Model Y,LONG RANGE,LONG RANGE,,,,,D,CROSSOVER,MIXED,BEV,PREMIUM_TECH,15.0,TESLA MODEL Y LONG RANGE
2022-11,RY1,MG,MG3,MG3,NEW,,,,,,B,HATCHBACK,VOLUME,HEV,MASS,15.0,MG NEW MG3
2023-07,RY1,Tesla,Model 3,Model 3,Rear-Wheel Drive,,,,,,D,SEDAN,MIXED,BEV,PREMIUM_TECH,15.0,TESLA Model 3 Rear-Wheel Drive
2023-11,RY1,GWM,Tank 300,Tank 300,,,,,,,C,PPV,UPPER,HEV,MASS,15.0,GWM TANK 300 HYBRID
2024-02,RY1,BYD,Atto 3,Atto 3,410KM,,,410.0,,,B,CROSSOVER,VOLUME,BEV,MASS,15.0,BYD BYD ATTO 3 (410KM)
2024-03,RY1,MG,MG ES,MG ES,,,,,,,C,CROSSOVER,VOLUME,BEV,MASS,15.0,MG ES
2024-05,RY1,Tesla,Model Y,Model Y,LONG RANGE,LONG RANGE,,,,,D,CROSSOVER,MIXED,BEV,PREMIUM_TECH,15.0,TESLA MODEL Y LONG RANGE
2024-07,RY1,Changan,Changan Lumin,Changan Lumin,,,,,,,A,HATCHBACK,ENTRY,BEV,MASS,15.0,CHANGAN LUMIN
2024-07,RY1,GWM,Tank 500,Tank 500,,,,,,,E,PPV,LUXURY,HEV,MASS,15.0,GWM TANK 500 HYBRID
2024-07,RY1,Tesla,Model Y,Model Y,Rear-Wheel Drive,,,,,,D,CROSSOVER,MIXED,BEV,PREMIUM_TECH,15.0,TESLA Model Y Rear-Wheel Drive
2024-09,RY1,GWM,Tank 500,Tank 500,,,,,,,E,PPV,LUXURY,HEV,MASS,15.0,GWM TANK 500 HYBRID
2024-12,RY1,Deepal,Deepal S07,Deepal S07,L,,,,,,C,CROSSOVER,UPPER,BEV,MASS,15.0,DEEPAL S07 L
2025-02,RY1,GWM,Haval H6,Haval H6,PLUG-IN HYBRID,,,,,PHEV,C,CROSSOVER,UPPER,MIXED,MASS,15.0,HAVAL H6 PLUG-IN HYBRID
2025-02,RY1,MG,MG HS,MG HS,,,,,,,C,CROSSOVER,MIXED,MIXED,MASS,15.0,MG HS
2025-04,RY1,MG,MG Cyberster,MG Cyberster,,,,,,,D,COUPE,LUXURY,BEV,MASS,15.0,MG CYBERSTER
2025-05,RY1,Tesla,Model 3,Model 3,LONG RANGE,LONG RANGE,,,,,D,SEDAN,MIXED,BEV,PREMIUM_TECH,15.0,TESLA MODEL 3 LONG RANGE
2025-06,RY1,Aion,Hyptec HT,Hyptec HT,620 LUXURY,LUXURY,,620.0,,,D,CROSSOVER,UPPER,BEV,MASS,15.0,AION HYPTEC HT 620 LUXURY
2025-08,RY1,GWM,Haval H6,Haval H6,HYBRID,,,,,HEV,C,CROSSOVER,UPPER,MIXED,MASS,15.0,HAVAL H6 HYBRID
2025-08,RY1,Riddara,Horizon,Riddara Horizon Double Cab,PRO 4WD,PRO,4WD,,,,F,PICKUP,UPPER,BEV,MASS,15.0,RIDDARA HORIZON PRO 4WD
2025-09,RY1,BYD,BYD M6,BYD M6,DYNAMIC,DYNAMIC,,,,,C,MPV,VOLUME,BEV,MASS,15.0,BYD BYD M6 DYNAMIC
2025-09,RY1,BYD,Seal,Seal,EXD AWD,,AWD,,,,D,SEDAN,UPPER,BEV,MASS,15.0,BYD BYD SEAL EXD AWD
2025-10,RY1,GWM,Haval H6,Haval H6,HYBRID,,,,,HEV,C,CROSSOVER,UPPER,MIXED,MASS,15.0,HAVAL H6 HYBRID
2025-10,RY1,Riddara,RD6,Riddara RD6 Double Cab,PRO 2WD,PRO,2WD,,,,F,PICKUP,UPPER,BEV,MASS,15.0,RIDDARA RD6 PRO 2WD
2025-11,RY3,MG,MG Extender,MG Extender Cab,,,,,,,F,PICKUP,VOLUME,ICE,MASS,15.0,MG MG EXTENDER
2025-12,RY1,Leapmotor,Leapmotor B10,Leapmotor B10,Design BEV,,,,,BEV,B,CROSSOVER,VOLUME,BEV,MASS,15.0,LEAPMOTOR B10 Design BEV
2022-05,RY1,MG,MG ZS EV,MG ZS EV,,,,,,,B,CROSSOVER,VOLUME,BEV,MASS,14.0,MG ZS EV
2022-08,RY1,Tesla,Model Y,Model Y,LONG RANGE,LONG RANGE,,,,,D,CROSSOVER,MIXED,BEV,PREMIUM_TECH,14.0,TESLA MODEL Y LONG RANGE
2024-01,RY1,Tesla,Model Y,Model Y,PERFORMANCE,PERFORMANCE,,,,,D,CROSSOVER,MIXED,BEV,PREMIUM_TECH,14.0,TESLA MODEL Y PERFORMANCE
2024-01,RY1,Wuling,Wuling Air EV,Wuling Air EV,SR,,,,,,A,HATCHBACK,ENTRY,BEV,BUDGET,14.0,WULING Air EV SR
2024-04,RY1,Tesla,Model Y,Model Y,LONG RANGE,LONG RANGE,,,,,D,CROSSOVER,MIXED,BEV,PREMIUM_TECH,14.0,TESLA MODEL Y LONG RANGE
2024-07,RY1,Tesla,Model 3,Model 3,Rear-Wheel Drive,,,,,,D,SEDAN,MIXED,BEV,PREMIUM_TECH,14.0,TESLA Model 3 Rear-Wheel Drive
2024-08,RY1,GWM,Haval H6,Haval H6,HEV PRO,PRO,,,,HEV,C,CROSSOVER,UPPER,MIXED,MASS,14.0,HAVAL H6 HEV PRO
2024-09,RY1,Wuling,Wuling Air EV,Wuling Air EV,LR,,,,,,A,HATCHBACK,ENTRY,BEV,BUDGET,14.0,WULING Air EV LR
2024-10,RY1,Tesla,Model 3,Model 3,LONG RANGE,LONG RANGE,,,,,D,SEDAN,MIXED,BEV,PREMIUM_TECH,14.0,TESLA MODEL 3 LONG RANGE
2024-11,RY1,Deepal,Deepal L07,Deepal L07,S,,,,,,D,SEDAN,UPPER,BEV,MASS,14.0,DEEPAL L07 S
2024-12,RY1,Jaecoo,Jaecoo 6 EV,Jaecoo 6 EV,Long Range 2WD,LONG RANGE,2WD,,,,B,CROSSOVER,VOLUME,BEV,MASS,14.0,JAECOO 6 EV Long Range 2WD
2025-01,RY1,Tesla,Model 3,Model 3,PERFORMANCE,PERFORMANCE,,,,,D,SEDAN,MIXED,BEV,PREMIUM_TECH,14.0,TESLA Model 3 Performance
2025-02,RY1,GWM,Tank 500,Tank 500,,,,,,,E,PPV,LUXURY,HEV,MASS,14.0,GWM TANK 500 HYBRID
2025-02,RY1,Wuling,Wuling Bingo,Wuling Bingo,SRDTH,,,,,,A,HATCHBACK,ENTRY,BEV,BUDGET,14.0,WULING Binguo SRDTH
2025-03,RY1,MG,MG Cyberster,MG Cyberster,,,,,,,D,COUPE,LUXURY,BEV,MASS,14.0,MG CYBERSTER
2025-03,RY1,MG,MG ES,MG ES,,,,,,,C,CROSSOVER,VOLUME,BEV,MASS,14.0,MG ES
2025-04,RY1,Aion,Hyptec HT,Hyptec HT,620 LUXURY,LUXURY,,620.0,,,D,CROSSOVER,UPPER,BEV,MASS,14.0,AION HYPTEC HT 620 LUXURY
2025-04,RY1,Deepal,Deepal E07,Deepal E07,PLUS,PLUS,,,,,D,SUV,LUXURY,BEV,MASS,14.0,DEEPAL E07 PLUS
2025-07,RY1,BYD,Seal,Seal,EXD RWD,,RWD,,,,D,SEDAN,UPPER,BEV,MASS,14.0,BYD BYD SEAL EXD RWD
2025-07,RY1,MG,MG Maxus 9,MG Maxus 9,,,,,,,E,MPV,LUXURY,BEV,MASS,14.0,MG MAXUS 9
2025-08,RY1,Deepal,Deepal L07,Deepal L07,S,,,,,,D,SEDAN,UPPER,BEV,MASS,14.0,DEEPAL L07 S
2025-08,RY1,MG,MG Maxus 9,MG Maxus 9,,,,,,,E,MPV,LUXURY,BEV,MASS,14.0,MG MAXUS 9
2025-10,RY1,Deepal,Deepal L07,Deepal L07,,,,,,,D,SEDAN,UPPER,BEV,MASS,14.0,DEEPAL L07
2025-10,RY1,Jaecoo,Jaecoo 5 EV,Jaecoo 5 EV,Long Range Dynamic,LONG RANGE,,,,,B,CROSSOVER,VOLUME,BEV,MASS,14.0,JAECOO 5 EV Long Range Dynamic
2025-11,RY1,MG,MG HS,MG HS,PHEV,,,,,PHEV,C,CROSSOVER,MIXED,MIXED,MASS,14.0,MG HS PHEV
2025-11,RY1,Tesla,Model 3,Model 3,LONG RANGE,LONG RANGE,,,,,D,SEDAN,MIXED,BEV,PREMIUM_TECH,14.0,TESLA MODEL 3 LONG RANGE
2025-12,RY1,Deepal,Deepal S05,Deepal S05,PLUS,PLUS,,,,,B,CROSSOVER,VOLUME,MIXED,MASS,14.0,DEEPAL S05 PLUS
2025-12,RY1,XPeng,XPeng G6,XPeng G6,AWD Performance,PERFORMANCE,AWD,,,,D,CROSSOVER,UPPER,BEV,PREMIUM_TECH,14.0,XPENG G6 AWD Performance
2026-01,RY1,Tesla,Model 3,Model 3,Performance,PERFORMANCE,,,,,D,SEDAN,MIXED,BEV,PREMIUM_TECH,13.0,TESLA Model 3 Performance
2022-03,RY1,MG,MG ZS EV,MG ZS EV,,,,,,,B,CROSSOVER,VOLUME,BEV,MASS,13.0,MG ZS EV
2022-05,RY2,MG,MG Extender,MG Extender Double Cab,,,,,,,F,PICKUP,VOLUME,ICE,MASS,13.0,MG MG EXTENDER
2024-02,RY1,Tesla,Model Y,Model Y,PERFORMANCE,PERFORMANCE,,,,,D,CROSSOVER,MIXED,BEV,PREMIUM_TECH,13.0,TESLA MODEL Y PERFORMANCE
2024-04,RY1,BYD,Atto 3,Atto 3,480KM-EXT,EXT,,480.0,,,B,CROSSOVER,VOLUME,BEV,MASS,13.0,BYD BYD ATTO3 (480KM-EXT)
2024-06,RY3,MG,MG Extender,MG Extender Cab,,,,,,,F,PICKUP,VOLUME,ICE,MASS,13.0,MG MG EXTENDER
2024-08,RY1,MG,MG ES,MG ES,,,,,,,C,CROSSOVER,VOLUME,BEV,MASS,13.0,MG ES
2024-08,RY1,Wuling,Wuling Air EV,Wuling Air EV,LR,,,,,,A,HATCHBACK,ENTRY,BEV,BUDGET,13.0,WULING Air EV LR
2024-09,RY1,GWM,Haval H6,Haval H6,HEV PRO,PRO,,,,HEV,C,CROSSOVER,UPPER,MIXED,MASS,13.0,HAVAL H6 HEV PRO
2024-09,RY1,MG,MG ES,MG ES,,,,,,,C,CROSSOVER,VOLUME,BEV,MASS,13.0,MG ES
2024-10,RY1,Tesla,Model Y,Model Y,Rear-Wheel Drive,,,,,,D,CROSSOVER,MIXED,BEV,PREMIUM_TECH,13.0,TESLA Model Y Rear-Wheel Drive
2024-11,RY3,BYD,BYD T3,BYD T3,,,,,,,UNKNOWN,VAN,VOLUME,BEV,MASS,13.0,BYD T3
2024-12,RY1,Avatr,Avatr 11,Avatr 11,LONG RANGE,LONG RANGE,,,,,D,CROSSOVER,LUXURY,BEV,PREMIUM_TECH,13.0,AVATR AVATR 11 LONG RANGE
2025-01,RY1,GWM,Tank 500,Tank 500,,,,,,,E,PPV,LUXURY,HEV,MASS,13.0,GWM TANK 500 HYBRID
2025-01,RY1,MG,MG HS,MG HS,,,,,,,C,CROSSOVER,MIXED,MIXED,MASS,13.0,MG HS
2025-03,RY1,GWM,Haval H6,Haval H6,PLUG-IN HYBRID,,,,,PHEV,C,CROSSOVER,UPPER,MIXED,MASS,13.0,HAVAL H6 PLUG-IN HYBRID
2025-03,RY1,Riddara,Horizon,Riddara Horizon Double Cab,PRO 4WD,PRO,4WD,,,,F,PICKUP,UPPER,BEV,MASS,13.0,RIDDARA HORIZON PRO 4WD
2025-04,RY1,Deepal,Deepal S07,Deepal S07,L,,,,,,C,CROSSOVER,UPPER,BEV,MASS,13.0,DEEPAL S07 L
2025-06,RY1,MG,MG Cyberster,MG Cyberster,,,,,,,D,COUPE,LUXURY,BEV,MASS,13.0,MG CYBERSTER
2025-07,RY1,BYD,Seal,Seal,STD RWD,STD,RWD,,,,D,SEDAN,UPPER,BEV,MASS,13.0,BYD BYD SEAL STD RWD
2025-07,RY1,Riddara,Horizon,Riddara Horizon Double Cab,4WD,,4WD,,,,F,PICKUP,UPPER,BEV,MASS,13.0,RIDDARA HORIZON 4WD
2025-10,RY1,MG,MG Extender,MG Extender Double Cab,,,,,,,F,PICKUP,VOLUME,ICE,MASS,13.0,MG MG EXTENDER
2025-10,RY1,XPeng,XPeng G6,XPeng G6,AWD Performance,PERFORMANCE,AWD,,,,D,CROSSOVER,UPPER,BEV,PREMIUM_TECH,13.0,XPENG G6 AWD Performance
2025-11,RY1,XPeng,XPeng G6,XPeng G6,STANDARD RANGE,STANDARD RANGE,,,,,D,CROSSOVER,UPPER,BEV,PREMIUM_TECH,13.0,XPENG G6 STANDARD RANGE
2025-12,RY1,GWM,Tank 500,Tank 500,,,,,,,E,PPV,LUXURY,HEV,MASS,13.0,GWM TANK 500 HYBRID
2026-01,RY1,Aion,Aion V,Aion V,505 PREMIUM,PREMIUM,,505.0,,,C,CROSSOVER,UPPER,BEV,MASS,12.0,AION AION V 505 PREMIUM
2022-06,RY1,Tesla,Model Y,Model Y,LONG RANGE,LONG RANGE,,,,,D,CROSSOVER,MIXED,BEV,PREMIUM_TECH,12.0,TESLA MODEL Y LONG RANGE
2022-06,RY1,Tesla,Model Y,Model Y,STANDARD RANGE,STANDARD RANGE,,,,,D,CROSSOVER,MIXED,BEV,PREMIUM_TECH,12.0,TESLA MODEL Y STANDARD RANGE
2023-04,RY2,MG,MG Extender,MG Extender Double Cab,,,,,,,F,PICKUP,VOLUME,ICE,MASS,12.0,MG MG EXTENDER
2023-11,RY1,BYD,BYD M6,BYD M6,,,,,,,C,MPV,VOLUME,BEV,MASS,12.0,BYD E6
2024-02,RY1,GWM,Tank 500,Tank 500,,,,,,,E,PPV,LUXURY,HEV,MASS,12.0,GWM TANK 500 HYBRID
2024-02,RY1,MG,MG ZS EV,MG ZS EV,,,,,,,B,CROSSOVER,VOLUME,BEV,MASS,12.0,MG ZS EV
2024-03,RY1,Aion,Aion ES,Aion ES,,,,,,,C,SEDAN,VOLUME,BEV,MASS,12.0,AION AION ES
2024-07,RY1,Tesla,Model 3,Model 3,LONG RANGE,LONG RANGE,,,,,D,SEDAN,MIXED,BEV,PREMIUM_TECH,12.0,TESLA MODEL 3 LONG RANGE
2024-07,RY1,Wuling,Wuling Air EV,Wuling Air EV,LR,,,,,,A,HATCHBACK,ENTRY,BEV,BUDGET,12.0,WULING Air EV LR
2024-11,RY1,Tesla,Model Y,Model Y,LONG RANGE,LONG RANGE,,,,,D,CROSSOVER,MIXED,BEV,PREMIUM_TECH,12.0,TESLA MODEL Y LONG RANGE
2024-12,RY1,GWM,Tank 500,Tank 500,,,,,,,E,PPV,LUXURY,HEV,MASS,12.0,GWM TANK 500 HYBRID
2024-12,RY1,Neta,Neta V,Neta V,,,,,,,A,CROSSOVER,VOLUME,BEV,BUDGET,12.0,NETA NETA V
2025-04,RY1,Jaecoo,Jaecoo 6 EV,Jaecoo 6 EV,Long Range 2WD,LONG RANGE,2WD,,,,B,CROSSOVER,VOLUME,BEV,MASS,12.0,JAECOO 6 EV Long Range 2WD
2025-04,RY1,Riddara,Horizon,Riddara Horizon Double Cab,PRO 4WD,PRO,4WD,,,,F,PICKUP,UPPER,BEV,MASS,12.0,RIDDARA HORIZON PRO 4WD
2025-05,RY1,MG,MG Maxus 9,MG Maxus 9,,,,,,,E,MPV,LUXURY,BEV,MASS,12.0,MG MAXUS 9
2025-06,RY1,MG,MG EP,MG EP,,,,,,,B,WAGON,VOLUME,BEV,MASS,12.0,MG EP
2025-06,RY1,MG,MG Maxus 9,MG Maxus 9,,,,,,,E,MPV,LUXURY,BEV,MASS,12.0,MG MAXUS 9
2025-06,RY1,Wuling,Wuling Bingo,Wuling Bingo,SRDTH,,,,,,A,HATCHBACK,ENTRY,BEV,BUDGET,12.0,WULING Binguo SRDTH
2025-07,RY1,Deepal,Deepal E07,Deepal E07,PERFORMANCE AWD,PERFORMANCE,AWD,,,,D,SUV,LUXURY,BEV,MASS,12.0,DEEPAL E07 PERFORMANCE AWD
2025-07,RY1,Wuling,Wuling Bingo,Wuling Bingo,SRD,,,,,,A,HATCHBACK,ENTRY,BEV,BUDGET,12.0,WULING Binguo SRD
2025-08,RY1,MG,MG Cyberster,MG Cyberster,,,,,,,D,COUPE,LUXURY,BEV,MASS,12.0,MG CYBERSTER
2025-09,RY1,GWM,Haval H6,Haval H6,HEV ULTRA,ULTRA,,,,HEV,C,CROSSOVER,UPPER,MIXED,MASS,12.0,HAVAL H6 HEV ULTRA
2025-10,RY1,GWM,Tank 500,Tank 500,,,,,,,E,PPV,LUXURY,HEV,MASS,12.0,GWM TANK 500 HYBRID
2025-10,RY1,Leapmotor,Leapmotor C10,Leapmotor C10,EV,,,,,BEV,C,CROSSOVER,UPPER,BEV,MASS,12.0,LEAPMOTOR C10 EV
2025-10,RY1,MG,MG Cyberster,MG Cyberster,,,,,,,D,COUPE,LUXURY,BEV,MASS,12.0,MG CYBERSTER
2025-10,RY1,Tesla,Model 3,Model 3,LONG RANGE,LONG RANGE,,,,,D,SEDAN,MIXED,BEV,PREMIUM_TECH,12.0,TESLA MODEL 3 LONG RANGE
2025-12,RY1,GWM,Haval H6,Haval H6,HYBRID,,,,,HEV,C,CROSSOVER,UPPER,MIXED,MASS,12.0,HAVAL H6 HYBRID
2026-01,RY1,XPeng,XPeng G6,XPeng G6,LONG RANGE,LONG RANGE,,,,,D,CROSSOVER,UPPER,BEV,PREMIUM_TECH,11.0,XPENG G6 LONG RANGE
2026-01,RY3,MG,MG Extender,MG Extender Cab,,,,,,,F,PICKUP,VOLUME,ICE,MASS,11.0,MG MG EXTENDER
2022-04,RY1,MG,MG ZS EV,MG ZS EV,,,,,,,B,CROSSOVER,VOLUME,BEV,MASS,11.0,MG ZS EV
2022-11,RY1,Tesla,Model Y,Model Y,LONG RANGE,LONG RANGE,,,,,D,CROSSOVER,MIXED,BEV,PREMIUM_TECH,11.0,TESLA MODEL Y LONG RANGE
2023-02,RY1,GWM,Haval H6,Haval H6,HEV PRO,PRO,,,,HEV,C,CROSSOVER,UPPER,MIXED,MASS,11.0,HAVAL H6 HEV PRO
2023-10,RY3,BYD,BYD T3,BYD T3,,,,,,,UNKNOWN,VAN,VOLUME,BEV,MASS,11.0,BYD T3
2023-11,RY3,BYD,BYD T3,BYD T3,,,,,,,UNKNOWN,VAN,VOLUME,BEV,MASS,11.0,BYD T3
2024-01,RY1,Tesla,Model 3,Model 3,LONG RANGE,LONG RANGE,,,,,D,SEDAN,MIXED,BEV,PREMIUM_TECH,11.0,TESLA MODEL 3 LONG RANGE
2024-04,RY3,MG,MG Extender,MG Extender Cab,,,,,,,F,PICKUP,VOLUME,ICE,MASS,11.0,MG MG EXTENDER
2024-05,RY1,Wuling,Wuling Air EV,Wuling Air EV,SR,,,,,,A,HATCHBACK,ENTRY,BEV,BUDGET,11.0,WULING Air EV SR
2024-09,RY3,BYD,BYD T3,BYD T3,,,,,,,UNKNOWN,VAN,VOLUME,BEV,MASS,11.0,BYD T3
2024-10,RY1,BYD,BYD M6,BYD M6,DYNAMIC,DYNAMIC,,,,,C,MPV,VOLUME,BEV,MASS,11.0,BYD BYD M6 DYNAMIC
2025-02,RY1,Deepal,Deepal L07,Deepal L07,,,,,,,D,SEDAN,UPPER,BEV,MASS,11.0,DEEPAL L07
2025-02,RY1,Leapmotor,Leapmotor C10,Leapmotor C10,EV,,,,,BEV,C,CROSSOVER,UPPER,BEV,MASS,11.0,LEAPMOTOR C10 EV
2025-03,RY1,Leapmotor,Leapmotor C10,Leapmotor C10,EV,,,,,BEV,C,CROSSOVER,UPPER,BEV,MASS,11.0,LEAPMOTOR C10 EV
2025-04,RY1,Geely,Geely EX5,Geely EX5,,,,,,,C,CROSSOVER,VOLUME,BEV,MASS,11.0,GEELY EX5
2025-04,RY1,GWM,Haval H6,Haval H6,PLUG-IN HYBRID,,,,,PHEV,C,CROSSOVER,UPPER,MIXED,MASS,11.0,HAVAL H6 PLUG-IN HYBRID
2025-04,RY1,MG,MG Maxus 9,MG Maxus 9,,,,,,,E,MPV,LUXURY,BEV,MASS,11.0,MG MAXUS 9
2025-05,RY1,Chery,Omoda C5,Omoda C5,EV Long Range Plus,LONG RANGE,,,,BEV,B,CROSSOVER,VOLUME,BEV,MASS,11.0,OMODA C5 EV Long Range Plus
2025-06,RY1,GWM,Haval H6,Haval H6,HYBRID,,,,,HEV,C,CROSSOVER,UPPER,MIXED,MASS,11.0,HAVAL H6 HYBRID
2025-06,RY1,Tesla,Model 3,Model 3,LONG RANGE,LONG RANGE,,,,,D,SEDAN,MIXED,BEV,PREMIUM_TECH,11.0,TESLA MODEL 3 LONG RANGE
2025-06,RY1,Wuling,Wuling Bingo,Wuling Bingo,SRD,,,,,,A,HATCHBACK,ENTRY,BEV,BUDGET,11.0,WULING Binguo SRD
2025-07,RY1,BYD,Sealion 6 DM-i,Sealion 6 DM-i,,,,,,,C,CROSSOVER,VOLUME,PHEV,MASS,11.0,BYD BYD SEALION 6
2025-08,RY1,Deepal,Deepal E07,Deepal E07,PLUS,PLUS,,,,,D,SUV,LUXURY,BEV,MASS,11.0,DEEPAL E07 PLUS
2025-09,RY1,Deepal,Deepal E07,Deepal E07,PERFORMANCE AWD,PERFORMANCE,AWD,,,,D,SUV,LUXURY,BEV,MASS,11.0,DEEPAL E07 PERFORMANCE AWD
2025-09,RY1,MG,MG Extender,MG Extender Double Cab,,,,,,,F,PICKUP,VOLUME,ICE,MASS,11.0,MG MG EXTENDER
2025-10,RY1,BYD,BYD M6,BYD M6,DYNAMIC,DYNAMIC,,,,,C,MPV,VOLUME,BEV,MASS,11.0,BYD BYD M6 DYNAMIC
2025-10,RY1,BYD,Seal,Seal,EXD RWD,,RWD,,,,D,SEDAN,UPPER,BEV,MASS,11.0,BYD BYD SEAL EXD RWD
2025-10,RY1,Riddara,Horizon,Riddara Horizon Double Cab,PRO 4WD,PRO,4WD,,,,F,PICKUP,UPPER,BEV,MASS,11.0,RIDDARA HORIZON PRO 4WD
2025-10,RY3,MG,MG Extender,MG Extender Cab,,,,,,,F,PICKUP,VOLUME,ICE,MASS,11.0,MG MG EXTENDER
2025-11,RY1,Leapmotor,Leapmotor C10,Leapmotor C10,EV,,,,,BEV,C,CROSSOVER,UPPER,BEV,MASS,11.0,LEAPMOTOR C10 EV
2025-11,RY1,MG,MG Cyberster,MG Cyberster,,,,,,,D,COUPE,LUXURY,BEV,MASS,11.0,MG CYBERSTER
2025-12,RY1,Wuling,Wuling Air EV,Wuling Air EV,LR,,,,,,A,HATCHBACK,ENTRY,BEV,BUDGET,11.0,WULING Air EV LR
2026-01,RY1,Wuling,Wuling Bingo,Wuling Bingo,SRD,,,,,,A,HATCHBACK,ENTRY,BEV,BUDGET,10.0,WULING Binguo SRD
2022-02,RY1,MG,MG ZS EV,MG ZS EV,,,,,,,B,CROSSOVER,VOLUME,BEV,MASS,10.0,MG ZS EV
2022-04,RY1,Tesla,Model Y,Model Y,LONG RANGE,LONG RANGE,,,,,D,CROSSOVER,MIXED,BEV,PREMIUM_TECH,10.0,TESLA MODEL Y LONG RANGE
2022-06,RY1,Tesla,Model 3,Model 3,LONG RANGE,LONG RANGE,,,,,D,SEDAN,MIXED,BEV,PREMIUM_TECH,10.0,TESLA MODEL 3 LONG RANGE
2022-09,RY1,MG,MG ZS EV,MG ZS EV,,,,,,,B,CROSSOVER,VOLUME,BEV,MASS,10.0,MG ZS EV
2023-11,RY1,Wuling,Wuling Air EV,Wuling Air EV,SR,,,,,,A,HATCHBACK,ENTRY,BEV,BUDGET,10.0,WULING Air EV SR
2024-02,RY1,GWM,Haval H6,Haval H6,HEV PRO,PRO,,,,HEV,C,CROSSOVER,UPPER,MIXED,MASS,10.0,HAVAL H6 HEV PRO
2024-03,RY1,BYD,Atto 3,Atto 3,410KM,,,410.0,,,B,CROSSOVER,VOLUME,BEV,MASS,10.0,BYD BYD ATTO 3 (410KM)
2024-03,RY1,GWM,Haval H6,Haval H6,HEV PRO,PRO,,,,HEV,C,CROSSOVER,UPPER,MIXED,MASS,10.0,HAVAL H6 HEV PRO
2024-05,RY1,GWM,Haval H6,Haval H6,HEV PRO,PRO,,,,HEV,C,CROSSOVER,UPPER,MIXED,MASS,10.0,HAVAL H6 HEV PRO
2024-06,RY3,BYD,BYD T3,BYD T3,,,,,,,UNKNOWN,VAN,VOLUME,BEV,MASS,10.0,BYD T3
2024-11,RY1,Deepal,Deepal S07,Deepal S07,L,,,,,,C,CROSSOVER,UPPER,BEV,MASS,10.0,DEEPAL S07 L
2024-12,RY1,Changan,Changan Lumin,Changan Lumin,,,,,,,A,HATCHBACK,ENTRY,BEV,MASS,10.0,CHANGAN LUMIN
2025-01,RY1,Neta,Neta V,Neta V,,,,,,,A,CROSSOVER,VOLUME,BEV,BUDGET,10.0,NETA NETA V
2025-02,RY1,BYD,Dolphin,Dolphin,EXD,,,,,,B,HATCHBACK,VOLUME,BEV,MASS,10.0,BYD BYD DOLPHIN EXD
2025-03,RY1,GWM,Tank 500,Tank 500,,,,,,,E,PPV,LUXURY,HEV,MASS,10.0,GWM TANK 500 HYBRID
2025-04,RY1,Deepal,Deepal E07,Deepal E07,PERFORMANCE AWD,PERFORMANCE,AWD,,,,D,SUV,LUXURY,BEV,MASS,10.0,DEEPAL E07 PERFORMANCE AWD
2025-05,RY1,Deepal,Deepal E07,Deepal E07,PERFORMANCE AWD,PERFORMANCE,AWD,,,,D,SUV,LUXURY,BEV,MASS,10.0,DEEPAL E07 PERFORMANCE AWD
2025-06,RY1,Aion,Aion ES,Aion ES,,,,,,,C,SEDAN,VOLUME,BEV,MASS,10.0,AION AION ES
2025-06,RY1,GWM,Tank 500,Tank 500,,,,,,,E,PPV,LUXURY,HEV,MASS,10.0,GWM TANK 500 HYBRID
2025-07,RY1,GWM,Tank 500,Tank 500,,,,,,,E,PPV,LUXURY,HEV,MASS,10.0,GWM TANK 500 HYBRID
2025-08,RY1,Denza,Denza D9,Denza D9,AWD,,AWD,,,,E,MPV,LUXURY,MIXED,PREMIUM_LUXURY,10.0,DENZA DENZA D9 AWD
2025-08,RY1,MG,MG HS,MG HS,,,,,,,C,CROSSOVER,MIXED,MIXED,MASS,10.0,MG HS
2025-08,RY1,Neta,Neta X,Neta X,,,,,,,B,CROSSOVER,VOLUME,BEV,BUDGET,10.0,NETA NETA X
2025-08,RY1,Wuling,Wuling Bingo,Wuling Bingo,SRD,,,,,,A,HATCHBACK,ENTRY,BEV,BUDGET,10.0,WULING Binguo SRD
2025-09,RY1,Deepal,Deepal E07,Deepal E07,PLUS,PLUS,,,,,D,SUV,LUXURY,BEV,MASS,10.0,DEEPAL E07 PLUS
2025-11,RY1,Aion,Aion Y Plus,Aion Y Plus,490 PREMIUM,PREMIUM,,490.0,,,B,CROSSOVER,VOLUME,BEV,MASS,10.0,AION AION Y PLUS 490 PREMIUM
2025-11,RY1,Aion,Hyptec HT,Hyptec HT,620 LUXURY,LUXURY,,620.0,,,D,CROSSOVER,UPPER,BEV,MASS,10.0,AION HYPTEC HT 620 LUXURY
2025-11,RY1,Leapmotor,Leapmotor B10,Leapmotor B10,Design BEV,,,,,BEV,B,CROSSOVER,VOLUME,BEV,MASS,10.0,LEAPMOTOR B10 Design BEV
2025-12,RY1,Aion,Aion ES,Aion ES,,,,,,,C,SEDAN,VOLUME,BEV,MASS,10.0,AION AION ES
2025-12,RY1,Aion,Aion Y Plus,Aion Y Plus,490 PREMIUM,PREMIUM,,490.0,,,B,CROSSOVER,VOLUME,BEV,MASS,10.0,AION AION Y PLUS 490 PREMIUM
2025-12,RY1,BYD,BYD M6,BYD M6,DYNAMIC,DYNAMIC,,,,,C,MPV,VOLUME,BEV,MASS,10.0,BYD BYD M6 DYNAMIC
2026-01,RY1,Deepal,Deepal E07,Deepal E07,PLUS,PLUS,,,,,D,SUV,LUXURY,BEV,MASS,9.0,DEEPAL E07 PLUS
2022-02,RY1,Tesla,Model 3,Model 3,LONG RANGE,LONG RANGE,,,,,D,SEDAN,MIXED,BEV,PREMIUM_TECH,9.0,TESLA MODEL 3 LONG RANGE
2022-06,RY1,Tesla,Model Y,Model Y,Rear-Wheel Drive,,,,,,D,CROSSOVER,MIXED,BEV,PREMIUM_TECH,9.0,TESLA Model Y Rear-Wheel Drive
2023-05,RY2,MG,MG Extender,MG Extender Double Cab,,,,,,,F,PICKUP,VOLUME,ICE,MASS,9.0,MG MG EXTENDER
2024-04,RY1,MG,MG ES,MG ES,,,,,,,C,CROSSOVER,VOLUME,BEV,MASS,9.0,MG ES
2024-05,RY1,BYD,BYD M6,BYD M6,,,,,,,C,MPV,VOLUME,BEV,MASS,9.0,BYD E6
2024-07,RY1,GWM,Haval H6,Haval H6,HEV PRO,PRO,,,,HEV,C,CROSSOVER,UPPER,MIXED,MASS,9.0,HAVAL H6 HEV PRO
2024-10,RY1,Deepal,Deepal S07,Deepal S07,L,,,,,,C,CROSSOVER,UPPER,BEV,MASS,9.0,DEEPAL S07 L
2024-10,RY1,Wuling,Wuling Air EV,Wuling Air EV,LR,,,,,,A,HATCHBACK,ENTRY,BEV,BUDGET,9.0,WULING Air EV LR
2024-11,RY1,BYD,Atto 3,Atto 3,410KM-PREMIUM,PREMIUM,,410.0,,,B,CROSSOVER,VOLUME,BEV,MASS,9.0,BYD BYD ATTO3 (410KM-PREMIUM)
2024-11,RY1,BYD,Dolphin,Dolphin,EXD,,,,,,B,HATCHBACK,VOLUME,BEV,MASS,9.0,BYD BYD DOLPHIN EXD
2025-01,RY1,Chery,Omoda C5,Omoda C5,EV Long Range Plus,LONG RANGE,,,,BEV,B,CROSSOVER,VOLUME,BEV,MASS,9.0,OMODA C5 EV Long Range Plus
2025-01,RY1,Tesla,Model 3,Model 3,LONG RANGE,LONG RANGE,,,,,D,SEDAN,MIXED,BEV,PREMIUM_TECH,9.0,TESLA MODEL 3 LONG RANGE
2025-02,RY1,MG,MG Maxus 7,MG Maxus 7,,,,,,,D,MPV,UPPER,ICE,MASS,9.0,MG MAXUS 7
2025-02,RY1,Wuling,Wuling Air EV,Wuling Air EV,SR,,,,,,A,HATCHBACK,ENTRY,BEV,BUDGET,9.0,WULING Air EV SR
2025-03,RY1,MG,MG EP,MG EP,,,,,,,B,WAGON,VOLUME,BEV,MASS,9.0,MG EP
2025-03,RY1,MG,MG HS,MG HS,,,,,,,C,CROSSOVER,MIXED,MIXED,MASS,9.0,MG HS
2025-04,RY1,GWM,Tank 500,Tank 500,,,,,,,E,PPV,LUXURY,HEV,MASS,9.0,GWM TANK 500 HYBRID
2025-04,RY1,MG,MG EP,MG EP,,,,,,,B,WAGON,VOLUME,BEV,MASS,9.0,MG EP
2025-04,RY1,Riddara,Horizon,Riddara Horizon Double Cab,4WD,,4WD,,,,F,PICKUP,UPPER,BEV,MASS,9.0,RIDDARA HORIZON 4WD
2025-04,RY1,Tesla,Model Y,Model Y,LONG RANGE,LONG RANGE,,,,,D,CROSSOVER,MIXED,BEV,PREMIUM_TECH,9.0,TESLA MODEL Y LONG RANGE
2025-05,RY1,MG,MG Cyberster,MG Cyberster,,,,,,,D,COUPE,LUXURY,BEV,MASS,9.0,MG CYBERSTER
2025-06,RY1,Avatr,Avatr 11,Avatr 11,STANDARD RANGE,STANDARD RANGE,,,,,D,CROSSOVER,LUXURY,BEV,PREMIUM_TECH,9.0,AVATR AVATR 11 STANDARD RANGE
2025-06,RY2,Riddara,RD6,Riddara RD6 Double Cab,PRO 2WD,PRO,2WD,,,,F,PICKUP,UPPER,BEV,MASS,9.0,RIDDARA RD6 PRO 2WD
2025-07,RY1,Riddara,Horizon,Riddara Horizon Double Cab,PRO 4WD,PRO,4WD,,,,F,PICKUP,UPPER,BEV,MASS,9.0,RIDDARA HORIZON PRO 4WD
2025-08,RY1,Deepal,Deepal E07,Deepal E07,PERFORMANCE AWD,PERFORMANCE,AWD,,,,D,SUV,LUXURY,BEV,MASS,9.0,DEEPAL E07 PERFORMANCE AWD
2025-09,RY1,Wuling,Wuling Air EV,Wuling Air EV,LR,,,,,,A,HATCHBACK,ENTRY,BEV,BUDGET,9.0,WULING Air EV LR
2025-10,RY1,Aion,Hyptec HT,Hyptec HT,620 LUXURY,LUXURY,,620.0,,,D,CROSSOVER,UPPER,BEV,MASS,9.0,AION HYPTEC HT 620 LUXURY
2025-10,RY1,Denza,Denza D9,Denza D9,AWD,,AWD,,,,E,MPV,LUXURY,MIXED,PREMIUM_LUXURY,9.0,DENZA DENZA D9 AWD
2025-11,RY1,Deepal,Deepal E07,Deepal E07,PERFORMANCE AWD,PERFORMANCE,AWD,,,,D,SUV,LUXURY,BEV,MASS,9.0,DEEPAL E07 PERFORMANCE AWD
2025-11,RY1,Denza,Denza D9,Denza D9,AWD,,AWD,,,,E,MPV,LUXURY,MIXED,PREMIUM_LUXURY,9.0,DENZA DENZA D9 AWD
2025-12,RY1,Denza,Denza D9,Denza D9,AWD,,AWD,,,,E,MPV,LUXURY,MIXED,PREMIUM_LUXURY,9.0,DENZA DENZA D9 AWD
2026-01,RY1,Deepal,Deepal E07,Deepal E07,PERFORMANCE AWD,PERFORMANCE,AWD,,,,D,SUV,LUXURY,BEV,MASS,8.0,DEEPAL E07 PERFORMANCE AWD
2022-03,RY1,Tesla,Model 3,Model 3,LONG RANGE,LONG RANGE,,,,,D,SEDAN,MIXED,BEV,PREMIUM_TECH,8.0,TESLA MODEL 3 LONG RANGE
2022-05,RY1,Tesla,Model Y,Model Y,LONG RANGE,LONG RANGE,,,,,D,CROSSOVER,MIXED,BEV,PREMIUM_TECH,8.0,TESLA MODEL Y LONG RANGE
2022-05,RY1,Tesla,Model Y,Model Y,STANDARD RANGE,STANDARD RANGE,,,,,D,CROSSOVER,MIXED,BEV,PREMIUM_TECH,8.0,TESLA MODEL Y STANDARD RANGE
2022-06,RY1,BYD,BYD M6,BYD M6,,,,,,,C,MPV,VOLUME,BEV,MASS,8.0,BYD E6
2022-07,RY1,BYD,BYD T3,BYD T3,,,,,,,UNKNOWN,VAN,VOLUME,BEV,MASS,8.0,BYD T3
2022-12,RY1,MG,MG3,MG3,NEW,,,,,,B,HATCHBACK,VOLUME,HEV,MASS,8.0,MG NEW MG3
2023-01,RY1,MG,MG3,MG3,NEW,,,,,,B,HATCHBACK,VOLUME,HEV,MASS,8.0,MG NEW MG3
2023-02,RY3,BYD,BYD T3,BYD T3,,,,,,,UNKNOWN,VAN,VOLUME,BEV,MASS,8.0,BYD T3
2023-12,RY1,MG,MG3,MG3,NEW,,,,,,B,HATCHBACK,VOLUME,HEV,MASS,8.0,MG NEW MG3
2024-01,RY1,GWM,Haval H6,Haval H6,HEV PRO,PRO,,,,HEV,C,CROSSOVER,UPPER,MIXED,MASS,8.0,HAVAL H6 HEV PRO
2024-03,RY3,MG,MG Extender,MG Extender Cab,,,,,,,F,PICKUP,VOLUME,ICE,MASS,8.0,MG MG EXTENDER
2024-04,RY1,GWM,Haval H6,Haval H6,HEV PRO,PRO,,,,HEV,C,CROSSOVER,UPPER,MIXED,MASS,8.0,HAVAL H6 HEV PRO
2024-04,RY1,Wuling,Wuling Air EV,Wuling Air EV,SR,,,,,,A,HATCHBACK,ENTRY,BEV,BUDGET,8.0,WULING Air EV SR
2024-06,RY1,Aion,Aion ES,Aion ES,,,,,,,C,SEDAN,VOLUME,BEV,MASS,8.0,AION AION ES
2024-07,RY3,BYD,BYD T3,BYD T3,,,,,,,UNKNOWN,VAN,VOLUME,BEV,MASS,8.0,BYD T3
2024-08,RY1,Changan,Changan Lumin,Changan Lumin,,,,,,,A,HATCHBACK,ENTRY,BEV,MASS,8.0,CHANGAN LUMIN
2024-08,RY1,Deepal,Deepal S07,Deepal S07,L,,,,,,C,CROSSOVER,UPPER,BEV,MASS,8.0,DEEPAL S07 L
2024-11,RY1,MG,MG ES,MG ES,,,,,,,C,CROSSOVER,VOLUME,BEV,MASS,8.0,MG ES
2024-12,RY1,BYD,Dolphin,Dolphin,STD,STD,,,,,B,HATCHBACK,VOLUME,BEV,MASS,8.0,BYD BYD DOLPHIN STD
2024-12,RY1,MG,MG HS,MG HS,,,,,,,C,CROSSOVER,MIXED,MIXED,MASS,8.0,MG HS
2024-12,RY1,Tesla,Model Y,Model Y,LONG RANGE,LONG RANGE,,,,,D,CROSSOVER,MIXED,BEV,PREMIUM_TECH,8.0,TESLA MODEL Y LONG RANGE
2025-01,RY1,MG,MG ES,MG ES,,,,,,,C,CROSSOVER,VOLUME,BEV,MASS,8.0,MG ES
2025-02,RY1,MG,MG EP,MG EP,,,,,,,B,WAGON,VOLUME,BEV,MASS,8.0,MG EP
2025-03,RY1,BYD,Sealion 6 DM-i,Sealion 6 DM-i,,,,,,,C,CROSSOVER,VOLUME,PHEV,MASS,8.0,BYD BYD SEALION 6
2025-03,RY1,Riddara,Horizon,Riddara Horizon Double Cab,4WD,,4WD,,,,F,PICKUP,UPPER,BEV,MASS,8.0,RIDDARA HORIZON 4WD
2025-04,RY1,Leapmotor,Leapmotor C10,Leapmotor C10,EV,,,,,BEV,C,CROSSOVER,UPPER,BEV,MASS,8.0,LEAPMOTOR C10 EV
2025-04,RY1,Tesla,Model 3,Model 3,PERFORMANCE,PERFORMANCE,,,,,D,SEDAN,MIXED,BEV,PREMIUM_TECH,8.0,TESLA Model 3 Performance
2025-05,RY1,Deepal,Deepal E07,Deepal E07,PLUS,PLUS,,,,,D,SUV,LUXURY,BEV,MASS,8.0,DEEPAL E07 PLUS
2025-05,RY1,MG,MG HS,MG HS,,,,,,,C,CROSSOVER,MIXED,MIXED,MASS,8.0,MG HS
2025-05,RY1,Tesla,Model 3,Model 3,PERFORMANCE,PERFORMANCE,,,,,D,SEDAN,MIXED,BEV,PREMIUM_TECH,8.0,TESLA Model 3 Performance
2025-05,RY1,Tesla,Model 3,Model 3,Rear-Wheel Drive,,,,,,D,SEDAN,MIXED,BEV,PREMIUM_TECH,8.0,TESLA Model 3 Rear-Wheel Drive
2025-05,RY1,Tesla,Model Y,Model Y,PERFORMANCE,PERFORMANCE,,,,,D,CROSSOVER,MIXED,BEV,PREMIUM_TECH,8.0,TESLA MODEL Y PERFORMANCE
2025-06,RY1,Deepal,Deepal E07,Deepal E07,PERFORMANCE AWD,PERFORMANCE,AWD,,,,D,SUV,LUXURY,BEV,MASS,8.0,DEEPAL E07 PERFORMANCE AWD
2025-06,RY1,Leapmotor,Leapmotor C10,Leapmotor C10,EV,,,,,BEV,C,CROSSOVER,UPPER,BEV,MASS,8.0,LEAPMOTOR C10 EV
2025-06,RY1,Riddara,Horizon,Riddara Horizon Double Cab,4WD,,4WD,,,,F,PICKUP,UPPER,BEV,MASS,8.0,RIDDARA HORIZON 4WD
2025-07,RY1,Chery,Omoda C5,Omoda C5,EV Long Range Plus,LONG RANGE,,,,BEV,B,CROSSOVER,VOLUME,BEV,MASS,8.0,OMODA C5 EV Long Range Plus
2025-07,RY1,Tesla,Model Y,Model Y,PERFORMANCE,PERFORMANCE,,,,,D,CROSSOVER,MIXED,BEV,PREMIUM_TECH,8.0,TESLA MODEL Y PERFORMANCE
2025-08,RY1,BYD,Seal,Seal,EXD RWD,,RWD,,,,D,SEDAN,UPPER,BEV,MASS,8.0,BYD BYD SEAL EXD RWD
2025-08,RY1,MG,MG Maxus 7,MG Maxus 7,,,,,,,D,MPV,UPPER,ICE,MASS,8.0,MG MAXUS 7
2025-09,RY1,Denza,Denza D9,Denza D9,AWD,,AWD,,,,E,MPV,LUXURY,MIXED,PREMIUM_LUXURY,8.0,DENZA DENZA D9 AWD
2025-09,RY1,Riddara,Horizon,Riddara Horizon Double Cab,PRO 4WD,PRO,4WD,,,,F,PICKUP,UPPER,BEV,MASS,8.0,RIDDARA HORIZON PRO 4WD
2025-09,RY3,BYD,BYD T3,BYD T3,,,,,,,UNKNOWN,VAN,VOLUME,BEV,MASS,8.0,BYD T3
2025-10,RY1,GWM,Haval H6,Haval H6,HEV ULTRA,ULTRA,,,,HEV,C,CROSSOVER,UPPER,MIXED,MASS,8.0,HAVAL H6 HEV ULTRA
2025-10,RY1,MG,MG ZS EV,MG ZS EV,,,,,,,B,CROSSOVER,VOLUME,BEV,MASS,8.0,MG ZS EV
2025-11,RY1,GWM,Tank 500,Tank 500,,,,,,,E,PPV,LUXURY,HEV,MASS,8.0,GWM TANK 500 HYBRID
2025-11,RY1,Riddara,Horizon,Riddara Horizon Double Cab,PRO 4WD,PRO,4WD,,,,F,PICKUP,UPPER,BEV,MASS,8.0,RIDDARA HORIZON PRO 4WD
2025-12,RY1,Deepal,Deepal L07,Deepal L07,,,,,,,D,SEDAN,UPPER,BEV,MASS,8.0,DEEPAL L07
2025-12,RY1,XPeng,XPeng G6,XPeng G6,STANDARD RANGE,STANDARD RANGE,,,,,D,CROSSOVER,UPPER,BEV,PREMIUM_TECH,8.0,XPENG G6 STANDARD RANGE
2025-12,RY1,XPeng,XPeng X9,XPeng X9,LONG RANGE LUXURY,LONG RANGE,,,,,E,MPV,LUXURY,BEV,PREMIUM_TECH,8.0,XPENG X9 LONG RANGE(LUXURY)
2026-01,RY1,GWM,Tank 500,Tank 500,,,,,,,E,PPV,LUXURY,HEV,MASS,7.0,GWM TANK 500 HYBRID
2026-01,RY1,GWM,Haval H6,Haval H6,HEV ULTRA,ULTRA,,,,HEV,C,CROSSOVER,UPPER,MIXED,MASS,7.0,HAVAL H6 HEV ULTRA
2026-01,RY1,MG,MG Cyberster,MG Cyberster,,,,,,,D,COUPE,LUXURY,BEV,MASS,7.0,MG CYBERSTER
2026-01,RY1,XPeng,XPeng X9,XPeng X9,STANDARD RANGE,STANDARD RANGE,,,,,E,MPV,LUXURY,BEV,PREMIUM_TECH,7.0,XPENG X9 STANDARD RANGE
2022-02,RY1,Tesla,Model 3,Model 3,PERFORMANCE,PERFORMANCE,,,,,D,SEDAN,MIXED,BEV,PREMIUM_TECH,7.0,TESLA MODEL 3 PERFORMANCE
2022-06,RY1,MG,MG ZS EV,MG ZS EV,,,,,,,B,CROSSOVER,VOLUME,BEV,MASS,7.0,MG ZS EV
2022-06,RY1,Tesla,Model 3,Model 3,PERFORMANCE,PERFORMANCE,,,,,D,SEDAN,MIXED,BEV,PREMIUM_TECH,7.0,TESLA MODEL 3 PERFORMANCE
2023-02,RY1,MG,MG3,MG3,NEW,,,,,,B,HATCHBACK,VOLUME,HEV,MASS,7.0,MG NEW MG3
2023-07,RY2,MG,MG Extender,MG Extender Double Cab,,,,,,,F,PICKUP,VOLUME,ICE,MASS,7.0,MG MG EXTENDER
2023-08,RY3,BYD,BYD T3,BYD T3,,,,,,,UNKNOWN,VAN,VOLUME,BEV,MASS,7.0,BYD T3
2023-11,RY1,Tesla,Model 3,Model 3,LONG RANGE,LONG RANGE,,,,,D,SEDAN,MIXED,BEV,PREMIUM_TECH,7.0,TESLA MODEL 3 LONG RANGE
2024-02,RY1,MG,MG ES,MG ES,,,,,,,C,CROSSOVER,VOLUME,BEV,MASS,7.0,MG ES
2024-05,RY1,Changan,Changan Lumin,Changan Lumin,,,,,,,A,HATCHBACK,ENTRY,BEV,MASS,7.0,CHANGAN LUMIN
2024-05,RY3,BYD,BYD T3,BYD T3,,,,,,,UNKNOWN,VAN,VOLUME,BEV,MASS,7.0,BYD T3
2024-07,RY1,Deepal,Deepal S07,Deepal S07,L,,,,,,C,CROSSOVER,UPPER,BEV,MASS,7.0,DEEPAL S07 L
2024-11,RY1,Tesla,Model Y,Model Y,PERFORMANCE,PERFORMANCE,,,,,D,CROSSOVER,MIXED,BEV,PREMIUM_TECH,7.0,TESLA MODEL Y PERFORMANCE
2024-12,RY1,BYD,Atto 3,Atto 3,410KM-PREMIUM,PREMIUM,,410.0,,,B,CROSSOVER,VOLUME,BEV,MASS,7.0,BYD BYD ATTO3 (410KM-PREMIUM)
2025-01,RY1,BYD,BYD M6,BYD M6,,,,,,,C,MPV,VOLUME,BEV,MASS,7.0,BYD E6
2025-01,RY1,Wuling,Wuling Air EV,Wuling Air EV,LR,,,,,,A,HATCHBACK,ENTRY,BEV,BUDGET,7.0,WULING Air EV LR
2025-02,RY1,Deepal,Deepal S07,Deepal S07,L,,,,,,C,CROSSOVER,UPPER,BEV,MASS,7.0,DEEPAL S07 L
2025-03,RY1,Changan,Changan Lumin,Changan Lumin,,,,,,,A,HATCHBACK,ENTRY,BEV,MASS,7.0,CHANGAN LUMIN
2025-04,RY3,BYD,BYD T3,BYD T3,,,,,,,UNKNOWN,VAN,VOLUME,BEV,MASS,7.0,BYD T3
2025-05,RY1,BYD,Sealion 6 DM-i,Sealion 6 DM-i,,,,,,,C,CROSSOVER,VOLUME,PHEV,MASS,7.0,BYD BYD SEALION 6
2025-05,RY1,Leapmotor,Leapmotor C10,Leapmotor C10,EV,,,,,BEV,C,CROSSOVER,UPPER,BEV,MASS,7.0,LEAPMOTOR C10 EV
2025-06,RY1,MG,MG HS,MG HS,,,,,,,C,CROSSOVER,MIXED,MIXED,MASS,7.0,MG HS
2025-07,RY1,Aion,Hyptec HT,Hyptec HT,620 LUXURY,LUXURY,,620.0,,,D,CROSSOVER,UPPER,BEV,MASS,7.0,AION HYPTEC HT 620 LUXURY
2025-07,RY1,Leapmotor,Leapmotor C10,Leapmotor C10,EV,,,,,BEV,C,CROSSOVER,UPPER,BEV,MASS,7.0,LEAPMOTOR C10 EV
2025-08,RY1,Chery,Omoda C5,Omoda C5,EV Long Range Plus,LONG RANGE,,,,BEV,B,CROSSOVER,VOLUME,BEV,MASS,7.0,OMODA C5 EV Long Range Plus
2025-09,RY1,BYD,Sealion 6 DM-i,Sealion 6 DM-i,DMI-PREMIUM,PREMIUM,,,,PHEV,C,CROSSOVER,VOLUME,PHEV,MASS,7.0,BYD BYD SEAL U (DMI-PREMIUM)
2025-09,RY1,GAC,GAC M8,GAC M8,PHEV PREMIUM,PREMIUM,,,,PHEV,E,MPV,LUXURY,PHEV,MASS,7.0,GAC M8 PHEV PREMIUM
2025-09,RY1,MG,MG HS,MG HS,,,,,,,C,CROSSOVER,MIXED,MIXED,MASS,7.0,MG HS
2025-10,RY1,Aion,Aion Y Plus,Aion Y Plus,490 PREMIUM,PREMIUM,,490.0,,,B,CROSSOVER,VOLUME,BEV,MASS,7.0,AION AION Y PLUS 490 PREMIUM
2025-11,RY1,BYD,BYD M6,BYD M6,DYNAMIC,DYNAMIC,,,,,C,MPV,VOLUME,BEV,MASS,7.0,BYD BYD M6 DYNAMIC
2025-11,RY1,Deepal,Deepal L07,Deepal L07,,,,,,,D,SEDAN,UPPER,BEV,MASS,7.0,DEEPAL L07
2025-12,RY1,Deepal,Deepal L07,Deepal L07,S,,,,,,D,SEDAN,UPPER,BEV,MASS,7.0,DEEPAL L07 S
2025-12,RY1,Leapmotor,Leapmotor C10,Leapmotor C10,EV,,,,,BEV,C,CROSSOVER,UPPER,BEV,MASS,7.0,LEAPMOTOR C10 EV
2025-12,RY1,MG,MG Cyberster,MG Cyberster,,,,,,,D,COUPE,LUXURY,BEV,MASS,7.0,MG CYBERSTER
2026-01,RY1,Riddara,Horizon,Riddara Horizon Double Cab,4WD,,4WD,,,,F,PICKUP,UPPER,BEV,MASS,6.0,RIDDARA HORIZON 4WD
2022-04,RY1,Tesla,Model 3,Model 3,LONG RANGE,LONG RANGE,,,,,D,SEDAN,MIXED,BEV,PREMIUM_TECH,6.0,TESLA MODEL 3 LONG RANGE
2022-07,RY1,Tesla,Model 3,Model 3,LONG RANGE,LONG RANGE,,,,,D,SEDAN,MIXED,BEV,PREMIUM_TECH,6.0,TESLA MODEL 3 LONG RANGE
2022-07,RY1,Tesla,Model Y,Model Y,LONG RANGE,LONG RANGE,,,,,D,CROSSOVER,MIXED,BEV,PREMIUM_TECH,6.0,TESLA MODEL Y LONG RANGE
2022-08,RY1,Tesla,Model 3,Model 3,LONG RANGE,LONG RANGE,,,,,D,SEDAN,MIXED,BEV,PREMIUM_TECH,6.0,TESLA MODEL 3 LONG RANGE
2023-01,RY1,GWM,Haval H6,Haval H6,HEV PRO,PRO,,,,HEV,C,CROSSOVER,UPPER,MIXED,MASS,6.0,HAVAL H6 HEV PRO
2023-05,RY1,MG,MG3,MG3,NEW,,,,,,B,HATCHBACK,VOLUME,HEV,MASS,6.0,MG NEW MG3
2024-01,RY1,Aion,Aion ES,Aion ES,,,,,,,C,SEDAN,VOLUME,BEV,MASS,6.0,AION AION ES
2024-06,RY1,Changan,Changan Lumin,Changan Lumin,,,,,,,A,HATCHBACK,ENTRY,BEV,MASS,6.0,CHANGAN LUMIN
2024-06,RY1,Wuling,Wuling Air EV,Wuling Air EV,SR,,,,,,A,HATCHBACK,ENTRY,BEV,BUDGET,6.0,WULING Air EV SR
2024-08,RY1,BYD,BYD M6,BYD M6,,,,,,,C,MPV,VOLUME,BEV,MASS,6.0,BYD E6
2024-09,RY1,Changan,Changan Lumin,Changan Lumin,,,,,,,A,HATCHBACK,ENTRY,BEV,MASS,6.0,CHANGAN LUMIN
2024-09,RY1,Deepal,Deepal L07,Deepal L07,S,,,,,,D,SEDAN,UPPER,BEV,MASS,6.0,DEEPAL L07 S
2025-01,RY1,GWM,Haval H6,Haval H6,HEV PRO,PRO,,,,HEV,C,CROSSOVER,UPPER,MIXED,MASS,6.0,HAVAL H6 HEV PRO
2025-02,RY1,Chery,Omoda C5,Omoda C5,EV Long Range Plus,LONG RANGE,,,,BEV,B,CROSSOVER,VOLUME,BEV,MASS,6.0,OMODA C5 EV Long Range Plus
2025-03,RY1,Wuling,Wuling Air EV,Wuling Air EV,LR,,,,,,A,HATCHBACK,ENTRY,BEV,BUDGET,6.0,WULING Air EV LR
2025-05,RY1,GWM,Tank 500,Tank 500,,,,,,,E,PPV,LUXURY,HEV,MASS,6.0,GWM TANK 500 HYBRID
2025-05,RY1,MG,MG EP,MG EP,,,,,,,B,WAGON,VOLUME,BEV,MASS,6.0,MG EP
2025-07,RY1,Changan,Changan Lumin,Changan Lumin,,,,,,,A,HATCHBACK,ENTRY,BEV,MASS,6.0,CHANGAN LUMIN
2025-07,RY1,MG,MG HS,MG HS,,,,,,,C,CROSSOVER,MIXED,MIXED,MASS,6.0,MG HS
2025-08,RY1,Changan,Changan Lumin,Changan Lumin,,,,,,,A,HATCHBACK,ENTRY,BEV,MASS,6.0,CHANGAN LUMIN
2025-08,RY1,Leapmotor,Leapmotor C10,Leapmotor C10,EV,,,,,BEV,C,CROSSOVER,UPPER,BEV,MASS,6.0,LEAPMOTOR C10 EV
2025-09,RY1,BYD,Seal,Seal,STD RWD,STD,RWD,,,,D,SEDAN,UPPER,BEV,MASS,6.0,BYD BYD SEAL STD RWD
2025-09,RY1,Leapmotor,Leapmotor C10,Leapmotor C10,EV,,,,,BEV,C,CROSSOVER,UPPER,BEV,MASS,6.0,LEAPMOTOR C10 EV
2025-09,RY1,MG,MG Cyberster,MG Cyberster,,,,,,,D,COUPE,LUXURY,BEV,MASS,6.0,MG CYBERSTER
2025-09,RY1,Chery,Omoda C5,Omoda C5,EV Long Range Dynamic,LONG RANGE,,,,BEV,B,CROSSOVER,VOLUME,BEV,MASS,6.0,OMODA C5 EV Long Range Dynamic
2025-10,RY1,Deepal,Deepal E07,Deepal E07,PLUS,PLUS,,,,,D,SUV,LUXURY,BEV,MASS,6.0,DEEPAL E07 PLUS
2025-10,RY1,Chery,Omoda C5,Omoda C5,EV Long Range Dynamic,LONG RANGE,,,,BEV,B,CROSSOVER,VOLUME,BEV,MASS,6.0,OMODA C5 EV Long Range Dynamic
2025-11,RY1,GWM,Haval H6,Haval H6,HYBRID,,,,,HEV,C,CROSSOVER,UPPER,MIXED,MASS,6.0,HAVAL H6 HYBRID
2025-11,RY1,MG,MG Extender,MG Extender Double Cab,,,,,,,F,PICKUP,VOLUME,ICE,MASS,6.0,MG MG EXTENDER
2025-11,RY1,MG,MG ZS EV,MG ZS EV,,,,,,,B,CROSSOVER,VOLUME,BEV,MASS,6.0,MG ZS EV
2025-11,RY1,Riddara,Horizon,Riddara Horizon Double Cab,4WD,,4WD,,,,F,PICKUP,UPPER,BEV,MASS,6.0,RIDDARA HORIZON 4WD
2025-12,RY1,Deepal,Deepal E07,Deepal E07,PLUS,PLUS,,,,,D,SUV,LUXURY,BEV,MASS,6.0,DEEPAL E07 PLUS
2025-12,RY1,MG,MG ES,MG ES,,,,,,,C,CROSSOVER,VOLUME,BEV,MASS,6.0,MG ES
2026-01,RY1,Avatr,Avatr 11,Avatr 11,STANDARD RANGE,STANDARD RANGE,,,,,D,CROSSOVER,LUXURY,BEV,PREMIUM_TECH,5.0,AVATR AVATR 11 STANDARD RANGE
2026-01,RY1,Deepal,Deepal Hunter K50,Deepal Hunter K50,,,,,,,F,PICKUP,UPPER,PHEV,MASS,5.0,DEEPAL HUNTER K50
2022-02,RY1,Tesla,Model 3,Model 3,STANDARD PLUS,STANDARD,,,,,D,SEDAN,MIXED,BEV,PREMIUM_TECH,5.0,TESLA MODEL 3 STANDARD PLUS
2022-02,RY1,Tesla,Model Y,Model Y,STANDARD RANGE,STANDARD RANGE,,,,,D,CROSSOVER,MIXED,BEV,PREMIUM_TECH,5.0,TESLA MODEL Y STANDARD RANGE
2022-02,RY2,MG,MG Extender,MG Extender Double Cab,,,,,,,F,PICKUP,VOLUME,ICE,MASS,5.0,MG MG EXTENDER
2022-05,RY1,Tesla,Model 3,Model 3,LONG RANGE,LONG RANGE,,,,,D,SEDAN,MIXED,BEV,PREMIUM_TECH,5.0,TESLA MODEL 3 LONG RANGE
2022-07,RY1,Tesla,Model 3,Model 3,PERFORMANCE,PERFORMANCE,,,,,D,SEDAN,MIXED,BEV,PREMIUM_TECH,5.0,TESLA MODEL 3 PERFORMANCE
2022-07,RY1,Tesla,Model Y,Model Y,STANDARD RANGE,STANDARD RANGE,,,,,D,CROSSOVER,MIXED,BEV,PREMIUM_TECH,5.0,TESLA MODEL Y STANDARD RANGE
2022-07,RY2,MG,MG Extender,MG Extender Double Cab,,,,,,,F,PICKUP,VOLUME,ICE,MASS,5.0,MG MG EXTENDER
2022-09,RY1,Tesla,Model Y,Model Y,STANDARD RANGE,STANDARD RANGE,,,,,D,CROSSOVER,MIXED,BEV,PREMIUM_TECH,5.0,TESLA MODEL Y STANDARD RANGE
2022-11,RY1,Tesla,Model 3,Model 3,LONG RANGE,LONG RANGE,,,,,D,SEDAN,MIXED,BEV,PREMIUM_TECH,5.0,TESLA MODEL 3 LONG RANGE
2023-03,RY1,GWM,Haval H6,Haval H6,HEV PRO,PRO,,,,HEV,C,CROSSOVER,UPPER,MIXED,MASS,5.0,HAVAL H6 HEV PRO
2023-06,RY3,BYD,BYD T3,BYD T3,,,,,,,UNKNOWN,VAN,VOLUME,BEV,MASS,5.0,BYD T3
2023-07,RY3,BYD,BYD T3,BYD T3,,,,,,,UNKNOWN,VAN,VOLUME,BEV,MASS,5.0,BYD T3
2023-08,RY1,BYD,BYD M6,BYD M6,,,,,,,C,MPV,VOLUME,BEV,MASS,5.0,BYD E6
2023-09,RY3,BYD,BYD T3,BYD T3,,,,,,,UNKNOWN,VAN,VOLUME,BEV,MASS,5.0,BYD T3
2023-10,RY1,Wuling,Wuling Air EV,Wuling Air EV,SR,,,,,,A,HATCHBACK,ENTRY,BEV,BUDGET,5.0,WULING Air EV SR
2023-11,RY1,BYD,Seal,Seal,EXD AWD,,AWD,,,,D,SEDAN,UPPER,BEV,MASS,5.0,BYD BYD SEAL EXD AWD
2024-04,RY1,Tesla,Model 3,Model 3,PERFORMANCE,PERFORMANCE,,,,,D,SEDAN,MIXED,BEV,PREMIUM_TECH,5.0,TESLA Model 3 Performance
2024-06,RY1,MG,MG ES,MG ES,,,,,,,C,CROSSOVER,VOLUME,BEV,MASS,5.0,MG ES
2024-08,RY1,Wuling,Wuling Air EV,Wuling Air EV,SR,,,,,,A,HATCHBACK,ENTRY,BEV,BUDGET,5.0,WULING Air EV SR
2024-08,RY1,Wuling,Wuling Bingo,Wuling Bingo,SRD,,,,,,A,HATCHBACK,ENTRY,BEV,BUDGET,5.0,WULING Binguo SRD
2024-08,RY3,BYD,BYD T3,BYD T3,,,,,,,UNKNOWN,VAN,VOLUME,BEV,MASS,5.0,BYD T3
2024-12,RY1,BYD,Dolphin,Dolphin,EXD,,,,,,B,HATCHBACK,VOLUME,BEV,MASS,5.0,BYD BYD DOLPHIN EXD
2024-12,RY1,MG,MG ES,MG ES,,,,,,,C,CROSSOVER,VOLUME,BEV,MASS,5.0,MG ES
2024-12,RY3,BYD,BYD T3,BYD T3,,,,,,,UNKNOWN,VAN,VOLUME,BEV,MASS,5.0,BYD T3
2025-01,RY1,BYD,Dolphin,Dolphin,STD,STD,,,,,B,HATCHBACK,VOLUME,BEV,MASS,5.0,BYD BYD DOLPHIN STD
2025-02,RY1,Deepal,Deepal E07,Deepal E07,PERFORMANCE AWD,PERFORMANCE,AWD,,,,D,SUV,LUXURY,BEV,MASS,5.0,DEEPAL E07 PERFORMANCE AWD
2025-02,RY1,Deepal,Deepal E07,Deepal E07,PLUS,PLUS,,,,,D,SUV,LUXURY,BEV,MASS,5.0,DEEPAL E07 PLUS
2025-02,RY1,Riddara,Horizon,Riddara Horizon Double Cab,4WD,,4WD,,,,F,PICKUP,UPPER,BEV,MASS,5.0,RIDDARA HORIZON 4WD
2025-02,RY1,Tesla,Model Y,Model Y,PERFORMANCE,PERFORMANCE,,,,,D,CROSSOVER,MIXED,BEV,PREMIUM_TECH,5.0,TESLA MODEL Y PERFORMANCE
2025-02,RY3,BYD,BYD T3,BYD T3,,,,,,,UNKNOWN,VAN,VOLUME,BEV,MASS,5.0,BYD T3
2025-03,RY1,Aion,Aion ES,Aion ES,,,,,,,C,SEDAN,VOLUME,BEV,MASS,5.0,AION AION ES
2025-03,RY1,Riddara,RD6,Riddara RD6 Double Cab,2WD,,2WD,,,,F,PICKUP,UPPER,BEV,MASS,5.0,RIDDARA RD6 2WD
2025-03,RY3,BYD,BYD T3,BYD T3,,,,,,,UNKNOWN,VAN,VOLUME,BEV,MASS,5.0,BYD T3
2025-04,RY1,BYD,Sealion 6 DM-i,Sealion 6 DM-i,,,,,,,C,CROSSOVER,VOLUME,PHEV,MASS,5.0,BYD BYD SEALION 6
2025-04,RY1,MG,MG HS,MG HS,,,,,,,C,CROSSOVER,MIXED,MIXED,MASS,5.0,MG HS
2025-04,RY1,Wuling,Wuling Air EV,Wuling Air EV,LR,,,,,,A,HATCHBACK,ENTRY,BEV,BUDGET,5.0,WULING Air EV LR
2025-05,RY1,Wuling,Wuling Air EV,Wuling Air EV,LR,,,,,,A,HATCHBACK,ENTRY,BEV,BUDGET,5.0,WULING Air EV LR
2025-07,RY1,Deepal,Deepal S05,Deepal S05,PLUS,PLUS,,,,,B,CROSSOVER,VOLUME,MIXED,MASS,5.0,DEEPAL S05 PLUS
2025-07,RY1,Wuling,Wuling Air EV,Wuling Air EV,LR,,,,,,A,HATCHBACK,ENTRY,BEV,BUDGET,5.0,WULING Air EV LR
2025-08,RY1,Aion,Hyptec HT,Hyptec HT,620 LUXURY,LUXURY,,620.0,,,D,CROSSOVER,UPPER,BEV,MASS,5.0,AION HYPTEC HT 620 LUXURY
2025-08,RY1,Avatr,Avatr 11,Avatr 11,STANDARD RANGE,STANDARD RANGE,,,,,D,CROSSOVER,LUXURY,BEV,PREMIUM_TECH,5.0,AVATR AVATR 11 STANDARD RANGE
2025-08,RY1,GWM,Tank 500,Tank 500,,,,,,,E,PPV,LUXURY,HEV,MASS,5.0,GWM TANK 500 HYBRID
2025-08,RY1,Riddara,Horizon,Riddara Horizon Double Cab,4WD,,4WD,,,,F,PICKUP,UPPER,BEV,MASS,5.0,RIDDARA HORIZON 4WD
2025-09,RY1,Aion,Aion ES,Aion ES,,,,,,,C,SEDAN,VOLUME,BEV,MASS,5.0,AION AION ES
2025-09,RY1,BYD,Sealion 6 DM-i,Sealion 6 DM-i,,,,,,,C,CROSSOVER,VOLUME,PHEV,MASS,5.0,BYD BYD SEALION 6
2025-09,RY1,Deepal,Deepal L07,Deepal L07,S,,,,,,D,SEDAN,UPPER,BEV,MASS,5.0,DEEPAL L07 S
2025-09,RY1,GWM,Tank 500,Tank 500,,,,,,,E,PPV,LUXURY,HEV,MASS,5.0,GWM TANK 500 HYBRID
2025-09,RY1,Wuling,Wuling Bingo,Wuling Bingo,SRD,,,,,,A,HATCHBACK,ENTRY,BEV,BUDGET,5.0,WULING Binguo SRD
2025-10,RY1,BYD,Sealion 6 DM-i,Sealion 6 DM-i,,,,,,,C,CROSSOVER,VOLUME,PHEV,MASS,5.0,BYD BYD SEALION 6
2025-10,RY1,Deepal,Deepal E07,Deepal E07,PERFORMANCE AWD,PERFORMANCE,AWD,,,,D,SUV,LUXURY,BEV,MASS,5.0,DEEPAL E07 PERFORMANCE AWD
2025-10,RY1,Riddara,Horizon,Riddara Horizon Double Cab,4WD,,4WD,,,,F,PICKUP,UPPER,BEV,MASS,5.0,RIDDARA HORIZON 4WD
2025-10,RY1,Riddara,RD6,Riddara RD6 Double Cab,2WD,,2WD,,,,F,PICKUP,UPPER,BEV,MASS,5.0,RIDDARA RD6 2WD
2025-11,RY1,BYD,Atto 3,Atto 3,,,,,,,B,CROSSOVER,VOLUME,BEV,MASS,5.0,BYD BYD ATTO 3
2025-11,RY1,GWM,Haval H6,Haval H6,HEV ULTRA,ULTRA,,,,HEV,C,CROSSOVER,UPPER,MIXED,MASS,5.0,HAVAL H6 HEV ULTRA
2025-12,RY1,Aion,Hyptec HT,Hyptec HT,620 LUXURY,LUXURY,,620.0,,,D,CROSSOVER,UPPER,BEV,MASS,5.0,AION HYPTEC HT 620 LUXURY
2025-12,RY1,GWM,Haval H6,Haval H6,HEV ULTRA,ULTRA,,,,HEV,C,CROSSOVER,UPPER,MIXED,MASS,5.0,HAVAL H6 HEV ULTRA
2025-12,RY1,Tesla,Model 3,Model 3,LONG RANGE,LONG RANGE,,,,,D,SEDAN,MIXED,BEV,PREMIUM_TECH,5.0,TESLA MODEL 3 LONG RANGE
2026-01,RY1,Riddara,RD6,Riddara RD6 Double Cab,86KWH 2WD,,2WD,,86.0,,F,PICKUP,UPPER,BEV,MASS,4.0,RIDDARA RD6 86KWH 2WD
2022-01,RY1,Tesla,Model 3,Model 3,LONG RANGE,LONG RANGE,,,,,D,SEDAN,MIXED,BEV,PREMIUM_TECH,4.0,TESLA MODEL 3 LONG RANGE
2022-02,RY1,Tesla,Model Y,Model Y,LONG RANGE,LONG RANGE,,,,,D,CROSSOVER,MIXED,BEV,PREMIUM_TECH,4.0,TESLA MODEL Y LONG RANGE
2022-02,RY1,Tesla,Model Y,Model Y,STANDARD,STANDARD,,,,,D,CROSSOVER,MIXED,BEV,PREMIUM_TECH,4.0,TESLA MODEL Y STANDARD
2022-03,RY1,Tesla,Model 3,Model 3,PERFORMANCE,PERFORMANCE,,,,,D,SEDAN,MIXED,BEV,PREMIUM_TECH,4.0,TESLA MODEL 3 PERFORMANCE
2022-03,RY1,Tesla,Model Y,Model Y,LONG RANGE,LONG RANGE,,,,,D,CROSSOVER,MIXED,BEV,PREMIUM_TECH,4.0,TESLA MODEL Y LONG RANGE
2022-04,RY1,Tesla,Model 3,Model 3,LONG RANGE PLUS,LONG RANGE,,,,,D,SEDAN,MIXED,BEV,PREMIUM_TECH,4.0,TESLA MODEL 3 LONG RANGE PLUS
2022-04,RY1,Tesla,Model 3,Model 3,STANDARD PLUS,STANDARD,,,,,D,SEDAN,MIXED,BEV,PREMIUM_TECH,4.0,TESLA MODEL 3 STANDARD PLUS
2022-05,RY1,BYD,BYD M6,BYD M6,,,,,,,C,MPV,VOLUME,BEV,MASS,4.0,BYD E6
2022-05,RY1,Tesla,Model Y,Model Y,Rear-Wheel Drive,,,,,,D,CROSSOVER,MIXED,BEV,PREMIUM_TECH,4.0,TESLA Model Y Rear-Wheel Drive
2022-06,RY1,Tesla,Model Y,Model Y,STANDARD,STANDARD,,,,,D,CROSSOVER,MIXED,BEV,PREMIUM_TECH,4.0,TESLA MODEL Y STANDARD
2022-07,RY1,BYD,BYD M6,BYD M6,,,,,,,C,MPV,VOLUME,BEV,MASS,4.0,BYD E6
2022-08,RY1,BYD,BYD M6,BYD M6,,,,,,,C,MPV,VOLUME,BEV,MASS,4.0,BYD E6
2022-08,RY1,Tesla,Model 3,Model 3,PERFORMANCE,PERFORMANCE,,,,,D,SEDAN,MIXED,BEV,PREMIUM_TECH,4.0,TESLA MODEL 3 PERFORMANCE
2022-09,RY1,MG,MG VS HEV,MG VS HEV,,,,,,,B,CROSSOVER,VOLUME,HEV,MASS,4.0,MG VS HEV
2022-10,RY1,Tesla,Model 3,Model 3,LONG RANGE PLUS,LONG RANGE,,,,,D,SEDAN,MIXED,BEV,PREMIUM_TECH,4.0,TESLA MODEL 3 LONG RANGE PLUS
2022-11,RY1,Tesla,Model Y,Model Y,Rear-Wheel Drive,,,,,,D,CROSSOVER,MIXED,BEV,PREMIUM_TECH,4.0,TESLA Model Y Rear-Wheel Drive
2022-11,RY1,Tesla,Model 3,Model 3,PERFORMANCE,PERFORMANCE,,,,,D,SEDAN,MIXED,BEV,PREMIUM_TECH,4.0,TESLA MODEL 3 PERFORMANCE
2022-11,RY2,MG,MG Extender,MG Extender Double Cab,,,,,,,F,PICKUP,VOLUME,ICE,MASS,4.0,MG MG EXTENDER
2022-12,RY1,Tesla,Model 3,Model 3,LONG RANGE,LONG RANGE,,,,,D,SEDAN,MIXED,BEV,PREMIUM_TECH,4.0,TESLA MODEL 3 LONG RANGE
2023-01,RY1,Tesla,Model 3,Model 3,LONG RANGE,LONG RANGE,,,,,D,SEDAN,MIXED,BEV,PREMIUM_TECH,4.0,TESLA MODEL 3 LONG RANGE
2023-03,RY1,MG,MG3,MG3,NEW,,,,,,B,HATCHBACK,VOLUME,HEV,MASS,4.0,MG NEW MG3
2023-06,RY1,GWM,Haval H6,Haval H6,HEV PRO,PRO,,,,HEV,C,CROSSOVER,UPPER,MIXED,MASS,4.0,HAVAL H6 HEV PRO
2023-09,RY1,BYD,BYD M6,BYD M6,,,,,,,C,MPV,VOLUME,BEV,MASS,4.0,BYD E6
2023-09,RY1,GWM,Haval H6,Haval H6,HEV PRO,PRO,,,,HEV,C,CROSSOVER,UPPER,MIXED,MASS,4.0,HAVAL H6 HEV PRO
2023-11,RY1,Tesla,Model 3,Model 3,Rear-Wheel Drive,,,,,,D,SEDAN,MIXED,BEV,PREMIUM_TECH,4.0,TESLA Model 3 Rear-Wheel Drive
2023-12,RY1,Tesla,Model 3,Model 3,LONG RANGE,LONG RANGE,,,,,D,SEDAN,MIXED,BEV,PREMIUM_TECH,4.0,TESLA MODEL 3 LONG RANGE
2024-02,RY3,BYD,BYD T3,BYD T3,,,,,,,UNKNOWN,VAN,VOLUME,BEV,MASS,4.0,BYD T3
2024-07,RY1,MG,MG3,MG3,NEW,,,,,,B,HATCHBACK,VOLUME,HEV,MASS,4.0,MG NEW MG3
2024-10,RY1,Aion,Aion ES,Aion ES,,,,,,,C,SEDAN,VOLUME,BEV,MASS,4.0,AION AION ES
2024-10,RY1,Changan,Changan Lumin,Changan Lumin,,,,,,,A,HATCHBACK,ENTRY,BEV,MASS,4.0,CHANGAN LUMIN
2024-12,RY1,Wuling,Wuling Air EV,Wuling Air EV,LR,,,,,,A,HATCHBACK,ENTRY,BEV,BUDGET,4.0,WULING Air EV LR
2025-01,RY1,BYD,Atto 3,Atto 3,410KM-PREMIUM,PREMIUM,,410.0,,,B,CROSSOVER,VOLUME,BEV,MASS,4.0,BYD BYD ATTO3 (410KM-PREMIUM)
2025-02,RY1,Riddara,Horizon,Riddara Horizon Double Cab,PRO 4WD,PRO,4WD,,,,F,PICKUP,UPPER,BEV,MASS,4.0,RIDDARA HORIZON PRO 4WD
2025-02,RY1,Tesla,Model Y,Model Y,LONG RANGE,LONG RANGE,,,,,D,CROSSOVER,MIXED,BEV,PREMIUM_TECH,4.0,TESLA MODEL Y LONG RANGE
2025-02,RY1,Wuling,Wuling Air EV,Wuling Air EV,LR,,,,,,A,HATCHBACK,ENTRY,BEV,BUDGET,4.0,WULING Air EV LR
2025-03,RY1,BYD,Dolphin,Dolphin,EXD,,,,,,B,HATCHBACK,VOLUME,BEV,MASS,4.0,BYD BYD DOLPHIN EXD
2025-04,RY1,Avatr,Avatr 11,Avatr 11,STANDARD RANGE,STANDARD RANGE,,,,,D,CROSSOVER,LUXURY,BEV,PREMIUM_TECH,4.0,AVATR AVATR 11 STANDARD RANGE
2025-04,RY1,BYD,Atto 3,Atto 3,410KM-PREMIUM,PREMIUM,,410.0,,,B,CROSSOVER,VOLUME,BEV,MASS,4.0,BYD BYD ATTO3 (410KM-PREMIUM)
2025-04,RY1,MG,MG ES,MG ES,,,,,,,C,CROSSOVER,VOLUME,BEV,MASS,4.0,MG ES
2025-05,RY1,Avatr,Avatr 11,Avatr 11,STANDARD RANGE,STANDARD RANGE,,,,,D,CROSSOVER,LUXURY,BEV,PREMIUM_TECH,4.0,AVATR AVATR 11 STANDARD RANGE
2025-06,RY1,BYD,Sealion 6 DM-i,Sealion 6 DM-i,,,,,,,C,CROSSOVER,VOLUME,PHEV,MASS,4.0,BYD BYD SEALION 6
2025-06,RY1,Chery,Omoda C5,Omoda C5,EV Long Range Plus,LONG RANGE,,,,BEV,B,CROSSOVER,VOLUME,BEV,MASS,4.0,OMODA C5 EV Long Range Plus
2025-07,RY1,Riddara,RD6,Riddara RD6 Double Cab,86KWH 2WD,,2WD,,86.0,,F,PICKUP,UPPER,BEV,MASS,4.0,RIDDARA RD6 86KWH 2WD
2025-08,RY1,BYD,Atto 3,Atto 3,410KM-DYNAMIC,DYNAMIC,,410.0,,,B,CROSSOVER,VOLUME,BEV,MASS,4.0,BYD BYD ATTO3 (410KM-DYNAMIC)
2025-08,RY1,BYD,Dolphin,Dolphin,STD,STD,,,,,B,HATCHBACK,VOLUME,BEV,MASS,4.0,BYD BYD DOLPHIN STD
2025-08,RY1,GWM,Tank 500,Tank 500,,,,,,,E,PPV,LUXURY,HEV,MASS,4.0,GWM GWM TANK 500
2025-08,RY3,BYD,BYD T3,BYD T3,,,,,,,UNKNOWN,VAN,VOLUME,BEV,MASS,4.0,BYD T3
2025-09,RY1,XPeng,XPeng G6,XPeng G6,AWD Performance,PERFORMANCE,AWD,,,,D,CROSSOVER,UPPER,BEV,PREMIUM_TECH,4.0,XPENG G6 AWD Performance
2025-09,RY1,XPeng,XPeng G6,XPeng G6,RWD Long Range,LONG RANGE,RWD,,,,D,CROSSOVER,UPPER,BEV,PREMIUM_TECH,4.0,XPENG G6 RWD Long Range
2025-10,RY1,Aion,Aion ES,Aion ES,,,,,,,C,SEDAN,VOLUME,BEV,MASS,4.0,AION AION ES
2025-10,RY1,Changan,Changan Lumin,Changan Lumin,,,,,,,A,HATCHBACK,ENTRY,BEV,MASS,4.0,CHANGAN LUMIN
2025-11,RY1,BYD,Sealion 6 DM-i,Sealion 6 DM-i,,,,,,,C,CROSSOVER,VOLUME,PHEV,MASS,4.0,BYD BYD SEALION 6
2025-11,RY1,BYD,BYD M6,BYD M6,,,,,,,C,MPV,VOLUME,BEV,MASS,4.0,BYD E6
2025-11,RY1,Deepal,Deepal E07,Deepal E07,PLUS,PLUS,,,,,D,SUV,LUXURY,BEV,MASS,4.0,DEEPAL E07 PLUS
2025-11,RY1,Riddara,RD6,Riddara RD6 Double Cab,86KWH 2WD,,2WD,,86.0,,F,PICKUP,UPPER,BEV,MASS,4.0,RIDDARA RD6 86KWH 2WD
2025-12,RY1,BYD,Atto 3,Atto 3,,,,,,,B,CROSSOVER,VOLUME,BEV,MASS,4.0,BYD BYD ATTO 3
2025-12,RY1,Riddara,Horizon,Riddara Horizon Double Cab,PRO 4WD,PRO,4WD,,,,F,PICKUP,UPPER,BEV,MASS,4.0,RIDDARA HORIZON PRO 4WD
2025-12,RY1,Wuling,Wuling Bingo,Wuling Bingo,SRDTH CCS2,,,,,,A,HATCHBACK,ENTRY,BEV,BUDGET,4.0,WULING Bingou SRDTH CCS2
2025-12,RY1,XPeng,XPeng G6,XPeng G6,LONG RANGE,LONG RANGE,,,,,D,CROSSOVER,UPPER,BEV,PREMIUM_TECH,4.0,XPENG G6 LONG RANGE
2025-12,RY1,XPeng,XPeng X9,XPeng X9,STANDARD RANGE,STANDARD RANGE,,,,,E,MPV,LUXURY,BEV,PREMIUM_TECH,4.0,XPENG X9 STANDARD RANGE
2026-01,RY1,BYD,Sealion 6 DM-i,Sealion 6 DM-i,,,,,,,C,CROSSOVER,VOLUME,PHEV,MASS,3.0,BYD BYD SEALION 6
2026-01,RY1,Riddara,RD6,Riddara RD6 Double Cab,ECON,,,,,,F,PICKUP,UPPER,BEV,MASS,3.0,RIDDARA RD6 ECON
2026-01,RY1,Tesla,Model 3,Model 3,Rear-Wheel Drive,,,,,,D,SEDAN,MIXED,BEV,PREMIUM_TECH,3.0,TESLA Model 3 Rear-Wheel Drive
2026-01,RY1,Wuling,Wuling Air EV,Wuling Air EV,SR,,,,,,A,HATCHBACK,ENTRY,BEV,BUDGET,3.0,WULING Air EV SR
2022-01,RY1,BYD,BYD M6,BYD M6,,,,,,,C,MPV,VOLUME,BEV,MASS,3.0,BYD E6
2022-01,RY1,Tesla,Model 3,Model 3,LONG RANGE PLUS,LONG RANGE,,,,,D,SEDAN,MIXED,BEV,PREMIUM_TECH,3.0,TESLA MODEL 3 LONG RANGE PLUS
2022-02,RY1,Tesla,Model 3,Model 3,LONG RANGE PLUS,LONG RANGE,,,,,D,SEDAN,MIXED,BEV,PREMIUM_TECH,3.0,TESLA MODEL 3 LONG RANGE PLUS
2022-03,RY1,Tesla,Model 3,Model 3,STANDARD PLUS,STANDARD,,,,,D,SEDAN,MIXED,BEV,PREMIUM_TECH,3.0,TESLA MODEL 3 STANDARD PLUS
2022-03,RY1,Tesla,Model Y,Model Y,STANDARD RANGE,STANDARD RANGE,,,,,D,CROSSOVER,MIXED,BEV,PREMIUM_TECH,3.0,TESLA MODEL Y STANDARD RANGE
2022-04,RY1,Tesla,Model 3,Model 3,PERFORMANCE,PERFORMANCE,,,,,D,SEDAN,MIXED,BEV,PREMIUM_TECH,3.0,TESLA MODEL 3 PERFORMANCE
2022-04,RY1,Tesla,Model Y,Model Y,STANDARD RANGE,STANDARD RANGE,,,,,D,CROSSOVER,MIXED,BEV,PREMIUM_TECH,3.0,TESLA MODEL Y STANDARD RANGE
2022-06,RY1,Tesla,Model 3,Model 3,STANDARD RANGE PLUS,STANDARD RANGE,,,,,D,SEDAN,MIXED,BEV,PREMIUM_TECH,3.0,TESLA MODEL 3 STANDARD RANGE PLUS
2022-07,RY1,Tesla,Model Y,Model Y,Rear-Wheel Drive,,,,,,D,CROSSOVER,MIXED,BEV,PREMIUM_TECH,3.0,TESLA Model Y Rear-Wheel Drive
2022-08,RY1,Tesla,Model 3,Model 3,STANDARD PLUS,STANDARD,,,,,D,SEDAN,MIXED,BEV,PREMIUM_TECH,3.0,TESLA MODEL 3 STANDARD PLUS
2022-08,RY1,Tesla,Model Y,Model Y,PERFORMANCE,PERFORMANCE,,,,,D,CROSSOVER,MIXED,BEV,PREMIUM_TECH,3.0,TESLA MODEL Y PERFORMANCE
2022-09,RY1,BYD,BYD M6,BYD M6,,,,,,,C,MPV,VOLUME,BEV,MASS,3.0,BYD E6
2022-09,RY1,Tesla,Model 3,Model 3,LONG RANGE,LONG RANGE,,,,,D,SEDAN,MIXED,BEV,PREMIUM_TECH,3.0,TESLA MODEL 3 LONG RANGE
2022-09,RY1,Tesla,Model 3,Model 3,STANDARD PLUS,STANDARD,,,,,D,SEDAN,MIXED,BEV,PREMIUM_TECH,3.0,TESLA MODEL 3 STANDARD PLUS
2022-10,RY1,BYD,BYD M6,BYD M6,,,,,,,C,MPV,VOLUME,BEV,MASS,3.0,BYD E6
2022-10,RY1,Tesla,Model Y,Model Y,Rear-Wheel Drive,,,,,,D,CROSSOVER,MIXED,BEV,PREMIUM_TECH,3.0,TESLA Model Y Rear-Wheel Drive
2022-10,RY1,Tesla,Model 3,Model 3,LONG RANGE,LONG RANGE,,,,,D,SEDAN,MIXED,BEV,PREMIUM_TECH,3.0,TESLA MODEL 3 LONG RANGE
2022-10,RY1,Tesla,Model Y,Model Y,PERFORMANCE,PERFORMANCE,,,,,D,CROSSOVER,MIXED,BEV,PREMIUM_TECH,3.0,TESLA MODEL Y PERFORMANCE
2022-10,RY1,Tesla,Model Y,Model Y,STANDARD RANGE,STANDARD RANGE,,,,,D,CROSSOVER,MIXED,BEV,PREMIUM_TECH,3.0,TESLA MODEL Y STANDARD RANGE
2022-10,RY3,BYD,BYD T3,BYD T3,,,,,,,UNKNOWN,VAN,VOLUME,BEV,MASS,3.0,BYD T3
2022-12,RY1,Tesla,Model Y,Model Y,Rear-Wheel Drive,,,,,,D,CROSSOVER,MIXED,BEV,PREMIUM_TECH,3.0,TESLA Model Y Rear-Wheel Drive
2022-12,RY1,Tesla,Model 3,Model 3,PERFORMANCE,PERFORMANCE,,,,,D,SEDAN,MIXED,BEV,PREMIUM_TECH,3.0,TESLA MODEL 3 PERFORMANCE
2022-12,RY1,Tesla,Model Y,Model Y,PERFORMANCE,PERFORMANCE,,,,,D,CROSSOVER,MIXED,BEV,PREMIUM_TECH,3.0,TESLA MODEL Y PERFORMANCE
2023-03,RY1,Tesla,Model Y,Model Y,STANDARD RANGE,STANDARD RANGE,,,,,D,CROSSOVER,MIXED,BEV,PREMIUM_TECH,3.0,TESLA MODEL Y STANDARD RANGE
2023-04,RY1,MG,MG ES,MG ES,,,,,,,C,CROSSOVER,VOLUME,BEV,MASS,3.0,MG ES
2023-05,RY1,GWM,Haval H6,Haval H6,HEV PRO,PRO,,,,HEV,C,CROSSOVER,UPPER,MIXED,MASS,3.0,HAVAL H6 HEV PRO
2023-08,RY1,MG,MG3,MG3,NEW,,,,,,B,HATCHBACK,VOLUME,HEV,MASS,3.0,MG NEW MG3
2023-10,RY1,BYD,BYD M6,BYD M6,,,,,,,C,MPV,VOLUME,BEV,MASS,3.0,BYD E6
2023-12,RY1,Tesla,Model Y,Model Y,Rear-Wheel Drive,,,,,,D,CROSSOVER,MIXED,BEV,PREMIUM_TECH,3.0,TESLA Model Y Rear-Wheel Drive
2023-12,RY1,Tesla,Model 3,Model 3,PERFORMANCE,PERFORMANCE,,,,,D,SEDAN,MIXED,BEV,PREMIUM_TECH,3.0,TESLA MODEL 3 PERFORMANCE
2023-12,RY1,Tesla,Model Y,Model Y,PERFORMANCE,PERFORMANCE,,,,,D,CROSSOVER,MIXED,BEV,PREMIUM_TECH,3.0,TESLA MODEL Y PERFORMANCE
2024-02,RY1,Aion,Aion ES,Aion ES,,,,,,,C,SEDAN,VOLUME,BEV,MASS,3.0,AION AION ES
2024-03,RY3,BYD,BYD T3,BYD T3,,,,,,,UNKNOWN,VAN,VOLUME,BEV,MASS,3.0,BYD T3
2024-05,RY1,BYD,Atto 3,Atto 3,410KM,,,410.0,,,B,CROSSOVER,VOLUME,BEV,MASS,3.0,BYD BYD ATTO 3 (410KM)
2024-10,RY1,Tesla,Model Y,Model Y,LONG RANGE,LONG RANGE,,,,,D,CROSSOVER,MIXED,BEV,PREMIUM_TECH,3.0,TESLA MODEL Y LONG RANGE
2024-11,RY1,Changan,Changan Lumin,Changan Lumin,,,,,,,A,HATCHBACK,ENTRY,BEV,MASS,3.0,CHANGAN LUMIN
2024-11,RY1,GWM,Haval H6,Haval H6,HEV PRO,PRO,,,,HEV,C,CROSSOVER,UPPER,MIXED,MASS,3.0,HAVAL H6 HEV PRO
2024-11,RY1,Wuling,Wuling Air EV,Wuling Air EV,LR,,,,,,A,HATCHBACK,ENTRY,BEV,BUDGET,3.0,WULING Air EV LR
2024-11,RY1,Wuling,Wuling Air EV,Wuling Air EV,SR,,,,,,A,HATCHBACK,ENTRY,BEV,BUDGET,3.0,WULING Air EV SR
2024-12,RY1,GWM,Haval H6,Haval H6,HEV PRO,PRO,,,,HEV,C,CROSSOVER,UPPER,MIXED,MASS,3.0,HAVAL H6 HEV PRO
2024-12,RY1,Tesla,Model Y,Model Y,PERFORMANCE,PERFORMANCE,,,,,D,CROSSOVER,MIXED,BEV,PREMIUM_TECH,3.0,TESLA MODEL Y PERFORMANCE
2025-01,RY1,Tesla,Model Y,Model Y,Rear-Wheel Drive,,,,,,D,CROSSOVER,MIXED,BEV,PREMIUM_TECH,3.0,TESLA Model Y Rear-Wheel Drive
2025-01,RY1,Tesla,Model Y,Model Y,LONG RANGE,LONG RANGE,,,,,D,CROSSOVER,MIXED,BEV,PREMIUM_TECH,3.0,TESLA MODEL Y LONG RANGE
2025-02,RY1,Avatr,Avatr 11,Avatr 11,STANDARD RANGE,STANDARD RANGE,,,,,D,CROSSOVER,LUXURY,BEV,PREMIUM_TECH,3.0,AVATR AVATR 11 STANDARD RANGE
2025-02,RY1,BYD,Sealion 6 DM-i,Sealion 6 DM-i,DYNAMIC,DYNAMIC,,,,,C,CROSSOVER,VOLUME,PHEV,MASS,3.0,BYD BYD SEALION 6 DM-i DYNAMIC
2025-06,RY1,Wuling,Wuling Air EV,Wuling Air EV,LR,,,,,,A,HATCHBACK,ENTRY,BEV,BUDGET,3.0,WULING Air EV LR
2025-07,RY1,BYD,Dolphin,Dolphin,EXD,,,,,,B,HATCHBACK,VOLUME,BEV,MASS,3.0,BYD BYD DOLPHIN EXD
2025-07,RY1,Deepal,Deepal Hunter K50,Deepal Hunter K50,,,,,,,F,PICKUP,UPPER,PHEV,MASS,3.0,DEEPAL HUNTER K50
2025-07,RY1,MG,MG ES,MG ES,,,,,,,C,CROSSOVER,VOLUME,BEV,MASS,3.0,MG ES
2025-07,RY1,Tesla,Model 3,Model 3,LONG RANGE,LONG RANGE,,,,,D,SEDAN,MIXED,BEV,PREMIUM_TECH,3.0,TESLA MODEL 3 LONG RANGE
2025-08,RY1,Jaecoo,Jaecoo 6 EV,Jaecoo 6 EV,Long Range 2WD PRO,LONG RANGE,2WD,,,,B,CROSSOVER,VOLUME,BEV,MASS,3.0,JAECOO 6 EV Long Range 2WD PRO
2025-08,RY1,MG,MG ES,MG ES,,,,,,,C,CROSSOVER,VOLUME,BEV,MASS,3.0,MG ES
2025-09,RY1,Aion,Aion Y Plus,Aion Y Plus,490 PREMIUM,PREMIUM,,490.0,,,B,CROSSOVER,VOLUME,BEV,MASS,3.0,AION AION Y PLUS 490 PREMIUM
2025-09,RY1,Avatr,Avatr 11,Avatr 11,STANDARD RANGE,STANDARD RANGE,,,,,D,CROSSOVER,LUXURY,BEV,PREMIUM_TECH,3.0,AVATR AVATR 11 STANDARD RANGE
2025-09,RY1,MG,MG ES,MG ES,,,,,,,C,CROSSOVER,VOLUME,BEV,MASS,3.0,MG ES
2025-09,RY1,Neta,Neta X,Neta X,,,,,,,B,CROSSOVER,VOLUME,BEV,BUDGET,3.0,NETA NETA X
2025-09,RY1,Riddara,Horizon,Riddara Horizon Double Cab,4WD,,4WD,,,,F,PICKUP,UPPER,BEV,MASS,3.0,RIDDARA HORIZON 4WD
2025-10,RY1,BYD,Atto 3,Atto 3,,,,,,,B,CROSSOVER,VOLUME,BEV,MASS,3.0,BYD BYD ATTO 3
2025-10,RY1,Neta,Neta V,Neta V,,,,,,,A,CROSSOVER,VOLUME,BEV,BUDGET,3.0,NETA NETA V
2025-10,RY1,Neta,Neta X,Neta X,,,,,,,B,CROSSOVER,VOLUME,BEV,BUDGET,3.0,NETA NETA X
2025-10,RY1,Wuling,Wuling Air EV,Wuling Air EV,LR,,,,,,A,HATCHBACK,ENTRY,BEV,BUDGET,3.0,WULING Air EV LR
2025-10,RY1,XPeng,XPeng X9,XPeng X9,LONG RANGE LUXURY,LONG RANGE,,,,,E,MPV,LUXURY,BEV,PREMIUM_TECH,3.0,XPENG X9 LONG RANGE(LUXURY)
2025-11,RY1,Chery,Omoda C5,Omoda C5,EV Long Range Dynamic,LONG RANGE,,,,BEV,B,CROSSOVER,VOLUME,BEV,MASS,3.0,OMODA C5 EV Long Range Dynamic
2025-11,RY1,Wuling,Wuling Bingo,Wuling Bingo,SRD,,,,,,A,HATCHBACK,ENTRY,BEV,BUDGET,3.0,WULING Binguo SRD
2025-11,RY1,XPeng,XPeng X9,XPeng X9,LONG RANGE LUXURY,LONG RANGE,,,,,E,MPV,LUXURY,BEV,PREMIUM_TECH,3.0,XPENG X9 LONG RANGE(LUXURY)
2025-12,RY1,BYD,Dolphin,Dolphin,EXD,,,,,,B,HATCHBACK,VOLUME,BEV,MASS,3.0,BYD BYD DOLPHIN EXD
2025-12,RY1,Deepal,Deepal E07,Deepal E07,PERFORMANCE AWD,PERFORMANCE,AWD,,,,D,SUV,LUXURY,BEV,MASS,3.0,DEEPAL E07 PERFORMANCE AWD
2025-12,RY1,Neta,Neta X,Neta X,,,,,,,B,CROSSOVER,VOLUME,BEV,BUDGET,3.0,NETA NETA X
2025-12,RY1,Riddara,RD6,Riddara RD6 Double Cab,ECON,,,,,,F,PICKUP,UPPER,BEV,MASS,3.0,RIDDARA RD6 ECON
2026-01,RY1,BYD,Atto 3,Atto 3,,,,,,,B,CROSSOVER,VOLUME,BEV,MASS,2.0,BYD BYD ATTO 3
2026-01,RY1,MG,MG HS,MG HS,,,,,,,C,CROSSOVER,MIXED,MIXED,MASS,2.0,MG HS
2026-01,RY1,Riddara,RD6,Riddara RD6 Double Cab,2WD,,2WD,,,,F,PICKUP,UPPER,BEV,MASS,2.0,RIDDARA RD6 2WD
2022-01,RY1,MG,MG IM6,MG IM6,,,,,,,D,CROSSOVER,LUXURY,BEV,MASS,2.0,MG MG6
2022-01,RY1,Tesla,Model 3,Model 3,PERFORMANCE,PERFORMANCE,,,,,D,SEDAN,MIXED,BEV,PREMIUM_TECH,2.0,TESLA MODEL 3 PERFORMANCE
2022-01,RY1,Tesla,Model 3,Model 3,STANDARD PLUS,STANDARD,,,,,D,SEDAN,MIXED,BEV,PREMIUM_TECH,2.0,TESLA MODEL 3 STANDARD PLUS
2022-01,RY1,Tesla,Model Y,Model Y,STANDARD,STANDARD,,,,,D,CROSSOVER,MIXED,BEV,PREMIUM_TECH,2.0,TESLA MODEL Y STANDARD
2022-02,RY1,BYD,BYD M6,BYD M6,,,,,,,C,MPV,VOLUME,BEV,MASS,2.0,BYD E6
2022-02,RY1,Tesla,Model 3,Model 3,STANDARD RANGE PLUS,STANDARD RANGE,,,,,D,SEDAN,MIXED,BEV,PREMIUM_TECH,2.0,TESLA MODEL 3 STANDARD RANGE PLUS
2022-03,RY1,Tesla,Model 3,Model 3,STANDARD RANGE PLUS,STANDARD RANGE,,,,,D,SEDAN,MIXED,BEV,PREMIUM_TECH,2.0,TESLA MODEL 3 STANDARD RANGE PLUS
2022-04,RY1,Tesla,Model Y,Model Y,Rear-Wheel Drive,,,,,,D,CROSSOVER,MIXED,BEV,PREMIUM_TECH,2.0,TESLA Model Y Rear-Wheel Drive
2022-05,RY1,Tesla,Model 3,Model 3,LONG RANGE PLUS,LONG RANGE,,,,,D,SEDAN,MIXED,BEV,PREMIUM_TECH,2.0,TESLA MODEL 3 LONG RANGE PLUS
2022-05,RY1,Tesla,Model 3,Model 3,PERFORMANCE,PERFORMANCE,,,,,D,SEDAN,MIXED,BEV,PREMIUM_TECH,2.0,TESLA MODEL 3 PERFORMANCE
2022-05,RY1,Tesla,Model Y,Model Y,STANDARD,STANDARD,,,,,D,CROSSOVER,MIXED,BEV,PREMIUM_TECH,2.0,TESLA MODEL Y STANDARD
2022-05,RY3,BYD,BYD T3,BYD T3,,,,,,,UNKNOWN,VAN,VOLUME,BEV,MASS,2.0,BYD T3
2022-06,RY1,Neta,Neta V,Neta V,,,,,,,A,CROSSOVER,VOLUME,BEV,BUDGET,2.0,NETA NETA V
2022-06,RY1,Tesla,Model 3,Model 3,STANDARD PLUS,STANDARD,,,,,D,SEDAN,MIXED,BEV,PREMIUM_TECH,2.0,TESLA MODEL 3 STANDARD PLUS
2022-07,RY1,Tesla,Model 3,Model 3,LONG RANGE PLUS,LONG RANGE,,,,,D,SEDAN,MIXED,BEV,PREMIUM_TECH,2.0,TESLA MODEL 3 LONG RANGE PLUS
2022-07,RY1,Tesla,Model 3,Model 3,STANDARD PLUS,STANDARD,,,,,D,SEDAN,MIXED,BEV,PREMIUM_TECH,2.0,TESLA MODEL 3 STANDARD PLUS
2022-08,RY1,BYD,BYD T3,BYD T3,,,,,,,UNKNOWN,VAN,VOLUME,BEV,MASS,2.0,BYD T3
2022-08,RY1,Tesla,Model Y,Model Y,STANDARD RANGE,STANDARD RANGE,,,,,D,CROSSOVER,MIXED,BEV,PREMIUM_TECH,2.0,TESLA MODEL Y STANDARD RANGE
2022-09,RY1,Tesla,Model 3,Model 3,LONG RANGE PLUS,LONG RANGE,,,,,D,SEDAN,MIXED,BEV,PREMIUM_TECH,2.0,TESLA MODEL 3 LONG RANGE PLUS
2022-09,RY1,Tesla,Model 3,Model 3,PERFORMANCE,PERFORMANCE,,,,,D,SEDAN,MIXED,BEV,PREMIUM_TECH,2.0,TESLA MODEL 3 PERFORMANCE
2022-10,RY1,Tesla,Model 3,Model 3,PERFORMANCE,PERFORMANCE,,,,,D,SEDAN,MIXED,BEV,PREMIUM_TECH,2.0,TESLA MODEL 3 PERFORMANCE
2022-10,RY1,Tesla,Model 3,Model 3,REAR WHEEL DRIVE,,,,,,D,SEDAN,MIXED,BEV,PREMIUM_TECH,2.0,TESLA MODEL 3 REAR WHEEL DRIVE
2022-10,RY1,Tesla,Model 3,Model 3,STANDARD PLUS,STANDARD,,,,,D,SEDAN,MIXED,BEV,PREMIUM_TECH,2.0,TESLA MODEL 3 STANDARD PLUS
2023-01,RY1,Tesla,Model Y,Model Y,PERFORMANCE,PERFORMANCE,,,,,D,CROSSOVER,MIXED,BEV,PREMIUM_TECH,2.0,TESLA MODEL Y PERFORMANCE
2023-02,RY1,Tesla,Model 3,Model 3,PERFORMANCE,PERFORMANCE,,,,,D,SEDAN,MIXED,BEV,PREMIUM_TECH,2.0,TESLA MODEL 3 PERFORMANCE
2023-02,RY1,Tesla,Model Y,Model Y,STANDARD RANGE,STANDARD RANGE,,,,,D,CROSSOVER,MIXED,BEV,PREMIUM_TECH,2.0,TESLA MODEL Y STANDARD RANGE
2023-03,RY3,BYD,BYD T3,BYD T3,,,,,,,UNKNOWN,VAN,VOLUME,BEV,MASS,2.0,BYD T3
2023-04,RY1,GWM,Haval H6,Haval H6,HEV PRO,PRO,,,,HEV,C,CROSSOVER,UPPER,MIXED,MASS,2.0,HAVAL H6 HEV PRO
2023-04,RY1,MG,MG3,MG3,NEW,,,,,,B,HATCHBACK,VOLUME,HEV,MASS,2.0,MG NEW MG3
2023-05,RY3,BYD,BYD T3,BYD T3,,,,,,,UNKNOWN,VAN,VOLUME,BEV,MASS,2.0,BYD T3
2023-06,RY1,MG,MG3,MG3,NEW,,,,,,B,HATCHBACK,VOLUME,HEV,MASS,2.0,MG NEW MG3
2023-08,RY1,GWM,Haval H6,Haval H6,HEV PRO,PRO,,,,HEV,C,CROSSOVER,UPPER,MIXED,MASS,2.0,HAVAL H6 HEV PRO
2023-09,RY1,MG,MG3,MG3,NEW,,,,,,B,HATCHBACK,VOLUME,HEV,MASS,2.0,MG NEW MG3
2023-10,RY1,Aion,Aion Y Plus,Aion Y Plus,,,,,,,B,CROSSOVER,VOLUME,BEV,MASS,2.0,AION AION Y PLUS
2023-10,RY1,MG,MG3,MG3,NEW,,,,,,B,HATCHBACK,VOLUME,HEV,MASS,2.0,MG NEW MG3
2023-10,RY1,Tesla,Model 3,Model 3,PERFORMANCE,PERFORMANCE,,,,,D,SEDAN,MIXED,BEV,PREMIUM_TECH,2.0,TESLA Model 3 Performance
2023-10,RY1,Tesla,Model 3,Model 3,LONG RANGE,LONG RANGE,,,,,D,SEDAN,MIXED,BEV,PREMIUM_TECH,2.0,TESLA MODEL 3 LONG RANGE
2023-10,RY1,Tesla,Model 3,Model 3,PERFORMANCE,PERFORMANCE,,,,,D,SEDAN,MIXED,BEV,PREMIUM_TECH,2.0,TESLA MODEL 3 PERFORMANCE
2024-01,RY1,MG,MG3,MG3,NEW,,,,,,B,HATCHBACK,VOLUME,HEV,MASS,2.0,MG NEW MG3
2024-01,RY1,Tesla,Model 3,Model 3,Rear-Wheel Drive,,,,,,D,SEDAN,MIXED,BEV,PREMIUM_TECH,2.0,TESLA Model 3 Rear-Wheel Drive
2024-01,RY1,Tesla,Model Y,Model Y,Rear-Wheel Drive,,,,,,D,CROSSOVER,MIXED,BEV,PREMIUM_TECH,2.0,TESLA Model Y Rear-Wheel Drive
2024-02,RY1,BYD,BYD M6,BYD M6,,,,,,,C,MPV,VOLUME,BEV,MASS,2.0,BYD E6
2024-03,RY1,MG,MG3,MG3,NEW,,,,,,B,HATCHBACK,VOLUME,HEV,MASS,2.0,MG NEW MG3
2024-04,RY1,Aion,Aion ES,Aion ES,,,,,,,C,SEDAN,VOLUME,BEV,MASS,2.0,AION AION ES
2024-04,RY1,BYD,Atto 3,Atto 3,410KM,,,410.0,,,B,CROSSOVER,VOLUME,BEV,MASS,2.0,BYD BYD ATTO 3 (410KM)
2024-05,RY1,Aion,Aion ES,Aion ES,,,,,,,C,SEDAN,VOLUME,BEV,MASS,2.0,AION AION ES
2024-05,RY1,MG,MG3,MG3,NEW,,,,,,B,HATCHBACK,VOLUME,HEV,MASS,2.0,MG NEW MG3
2024-07,RY1,Wuling,Wuling Air EV,Wuling Air EV,SR,,,,,,A,HATCHBACK,ENTRY,BEV,BUDGET,2.0,WULING Air EV SR
2024-09,RY1,Aion,Aion ES,Aion ES,,,,,,,C,SEDAN,VOLUME,BEV,MASS,2.0,AION AION ES
2024-09,RY1,Wuling,Wuling Air EV,Wuling Air EV,SR,,,,,,A,HATCHBACK,ENTRY,BEV,BUDGET,2.0,WULING Air EV SR
2024-10,RY1,GWM,Haval H6,Haval H6,HEV PRO,PRO,,,,HEV,C,CROSSOVER,UPPER,MIXED,MASS,2.0,HAVAL H6 HEV PRO
2024-10,RY1,Wuling,Wuling Air EV,Wuling Air EV,SR,,,,,,A,HATCHBACK,ENTRY,BEV,BUDGET,2.0,WULING Air EV SR
2024-11,RY1,Tesla,Model 3,Model 3,STANDARD,STANDARD,,,,,D,SEDAN,MIXED,BEV,PREMIUM_TECH,2.0,TESLA MODEL 3 STANDARD
2024-12,RY1,Aion,Aion ES,Aion ES,,,,,,,C,SEDAN,VOLUME,BEV,MASS,2.0,AION AION ES
2024-12,RY1,Chery,Omoda C5,Omoda C5,EV Long Range Plus,LONG RANGE,,,,BEV,B,CROSSOVER,VOLUME,BEV,MASS,2.0,OMODA C5 EV Long Range Plus
2025-01,RY1,Aion,Aion ES,Aion ES,,,,,,,C,SEDAN,VOLUME,BEV,MASS,2.0,AION AION ES
2025-01,RY1,Avatr,Avatr 11,Avatr 11,STANDARD RANGE,STANDARD RANGE,,,,,D,CROSSOVER,LUXURY,BEV,PREMIUM_TECH,2.0,AVATR AVATR 11 STANDARD RANGE
2025-01,RY1,Leapmotor,Leapmotor C10,Leapmotor C10,EV,,,,,BEV,C,CROSSOVER,UPPER,BEV,MASS,2.0,LEAPMOTOR C10 EV
2025-01,RY1,Riddara,RD6,Riddara RD6 Double Cab,PRO 2WD,PRO,2WD,,,,F,PICKUP,UPPER,BEV,MASS,2.0,RIDDARA RD6 PRO 2WD
2025-01,RY1,Tesla,Model Y,Model Y,PERFORMANCE,PERFORMANCE,,,,,D,CROSSOVER,MIXED,BEV,PREMIUM_TECH,2.0,TESLA MODEL Y PERFORMANCE
2025-01,RY1,Wuling,Wuling Air EV,Wuling Air EV,SR,,,,,,A,HATCHBACK,ENTRY,BEV,BUDGET,2.0,WULING Air EV SR
2025-01,RY1,Wuling,Wuling Bingo,Wuling Bingo,SRDTH,,,,,,A,HATCHBACK,ENTRY,BEV,BUDGET,2.0,WULING Binguo SRDTH
2025-02,RY1,BYD,Atto 3,Atto 3,410KM-PREMIUM,PREMIUM,,410.0,,,B,CROSSOVER,VOLUME,BEV,MASS,2.0,BYD BYD ATTO3 (410KM-PREMIUM)
2025-03,RY1,Avatr,Avatr 11,Avatr 11,STANDARD RANGE,STANDARD RANGE,,,,,D,CROSSOVER,LUXURY,BEV,PREMIUM_TECH,2.0,AVATR AVATR 11 STANDARD RANGE
2025-04,RY1,BYD,Dolphin,Dolphin,STD,STD,,,,,B,HATCHBACK,VOLUME,BEV,MASS,2.0,BYD BYD DOLPHIN STD
2025-04,RY1,GWM,Haval H6,Haval H6,HEV PRO,PRO,,,,HEV,C,CROSSOVER,UPPER,MIXED,MASS,2.0,HAVAL H6 HEV PRO
2025-04,RY1,GWM,Ora Good Cat,Ora Good Cat,GRAND,,,,,,B,HATCHBACK,VOLUME,BEV,MASS,2.0,ORA GRAND CAT
2025-05,RY1,GWM,Haval H6,Haval H6,HEV PRO,PRO,,,,HEV,C,CROSSOVER,UPPER,MIXED,MASS,2.0,HAVAL H6 HEV PRO
2025-05,RY1,MG,MG ES,MG ES,,,,,,,C,CROSSOVER,VOLUME,BEV,MASS,2.0,MG ES
2025-06,RY1,GWM,Haval H6,Haval H6,HEV PRO,PRO,,,,HEV,C,CROSSOVER,UPPER,MIXED,MASS,2.0,HAVAL H6 HEV PRO
2025-06,RY1,Riddara,RD6,Riddara RD6 Double Cab,2WD,,2WD,,,,F,PICKUP,UPPER,BEV,MASS,2.0,RIDDARA RD6 2WD
2025-07,RY1,Avatr,Avatr 11,Avatr 11,STANDARD RANGE,STANDARD RANGE,,,,,D,CROSSOVER,LUXURY,BEV,PREMIUM_TECH,2.0,AVATR AVATR 11 STANDARD RANGE
2025-07,RY1,Deepal,Deepal L07,Deepal L07,S,,,,,,D,SEDAN,UPPER,BEV,MASS,2.0,DEEPAL L07 S
2025-07,RY1,Jaecoo,Jaecoo 7,Jaecoo 7,Max,MAX,,,,,C,CROSSOVER,UPPER,PHEV,MASS,2.0,JAECOO 7 SHS Max
2025-08,RY1,BYD,BYD M6,BYD M6,,,,,,,C,MPV,VOLUME,BEV,MASS,2.0,BYD E6
2025-08,RY1,Deepal,Deepal Hunter K50,Deepal Hunter K50,,,,,,,F,PICKUP,UPPER,PHEV,MASS,2.0,DEEPAL HUNTER K50
2025-08,RY1,MG,MG3,MG3,NEW,,,,,,B,HATCHBACK,VOLUME,HEV,MASS,2.0,MG NEW MG3
2025-08,RY1,Riddara,Horizon,Riddara Horizon Double Cab,PRO 4WD SUNROOF,PRO,4WD,,,,F,PICKUP,UPPER,BEV,MASS,2.0,RIDDARA HORIZON PRO 4WD SUNROOF
2025-08,RY1,Riddara,RD6,Riddara RD6 Double Cab,86KWH 2WD,,2WD,,86.0,,F,PICKUP,UPPER,BEV,MASS,2.0,RIDDARA RD6 86KWH 2WD
2025-09,RY1,Aion,Hyptec HT,Hyptec HT,620 LUXURY,LUXURY,,620.0,,,D,CROSSOVER,UPPER,BEV,MASS,2.0,AION HYPTEC HT 620 LUXURY
2025-09,RY1,Changan,Changan Lumin,Changan Lumin,,,,,,,A,HATCHBACK,ENTRY,BEV,MASS,2.0,CHANGAN LUMIN
2025-09,RY1,Riddara,RD6,Riddara RD6 Double Cab,2WD,,2WD,,,,F,PICKUP,UPPER,BEV,MASS,2.0,RIDDARA RD6 2WD
2025-10,RY1,Avatr,Avatr 11,Avatr 11,STANDARD RANGE,STANDARD RANGE,,,,,D,CROSSOVER,LUXURY,BEV,PREMIUM_TECH,2.0,AVATR AVATR 11 STANDARD RANGE
2025-10,RY1,Deepal,Deepal Hunter K50,Deepal Hunter K50,,,,,,,F,PICKUP,UPPER,PHEV,MASS,2.0,DEEPAL HUNTER K50
2025-10,RY1,Deepal,Deepal L07,Deepal L07,S,,,,,,D,SEDAN,UPPER,BEV,MASS,2.0,DEEPAL L07 S
2025-10,RY1,MG,MG ES,MG ES,,,,,,,C,CROSSOVER,VOLUME,BEV,MASS,2.0,MG ES
2025-10,RY1,Chery,Omoda C5,Omoda C5,EV Long Range Plus,LONG RANGE,,,,BEV,B,CROSSOVER,VOLUME,BEV,MASS,2.0,OMODA C5 EV Long Range Plus
2025-10,RY1,Riddara,RD6,Riddara RD6 Double Cab,86KWH 2WD,,2WD,,86.0,,F,PICKUP,UPPER,BEV,MASS,2.0,RIDDARA RD6 86KWH 2WD
2025-10,RY1,Wuling,Wuling Bingo,Wuling Bingo,SRD,,,,,,A,HATCHBACK,ENTRY,BEV,BUDGET,2.0,WULING Binguo SRD
2025-10,RY2,Riddara,RD6,Riddara RD6 Double Cab,PRO 2WD,PRO,2WD,,,,F,PICKUP,UPPER,BEV,MASS,2.0,RIDDARA RD6 PRO 2WD
2025-11,RY1,BYD,Dolphin,Dolphin,EXD,,,,,,B,HATCHBACK,VOLUME,BEV,MASS,2.0,BYD BYD DOLPHIN EXD
2025-11,RY1,Changan,Changan Lumin,Changan Lumin,,,,,,,A,HATCHBACK,ENTRY,BEV,MASS,2.0,CHANGAN LUMIN
2025-11,RY1,Chery,Chery V23,Chery V23,2WD PLUS,PLUS,2WD,,,,B,SUV,VOLUME,BEV,MASS,2.0,CHERY V23 2WD PLUS
2025-11,RY1,Deepal,Deepal Hunter K50,Deepal Hunter K50,,,,,,,F,PICKUP,UPPER,PHEV,MASS,2.0,DEEPAL HUNTER K50
2025-11,RY1,Neta,Neta X,Neta X,,,,,,,B,CROSSOVER,VOLUME,BEV,BUDGET,2.0,NETA NETA X
2025-11,RY1,Chery,Omoda C5,Omoda C5,EV Long Range Plus,LONG RANGE,,,,BEV,B,CROSSOVER,VOLUME,BEV,MASS,2.0,OMODA C5 EV Long Range Plus
2025-11,RY1,Riddara,Horizon,Riddara Horizon Double Cab,PRO 4WD SUNROOF,PRO,4WD,,,,F,PICKUP,UPPER,BEV,MASS,2.0,RIDDARA HORIZON PRO 4WD SUNROOF
2025-11,RY1,Wuling,Wuling Air EV,Wuling Air EV,SR,,,,,,A,HATCHBACK,ENTRY,BEV,BUDGET,2.0,WULING Air EV SR
2025-12,RY1,Deepal,Deepal Hunter K50,Deepal Hunter K50,,,,,,,F,PICKUP,UPPER,PHEV,MASS,2.0,DEEPAL HUNTER K50
2025-12,RY1,MG,MG HS,MG HS,,,,,,,C,CROSSOVER,MIXED,MIXED,MASS,2.0,MG HS
2025-12,RY1,Riddara,Horizon,Riddara Horizon Double Cab,4WD,,4WD,,,,F,PICKUP,UPPER,BEV,MASS,2.0,RIDDARA HORIZON 4WD
2025-12,RY1,Riddara,RD6,Riddara RD6 Double Cab,2WD,,2WD,,,,F,PICKUP,UPPER,BEV,MASS,2.0,RIDDARA RD6 2WD
2025-12,RY1,Riddara,RD6,Riddara RD6 Double Cab,86KWH 2WD,,2WD,,86.0,,F,PICKUP,UPPER,BEV,MASS,2.0,RIDDARA RD6 86KWH 2WD
2025-12,RY1,Wuling,Wuling Air EV,Wuling Air EV,SR,,,,,,A,HATCHBACK,ENTRY,BEV,BUDGET,2.0,WULING Air EV SR
2025-12,RY1,Wuling,Wuling Bingo,Wuling Bingo,SRD,,,,,,A,HATCHBACK,ENTRY,BEV,BUDGET,2.0,WULING Binguo SRD
2026-01,RY1,BYD,Atto 3,Atto 3,410KM-DYNAMIC,DYNAMIC,,410.0,,,B,CROSSOVER,VOLUME,BEV,MASS,1.0,BYD BYD ATTO3 (410KM-DYNAMIC)
2026-01,RY1,BYD,Dolphin,Dolphin,EXD,,,,,,B,HATCHBACK,VOLUME,BEV,MASS,1.0,BYD BYD DOLPHIN EXD
2026-01,RY1,GWM,Haval H6,Haval H6,HEV PRO,PRO,,,,HEV,C,CROSSOVER,UPPER,MIXED,MASS,1.0,HAVAL H6 HEV PRO
2026-01,RY1,MG,MG3,MG3,NEW,,,,,,B,HATCHBACK,VOLUME,HEV,MASS,1.0,MG NEW MG3
2026-01,RY1,Tesla,Model 3,Model 3,LONG RANGE,LONG RANGE,,,,,D,SEDAN,MIXED,BEV,PREMIUM_TECH,1.0,TESLA MODEL 3 LONG RANGE
2022-01,RY1,Tesla,Model 3,Model 3,STANDARD RANGE PLUS,STANDARD RANGE,,,,,D,SEDAN,MIXED,BEV,PREMIUM_TECH,1.0,TESLA MODEL 3 STANDARD RANGE PLUS
2022-01,RY1,Tesla,Model Y,Model Y,LONG RANGE,LONG RANGE,,,,,D,CROSSOVER,MIXED,BEV,PREMIUM_TECH,1.0,TESLA MODEL Y LONG RANGE
2022-01,RY1,Tesla,Model Y,Model Y,STANDARD RANGE,STANDARD RANGE,,,,,D,CROSSOVER,MIXED,BEV,PREMIUM_TECH,1.0,TESLA MODEL Y STANDARD RANGE
2022-02,RY1,Tesla,Model 3,Model 3,STANDARD,STANDARD,,,,,D,SEDAN,MIXED,BEV,PREMIUM_TECH,1.0,TESLA MODEL 3 STANDARD
2022-02,RY3,BYD,BYD T3,BYD T3,,,,,,,UNKNOWN,VAN,VOLUME,BEV,MASS,1.0,BYD T3
2022-04,RY1,BYD,BYD M6,BYD M6,,,,,,,C,MPV,VOLUME,BEV,MASS,1.0,BYD E6
2022-04,RY1,Tesla,Model 3,Model 3,STANDARD PLUS RWD,STANDARD,RWD,,,,D,SEDAN,MIXED,BEV,PREMIUM_TECH,1.0,TESLA MODEL 3 STANDARD PLUS RWD
2022-04,RY1,Tesla,Model 3,Model 3,STANDARD RANGE PLUS,STANDARD RANGE,,,,,D,SEDAN,MIXED,BEV,PREMIUM_TECH,1.0,TESLA MODEL 3 STANDARD RANGE PLUS
2022-04,RY1,Tesla,Model Y,Model Y,LONG RANGE DUAL MOTOR,LONG RANGE,,,,,D,CROSSOVER,MIXED,BEV,PREMIUM_TECH,1.0,TESLA MODEL Y LONG RANGE DUAL MOTOR
2022-05,RY1,MG,MG IM6,MG IM6,,,,,,,D,CROSSOVER,LUXURY,BEV,MASS,1.0,MG MG6
2022-05,RY1,Tesla,Model 3,Model 3,STANDARD PLUS,STANDARD,,,,,D,SEDAN,MIXED,BEV,PREMIUM_TECH,1.0,TESLA MODEL 3 STANDARD PLUS
2022-06,RY1,Tesla,Model 3,Model 3,,,,,,,D,SEDAN,MIXED,BEV,PREMIUM_TECH,1.0,TESLA MODEL 3
2022-06,RY1,Tesla,Model 3,Model 3,LONG RANGE PLUS,LONG RANGE,,,,,D,SEDAN,MIXED,BEV,PREMIUM_TECH,1.0,TESLA MODEL 3 LONG RANGE PLUS
2022-06,RY2,MG,MG Extender,MG Extender Double Cab,,,,,,,F,PICKUP,VOLUME,ICE,MASS,1.0,MG MG EXTENDER
2022-06,RY3,BYD,BYD T3,BYD T3,,,,,,,UNKNOWN,VAN,VOLUME,BEV,MASS,1.0,BYD T3
2022-07,RY1,Tesla,Model 3,Model 3,REAR WHEEL DRIVE,,,,,,D,SEDAN,MIXED,BEV,PREMIUM_TECH,1.0,TESLA MODEL 3 REAR WHEEL DRIVE
2022-07,RY1,Tesla,Model Y,Model Y,STANDARD,STANDARD,,,,,D,CROSSOVER,MIXED,BEV,PREMIUM_TECH,1.0,TESLA MODEL Y STANDARD
2022-08,RY1,Tesla,Model 3,Model 3,,,,,,,D,SEDAN,MIXED,BEV,PREMIUM_TECH,1.0,TESLA MODEL 3
2022-08,RY1,Tesla,Model 3,Model 3,LONG RANGE PLUS,LONG RANGE,,,,,D,SEDAN,MIXED,BEV,PREMIUM_TECH,1.0,TESLA MODEL 3 LONG RANGE PLUS
2022-08,RY1,Tesla,Model 3,Model 3,REAR WHEEL DRIVE,,,,,,D,SEDAN,MIXED,BEV,PREMIUM_TECH,1.0,TESLA MODEL 3 REAR WHEEL DRIVE
2022-08,RY1,Tesla,Model Y,Model Y,RWD,,RWD,,,,D,CROSSOVER,MIXED,BEV,PREMIUM_TECH,1.0,TESLA MODEL Y RWD
2022-09,RY1,Tesla,Model Y,Model Y,Rear-Wheel Drive,,,,,,D,CROSSOVER,MIXED,BEV,PREMIUM_TECH,1.0,TESLA Model Y Rear-Wheel Drive
2022-09,RY1,Tesla,Model 3,Model 3,REAR WHEEL DRIVE,,,,,,D,SEDAN,MIXED,BEV,PREMIUM_TECH,1.0,TESLA MODEL 3 REAR WHEEL DRIVE
2022-09,RY1,Tesla,Model 3,Model 3,STANDARD RANGE PLUS,STANDARD RANGE,,,,,D,SEDAN,MIXED,BEV,PREMIUM_TECH,1.0,TESLA MODEL 3 STANDARD RANGE PLUS
2022-09,RY1,Tesla,Model Y,Model Y,LONG RANGE DUAL MOTOR,LONG RANGE,,,,,D,CROSSOVER,MIXED,BEV,PREMIUM_TECH,1.0,TESLA MODEL Y LONG RANGE DUAL MOTOR
2022-10,RY1,Tesla,Model 3,Model 3,,,,,,,D,SEDAN,MIXED,BEV,PREMIUM_TECH,1.0,TESLA MODEL 3
2022-10,RY1,Tesla,Model 3,Model 3,STANDARD RANGE PLUS,STANDARD RANGE,,,,,D,SEDAN,MIXED,BEV,PREMIUM_TECH,1.0,TESLA MODEL 3 STANDARD RANGE PLUS
2022-10,RY1,Tesla,Model Y,Model Y,STANDARD,STANDARD,,,,,D,CROSSOVER,MIXED,BEV,PREMIUM_TECH,1.0,TESLA MODEL Y STANDARD
2022-11,RY1,BYD,BYD M6,BYD M6,,,,,,,C,MPV,VOLUME,BEV,MASS,1.0,BYD E6
2022-11,RY1,Tesla,Model 3,Model 3,,,,,,,D,SEDAN,MIXED,BEV,PREMIUM_TECH,1.0,TESLA MODEL 3
2022-11,RY1,Tesla,Model 3,Model 3,REAR WHEEL DRIVE,,,,,,D,SEDAN,MIXED,BEV,PREMIUM_TECH,1.0,TESLA MODEL 3 REAR WHEEL DRIVE
2022-11,RY1,Tesla,Model Y,Model Y,PERFORMANCE,PERFORMANCE,,,,,D,CROSSOVER,MIXED,BEV,PREMIUM_TECH,1.0,TESLA MODEL Y PERFORMANCE
2022-11,RY1,Tesla,Model Y,Model Y,STANDARD RANGE,STANDARD RANGE,,,,,D,CROSSOVER,MIXED,BEV,PREMIUM_TECH,1.0,TESLA MODEL Y STANDARD RANGE
2022-11,RY3,BYD,BYD T3,BYD T3,,,,,,,UNKNOWN,VAN,VOLUME,BEV,MASS,1.0,BYD T3
2022-12,RY2,MG,MG Extender,MG Extender Double Cab,,,,,,,F,PICKUP,VOLUME,ICE,MASS,1.0,MG MG EXTENDER
2023-01,RY1,BYD,BYD M6,BYD M6,,,,,,,C,MPV,VOLUME,BEV,MASS,1.0,BYD E6
2023-01,RY1,Tesla,Model Y,Model Y,Rear-Wheel Drive,,,,,,D,CROSSOVER,MIXED,BEV,PREMIUM_TECH,1.0,TESLA Model Y Rear-Wheel Drive
2023-01,RY1,Tesla,Model 3,Model 3,STANDARD,STANDARD,,,,,D,SEDAN,MIXED,BEV,PREMIUM_TECH,1.0,TESLA MODEL 3 STANDARD
2023-01,RY1,Tesla,Model 3,Model 3,STANDARD PLUS,STANDARD,,,,,D,SEDAN,MIXED,BEV,PREMIUM_TECH,1.0,TESLA MODEL 3 STANDARD PLUS
2023-01,RY1,Tesla,Model 3,Model 3,STANDARD RANGE PLUS,STANDARD RANGE,,,,,D,SEDAN,MIXED,BEV,PREMIUM_TECH,1.0,TESLA MODEL 3 STANDARD RANGE PLUS
2023-01,RY1,Tesla,Model Y,Model Y,LONG RANGE DUAL MOTOR,LONG RANGE,,,,,D,CROSSOVER,MIXED,BEV,PREMIUM_TECH,1.0,TESLA MODEL Y LONG RANGE DUAL MOTOR
2023-01,RY1,Tesla,Model Y,Model Y,STANDARD RANGE,STANDARD RANGE,,,,,D,CROSSOVER,MIXED,BEV,PREMIUM_TECH,1.0,TESLA MODEL Y STANDARD RANGE
2023-02,RY1,BYD,Dolphin,Dolphin,FREEDOM,,,,,,B,HATCHBACK,VOLUME,BEV,MASS,1.0,BYD DOLPHIN FREEDOM
2023-02,RY1,BYD,BYD M6,BYD M6,,,,,,,C,MPV,VOLUME,BEV,MASS,1.0,BYD E6
2023-02,RY1,Tesla,Model 3,Model 3,STANDARD RANGE PLUS,STANDARD RANGE,,,,,D,SEDAN,MIXED,BEV,PREMIUM_TECH,1.0,TESLA MODEL 3 STANDARD RANGE PLUS
2023-02,RY1,Tesla,Model Y,Model Y,LONG RANGE DUAL MOTOR,LONG RANGE,,,,,D,CROSSOVER,MIXED,BEV,PREMIUM_TECH,1.0,TESLA MODEL Y LONG RANGE DUAL MOTOR
2023-02,RY1,Tesla,Model Y,Model Y,STANDARD,STANDARD,,,,,D,CROSSOVER,MIXED,BEV,PREMIUM_TECH,1.0,TESLA MODEL Y STANDARD
2023-03,RY1,Tesla,Model 3,Model 3,PERFORMANCE,PERFORMANCE,,,,,D,SEDAN,MIXED,BEV,PREMIUM_TECH,1.0,TESLA MODEL 3 PERFORMANCE
2023-03,RY1,Tesla,Model 3,Model 3,Rear-Wheel Drive,,,,,,D,SEDAN,MIXED,BEV,PREMIUM_TECH,1.0,TESLA MODEL 3 REAR WHEEL DRIVE
2023-03,RY1,Tesla,Model Y,Model Y,STANDARD,STANDARD,,,,,D,CROSSOVER,MIXED,BEV,PREMIUM_TECH,1.0,TESLA MODEL Y STANDARD
2023-04,RY1,Tesla,Model 3,Model 3,STANDARD PLUS,STANDARD,,,,,D,SEDAN,MIXED,BEV,PREMIUM_TECH,1.0,TESLA MODEL 3 STANDARD PLUS
2023-04,RY1,Tesla,Model 3,Model 3,STANDARD RANGE PLUS,STANDARD RANGE,,,,,D,SEDAN,MIXED,BEV,PREMIUM_TECH,1.0,TESLA MODEL 3 STANDARD RANGE PLUS
2023-04,RY1,Tesla,Model Y,Model Y,STANDARD RANGE,STANDARD RANGE,,,,,D,CROSSOVER,MIXED,BEV,PREMIUM_TECH,1.0,TESLA MODEL Y STANDARD RANGE
2023-04,RY3,BYD,BYD T3,BYD T3,,,,,,,UNKNOWN,VAN,VOLUME,BEV,MASS,1.0,BYD T3
2023-05,RY1,Tesla,Model 3,Model 3,,,,,,,D,SEDAN,MIXED,BEV,PREMIUM_TECH,1.0,TESLA MODEL 3
2023-05,RY1,Tesla,Model Y,Model Y,RWD,,RWD,,,,D,CROSSOVER,MIXED,BEV,PREMIUM_TECH,1.0,TESLA MODEL Y RWD
2023-05,RY1,Tesla,Model Y,Model Y,STANDARD,STANDARD,,,,,D,CROSSOVER,MIXED,BEV,PREMIUM_TECH,1.0,TESLA MODEL Y STANDARD
2023-05,RY1,Tesla,Model Y,Model Y,STANDARD RANGE,STANDARD RANGE,,,,,D,CROSSOVER,MIXED,BEV,PREMIUM_TECH,1.0,TESLA MODEL Y STANDARD RANGE
2023-05,RY1,Tesla,Model 3,Model 3,LONG RANGE PER,LONG RANGE,,,,,D,SEDAN,MIXED,BEV,PREMIUM_TECH,1.0,TESLA MODEL3 LONG RANGE PER
2023-06,RY1,Tesla,Model 3,Model 3,,,,,,,D,SEDAN,MIXED,BEV,PREMIUM_TECH,1.0,TESLA MODEL 3
2023-06,RY1,Tesla,Model Y,Model Y,LONG RANGE DUAL MOTOR,LONG RANGE,,,,,D,CROSSOVER,MIXED,BEV,PREMIUM_TECH,1.0,TESLA MODEL Y LONG RANGE DUAL MOTOR
2023-06,RY1,Tesla,Model Y,Model Y,STANDARD RANGE,STANDARD RANGE,,,,,D,CROSSOVER,MIXED,BEV,PREMIUM_TECH,1.0,TESLA MODEL Y STANDARD RANGE
2023-06,RY2,MG,MG Extender,MG Extender Double Cab,,,,,,,F,PICKUP,VOLUME,ICE,MASS,1.0,MG MG EXTENDER
2023-07,RY1,GWM,Haval H6,Haval H6,HEV PRO,PRO,,,,HEV,C,CROSSOVER,UPPER,MIXED,MASS,1.0,HAVAL H6 HEV PRO
2023-07,RY1,MG,MG3,MG3,,,,,,,B,HATCHBACK,VOLUME,HEV,MASS,1.0,MG MG3
2023-07,RY1,Tesla,Model Y,Model Y,LONG RANGE DUAL MOTOR,LONG RANGE,,,,,D,CROSSOVER,MIXED,BEV,PREMIUM_TECH,1.0,TESLA MODEL Y LONG RANGE DUAL MOTOR
2023-08,RY1,MG,MG3,MG3,,,,,,,B,HATCHBACK,VOLUME,HEV,MASS,1.0,MG MG3
2023-08,RY1,MG,MG IM6,MG IM6,,,,,,,D,CROSSOVER,LUXURY,BEV,MASS,1.0,MG MG6
2023-08,RY1,Tesla,Model 3,Model 3,STANDARD RANGE PLUS,STANDARD RANGE,,,,,D,SEDAN,MIXED,BEV,PREMIUM_TECH,1.0,TESLA MODEL 3 STANDARD RANGE PLUS
2023-08,RY1,Tesla,Model Y,Model Y,LONG RANGE DUAL MOTOR,LONG RANGE,,,,,D,CROSSOVER,MIXED,BEV,PREMIUM_TECH,1.0,TESLA MODEL Y LONG RANGE DUAL MOTOR
2023-09,RY1,Tesla,Model Y,Model Y,STANDARD,STANDARD,,,,,D,CROSSOVER,MIXED,BEV,PREMIUM_TECH,1.0,TESLA MODEL Y STANDARD
2023-10,RY1,GWM,Haval H6,Haval H6,HEV PRO,PRO,,,,HEV,C,CROSSOVER,UPPER,MIXED,MASS,1.0,HAVAL H6 HEV PRO
2023-10,RY1,Tesla,Model 3,Model 3,Rear-Wheel Drive,,,,,,D,SEDAN,MIXED,BEV,PREMIUM_TECH,1.0,TESLA Model 3 Rear-Wheel Drive
2023-10,RY1,Tesla,Model 3,Model 3,STANDARD,STANDARD,,,,,D,SEDAN,MIXED,BEV,PREMIUM_TECH,1.0,TESLA MODEL 3 STANDARD
2023-11,RY1,GWM,Haval H6,Haval H6,HEV PRO,PRO,,,,HEV,C,CROSSOVER,UPPER,MIXED,MASS,1.0,HAVAL H6 HEV PRO
2023-11,RY1,Tesla,Model 3,Model 3,PERFORMANCE,PERFORMANCE,,,,,D,SEDAN,MIXED,BEV,PREMIUM_TECH,1.0,TESLA MODEL 3 PERFORMANCE
2023-11,RY1,Tesla,Model 3,Model 3,STANDARD RANGE PLUS,STANDARD RANGE,,,,,D,SEDAN,MIXED,BEV,PREMIUM_TECH,1.0,TESLA MODEL 3 STANDARD RANGE PLUS
2023-11,RY2,MG,MG Extender,MG Extender Double Cab,,,,,,,F,PICKUP,VOLUME,ICE,MASS,1.0,MG MG EXTENDER
2023-12,RY2,MG,MG Extender,MG Extender Double Cab,,,,,,,F,PICKUP,VOLUME,ICE,MASS,1.0,MG MG EXTENDER
2024-01,RY1,MG,MG IM6,MG IM6,,,,,,,D,CROSSOVER,LUXURY,BEV,MASS,1.0,MG MG6
2024-01,RY1,Tesla,Model 3,Model 3,PERFORMANCE,PERFORMANCE,,,,,D,SEDAN,MIXED,BEV,PREMIUM_TECH,1.0,TESLA Model 3 Performance
2024-01,RY1,Tesla,Model 3,Model 3,PERFORMANCE,PERFORMANCE,,,,,D,SEDAN,MIXED,BEV,PREMIUM_TECH,1.0,TESLA MODEL 3 PERFORMANCE
2024-02,RY1,MG,MG3,MG3,,,,,,,B,HATCHBACK,VOLUME,HEV,MASS,1.0,MG MG3
2024-02,RY1,Wuling,Wuling Air EV,Wuling Air EV,SR,,,,,,A,HATCHBACK,ENTRY,BEV,BUDGET,1.0,WULING Air EV SR
2024-03,RY1,Tesla,Model 3,Model 3,PERFORMANCE,PERFORMANCE,,,,,D,SEDAN,MIXED,BEV,PREMIUM_TECH,1.0,TESLA MODEL 3 PERFORMANCE
2024-03,RY1,Tesla,Model 3,Model 3,LONG RANGE PERFORMANCE,LONG RANGE,,,,,D,SEDAN,MIXED,BEV,PREMIUM_TECH,1.0,TESLA MODEL3 LONG RANGE PERFORMANCE
2024-03,RY1,Wuling,Wuling Air EV,Wuling Air EV,SR,,,,,,A,HATCHBACK,ENTRY,BEV,BUDGET,1.0,WULING Air EV SR
2024-04,RY1,Tesla,Model 3,Model 3,PERFORMANCE,PERFORMANCE,,,,,D,SEDAN,MIXED,BEV,PREMIUM_TECH,1.0,TESLA MODEL 3 PERFORMANCE
2024-04,RY1,Tesla,Model Y,Model Y,STANDARD,STANDARD,,,,,D,CROSSOVER,MIXED,BEV,PREMIUM_TECH,1.0,TESLA MODEL Y STANDARD
2024-05,RY1,Tesla,Model 3,Model 3,STANDARD PLUS,STANDARD,,,,,D,SEDAN,MIXED,BEV,PREMIUM_TECH,1.0,TESLA MODEL 3 STANDARD PLUS
2024-06,RY1,BYD,Atto 3,Atto 3,410KM,,,410.0,,,B,CROSSOVER,VOLUME,BEV,MASS,1.0,BYD BYD ATTO 3 (410KM)
2024-06,RY1,BYD,BYD M6,BYD M6,,,,,,,C,MPV,VOLUME,BEV,MASS,1.0,BYD E6
2024-07,RY1,MG,MG3,MG3,,,,,,,B,HATCHBACK,VOLUME,HEV,MASS,1.0,MG MG3
2024-08,RY1,MG,MG3,MG3,NEW,,,,,,B,HATCHBACK,VOLUME,HEV,MASS,1.0,MG NEW MG3
2024-09,RY1,XPeng,XPeng G6,XPeng G6,LONG RANGE,LONG RANGE,,,,,D,CROSSOVER,UPPER,BEV,PREMIUM_TECH,1.0,XPENG G6 LONG RANGE
2024-10,RY1,Aion,Hyptec HT,Hyptec HT,SSR,,,,,,D,CROSSOVER,UPPER,BEV,MASS,1.0,AION HYPTEC SSR
2024-10,RY1,BYD,Atto 3,Atto 3,410KM,,,410.0,,,B,CROSSOVER,VOLUME,BEV,MASS,1.0,BYD BYD ATTO 3 (410KM)
2024-10,RY1,BYD,BYD M6,BYD M6,,,,,,,C,MPV,VOLUME,BEV,MASS,1.0,BYD E6
2024-10,RY1,MG,MG3,MG3,NEW,,,,,,B,HATCHBACK,VOLUME,HEV,MASS,1.0,MG NEW MG3
2024-10,RY1,Tesla,Model Y,Model Y,PERFORMANCE,PERFORMANCE,,,,,D,CROSSOVER,MIXED,BEV,PREMIUM_TECH,1.0,TESLA MODEL Y PERFORMANCE
2024-11,RY1,Aion,Aion ES,Aion ES,,,,,,,C,SEDAN,VOLUME,BEV,MASS,1.0,AION AION ES
2024-11,RY1,BYD,BYD M6,BYD M6,,,,,,,C,MPV,VOLUME,BEV,MASS,1.0,BYD E6
2024-11,RY1,Chery,Omoda C5,Omoda C5,EV Long Range Ultimate,LONG RANGE,,,,BEV,B,CROSSOVER,VOLUME,BEV,MASS,1.0,OMODA C5 EV Long Range Ultimate
2024-12,RY1,BYD,BYD M6,BYD M6,,,,,,,C,MPV,VOLUME,BEV,MASS,1.0,BYD E6
2024-12,RY1,MG,MG IM6,MG IM6,,,,,,,D,CROSSOVER,LUXURY,BEV,MASS,1.0,MG MG6
2024-12,RY1,Zeekr,Zeekr 009,Zeekr 009,,,,,,,E,MPV,LUXURY,BEV,PREMIUM_TECH,1.0,ZEEKR ZEEKR 009
2025-01,RY1,MG,MG3,MG3,NEW,,,,,,B,HATCHBACK,VOLUME,HEV,MASS,1.0,MG NEW MG3
2025-01,RY1,Riddara,Horizon,Riddara Horizon Double Cab,4WD,,4WD,,,,F,PICKUP,UPPER,BEV,MASS,1.0,RIDDARA HORIZON 4WD
2025-01,RY1,Riddara,Horizon,Riddara Horizon Double Cab,PRO 4WD,PRO,4WD,,,,F,PICKUP,UPPER,BEV,MASS,1.0,RIDDARA HORIZON PRO 4WD
2025-01,RY1,Tesla,Model 3,Model 3,PERFORMANCE,PERFORMANCE,,,,,D,SEDAN,MIXED,BEV,PREMIUM_TECH,1.0,TESLA MODEL 3 PERFORMANCE
2025-02,RY1,Aion,Aion ES,Aion ES,,,,,,,C,SEDAN,VOLUME,BEV,MASS,1.0,AION AION ES
2025-02,RY1,Aion,Hyptec HT,Hyptec HT,SSR,,,,,,D,CROSSOVER,UPPER,BEV,MASS,1.0,AION HYPTEC SSR
2025-02,RY1,BYD,Atto 3,Atto 3,,,,,,,B,CROSSOVER,VOLUME,BEV,MASS,1.0,BYD BYD ATTO 3
2025-02,RY1,BYD,Atto 3,Atto 3,410KM-DYNAMIC,DYNAMIC,,410.0,,,B,CROSSOVER,VOLUME,BEV,MASS,1.0,BYD BYD ATTO3 (410KM-DYNAMIC)
2025-02,RY1,Changan,Changan Lumin,Changan Lumin,,,,,,,A,HATCHBACK,ENTRY,BEV,MASS,1.0,CHANGAN LUMIN
2025-02,RY1,Deepal,Deepal L07,Deepal L07,S,,,,,,D,SEDAN,UPPER,BEV,MASS,1.0,DEEPAL L07 S
2025-02,RY1,GWM,Haval H6,Haval H6,HEV PRO,PRO,,,,HEV,C,CROSSOVER,UPPER,MIXED,MASS,1.0,HAVAL H6 HEV PRO
2025-02,RY1,MG,MG ES,MG ES,,,,,,,C,CROSSOVER,VOLUME,BEV,MASS,1.0,MG ES
2025-02,RY1,MG,MG IM6,MG IM6,,,,,,,D,CROSSOVER,LUXURY,BEV,MASS,1.0,MG MG6
2025-02,RY1,Riddara,RD6,Riddara RD6 Double Cab,2WD,,2WD,,,,F,PICKUP,UPPER,BEV,MASS,1.0,RIDDARA RD6 2WD
2025-02,RY1,Tesla,Model 3,Model 3,STANDARD,STANDARD,,,,,D,SEDAN,MIXED,BEV,PREMIUM_TECH,1.0,TESLA MODEL 3 STANDARD
2025-03,RY1,BYD,Atto 3,Atto 3,,,,,,,B,CROSSOVER,VOLUME,BEV,MASS,1.0,BYD BYD ATTO 3
2025-03,RY1,BYD,Atto 3,Atto 3,410KM,,,410.0,,,B,CROSSOVER,VOLUME,BEV,MASS,1.0,BYD BYD ATTO 3 (410KM)
2025-03,RY1,BYD,Dolphin,Dolphin,STD,STD,,,,,B,HATCHBACK,VOLUME,BEV,MASS,1.0,BYD BYD DOLPHIN STD
2025-03,RY1,GWM,Haval H6,Haval H6,HEV PRO,PRO,,,,HEV,C,CROSSOVER,UPPER,MIXED,MASS,1.0,HAVAL H6 HEV PRO
2025-03,RY1,MG,MG3,MG3,NEW,,,,,,B,HATCHBACK,VOLUME,HEV,MASS,1.0,MG NEW MG3
2025-03,RY1,MG,MG ZS,MG ZS,ZS1,,,,,,B,CROSSOVER,VOLUME,ICE,MASS,1.0,MG ZS1
2025-03,RY1,Tesla,Model Y,Model Y,RWD,,RWD,,,,D,CROSSOVER,MIXED,BEV,PREMIUM_TECH,1.0,TESLA MODEL Y RWD
2025-03,RY2,MG,MG Extender,MG Extender Double Cab,,,,,,,F,PICKUP,VOLUME,ICE,MASS,1.0,MG MG EXTENDER
2025-03,RY3,GWM,Poer Sahar,Poer Sahar,,,,,,,F,PICKUP,UPPER,HEV,MASS,1.0,GWM POER
2025-04,RY1,BYD,Atto 3,Atto 3,,,,,,,B,CROSSOVER,VOLUME,BEV,MASS,1.0,BYD BYD ATTO 3
2025-04,RY1,BYD,Atto 3,Atto 3,410KM-DYNAMIC,DYNAMIC,,410.0,,,B,CROSSOVER,VOLUME,BEV,MASS,1.0,BYD BYD ATTO3 (410KM-DYNAMIC)
2025-04,RY1,BYD,BYD M6,BYD M6,,,,,,,C,MPV,VOLUME,BEV,MASS,1.0,BYD E6
2025-04,RY1,Neta,Neta V,Neta V,,,,,,,A,CROSSOVER,VOLUME,BEV,BUDGET,1.0,NETA NETA V
2025-04,RY1,Wuling,Wuling Air EV,Wuling Air EV,SR,,,,,,A,HATCHBACK,ENTRY,BEV,BUDGET,1.0,WULING Air EV SR
2025-05,RY1,BYD,Atto 3,Atto 3,,,,,,,B,CROSSOVER,VOLUME,BEV,MASS,1.0,BYD BYD ATTO 3
2025-05,RY1,BYD,Dolphin,Dolphin,EXD,,,,,,B,HATCHBACK,VOLUME,BEV,MASS,1.0,BYD BYD DOLPHIN EXD
2025-05,RY1,BYD,Dolphin,Dolphin,STD,STD,,,,,B,HATCHBACK,VOLUME,BEV,MASS,1.0,BYD BYD DOLPHIN STD
2025-05,RY1,Riddara,RD6,Riddara RD6 Double Cab,2WD,,2WD,,,,F,PICKUP,UPPER,BEV,MASS,1.0,RIDDARA RD6 2WD
2025-06,RY1,BYD,Dolphin,Dolphin,EXD,,,,,,B,HATCHBACK,VOLUME,BEV,MASS,1.0,BYD BYD DOLPHIN EXD
2025-06,RY1,BYD,BYD M6,BYD M6,,,,,,,C,MPV,VOLUME,BEV,MASS,1.0,BYD E6
2025-06,RY1,BYD,BYD T3,BYD T3,,,,,,,UNKNOWN,VAN,VOLUME,BEV,MASS,1.0,BYD T3
2025-06,RY1,MG,MG ES,MG ES,,,,,,,C,CROSSOVER,VOLUME,BEV,MASS,1.0,MG ES
2025-06,RY1,Tesla,Model 3,Model 3,STANDARD,STANDARD,,,,,D,SEDAN,MIXED,BEV,PREMIUM_TECH,1.0,TESLA MODEL 3 STANDARD
2025-06,RY1,Tesla,Model 3,Model 3,STANDARD RANGE PLUS,STANDARD RANGE,,,,,D,SEDAN,MIXED,BEV,PREMIUM_TECH,1.0,TESLA MODEL 3 STANDARD RANGE PLUS
2025-06,RY3,GWM,Poer Sahar,Poer Sahar,,,,,,,F,PICKUP,UPPER,HEV,MASS,1.0,GWM POER SAHAR
2025-07,RY1,BYD,Atto 3,Atto 3,,,,,,,B,CROSSOVER,VOLUME,BEV,MASS,1.0,BYD BYD ATTO 3
2025-07,RY1,BYD,Atto 3,Atto 3,410KM-DYNAMIC,DYNAMIC,,410.0,,,B,CROSSOVER,VOLUME,BEV,MASS,1.0,BYD BYD ATTO3 (410KM-DYNAMIC)
2025-07,RY1,BYD,Dolphin,Dolphin,STD,STD,,,,,B,HATCHBACK,VOLUME,BEV,MASS,1.0,BYD BYD DOLPHIN STD
2025-07,RY1,BYD,BYD M6,BYD M6,,,,,,,C,MPV,VOLUME,BEV,MASS,1.0,BYD E6
2025-07,RY1,Riddara,Horizon,Riddara Horizon Double Cab,PRO 4WD SUNROOF,PRO,4WD,,,,F,PICKUP,UPPER,BEV,MASS,1.0,RIDDARA HORIZON PRO 4WD SUNROOF
2025-07,RY1,Riddara,RD6,Riddara RD6 Double Cab,2WD,,2WD,,,,F,PICKUP,UPPER,BEV,MASS,1.0,RIDDARA RD6 2WD
2025-07,RY1,Wuling,Wuling Air EV,Wuling Air EV,SR,,,,,,A,HATCHBACK,ENTRY,BEV,BUDGET,1.0,WULING Air EV SR
2025-07,RY3,BYD,BYD T3,BYD T3,,,,,,,UNKNOWN,VAN,VOLUME,BEV,MASS,1.0,BYD T3
2025-08,RY1,Aion,Aion ES,Aion ES,,,,,,,C,SEDAN,VOLUME,BEV,MASS,1.0,AION AION ES
2025-08,RY1,Aion,Aion Y Plus,Aion Y Plus,490 PREMIUM,PREMIUM,,490.0,,,B,CROSSOVER,VOLUME,BEV,MASS,1.0,AION AION Y PLUS 490 PREMIUM
2025-08,RY1,BYD,Atto 3,Atto 3,,,,,,,B,CROSSOVER,VOLUME,BEV,MASS,1.0,BYD BYD ATTO 3
2025-08,RY1,GWM,Haval H6,Haval H6,HEV PRO,PRO,,,,HEV,C,CROSSOVER,UPPER,MIXED,MASS,1.0,HAVAL H6 HEV PRO
2025-08,RY1,Wuling,Wuling Air EV,Wuling Air EV,SR,,,,,,A,HATCHBACK,ENTRY,BEV,BUDGET,1.0,WULING Air EV SR
2025-08,RY1,XPeng,XPeng X9,XPeng X9,LONG RANGE EXECUTIVE,LONG RANGE,,,,,E,MPV,LUXURY,BEV,PREMIUM_TECH,1.0,XPENG X9 LONG RANGE(EXECUTIVE)
2025-09,RY1,BYD,Atto 3,Atto 3,410KM-DYNAMIC,DYNAMIC,,410.0,,,B,CROSSOVER,VOLUME,BEV,MASS,1.0,BYD BYD ATTO3 (410KM-DYNAMIC)
2025-09,RY1,BYD,BYD M6,BYD M6,,,,,,,C,MPV,VOLUME,BEV,MASS,1.0,BYD E6
2025-09,RY1,Deepal,Deepal Hunter K50,Deepal Hunter K50,,,,,,,F,PICKUP,UPPER,PHEV,MASS,1.0,DEEPAL HUNTER K50
2025-09,RY1,GWM,Haval H6,Haval H6,HEV PRO,PRO,,,,HEV,C,CROSSOVER,UPPER,MIXED,MASS,1.0,HAVAL H6 HEV PRO
2025-09,RY1,Jaecoo,Jaecoo 5 EV,Jaecoo 5 EV,Long Range Dynamic,LONG RANGE,,,,,B,CROSSOVER,VOLUME,BEV,MASS,1.0,JAECOO 5 EV Long Range Dynamic
2025-09,RY1,Riddara,RD6,Riddara RD6 Double Cab,86KWH 2WD,,2WD,,86.0,,F,PICKUP,UPPER,BEV,MASS,1.0,RIDDARA RD6 86KWH 2WD
2025-09,RY1,Tesla,Model 3,Model 3,PERFORMANCE,PERFORMANCE,,,,,D,SEDAN,MIXED,BEV,PREMIUM_TECH,1.0,TESLA Model 3 Performance
2025-09,RY1,Wuling,Wuling Air EV,Wuling Air EV,SR,,,,,,A,HATCHBACK,ENTRY,BEV,BUDGET,1.0,WULING Air EV SR
2025-09,RY1,XPeng,XPeng X9,XPeng X9,LONG RANGE LUXURY,LONG RANGE,,,,,E,MPV,LUXURY,BEV,PREMIUM_TECH,1.0,XPENG X9 LONG RANGE(LUXURY)
2025-10,RY1,BYD,BYD M6,BYD M6,,,,,,,C,MPV,VOLUME,BEV,MASS,1.0,BYD E6
2025-10,RY1,Tesla,Model 3,Model 3,Long Range RWD,LONG RANGE,RWD,,,,D,SEDAN,MIXED,BEV,PREMIUM_TECH,1.0,TESLA Model 3 Long Range RWD
2025-10,RY2,BYD,Dolphin,Dolphin,490KM-EXT,EXT,,490.0,,,B,HATCHBACK,VOLUME,BEV,MASS,1.0,BYD BYD DOLPHIN (490KM-EXT)
2025-11,RY1,Avatr,Avatr 11,Avatr 11,STANDARD RANGE,STANDARD RANGE,,,,,D,CROSSOVER,LUXURY,BEV,PREMIUM_TECH,1.0,AVATR AVATR 11 STANDARD RANGE
2025-11,RY1,Chery,Chery V23,Chery V23,4WD PEAK,PEAK,4WD,,,,B,SUV,VOLUME,BEV,MASS,1.0,CHERY V23 4WD PEAK
2025-11,RY1,GWM,Haval H6,Haval H6,HEV PRO,PRO,,,,HEV,C,CROSSOVER,UPPER,MIXED,MASS,1.0,HAVAL H6 HEV PRO
2025-11,RY1,MG,MG HS,MG HS,,,,,,,C,CROSSOVER,MIXED,MIXED,MASS,1.0,MG HS
2025-11,RY1,Tesla,Model Y,Model Y,PERFORMANCE,PERFORMANCE,,,,,D,CROSSOVER,MIXED,BEV,PREMIUM_TECH,1.0,TESLA MODEL Y PERFORMANCE
2025-12,RY1,Aion,Hyptec HT,Hyptec HT,SSR,,,,,,D,CROSSOVER,UPPER,BEV,MASS,1.0,AION HYPTEC SSR
2025-12,RY1,Avatr,Avatr 11,Avatr 11,STANDARD RANGE,STANDARD RANGE,,,,,D,CROSSOVER,LUXURY,BEV,PREMIUM_TECH,1.0,AVATR AVATR 11 STANDARD RANGE
2025-12,RY1,BYD,Sealion 6 DM-i,Sealion 6 DM-i,,,,,,,C,CROSSOVER,VOLUME,PHEV,MASS,1.0,BYD BYD SEALION 6
2025-12,RY1,Changan,Changan Lumin,Changan Lumin,,,,,,,A,HATCHBACK,ENTRY,BEV,MASS,1.0,CHANGAN LUMIN
2025-12,RY1,GWM,Haval H6,Haval H6,HEV PRO,PRO,,,,HEV,C,CROSSOVER,UPPER,MIXED,MASS,1.0,HAVAL H6 HEV PRO
2025-12,RY1,Leapmotor,Leapmotor B10,Leapmotor B10,Life BEV,,,,,BEV,B,CROSSOVER,VOLUME,BEV,MASS,1.0,LEAPMOTOR B10 Life BEV
2025-12,RY1,Riddara,Horizon,Riddara Horizon Double Cab,PRO 4WD SUNROOF,PRO,4WD,,,,F,PICKUP,UPPER,BEV,MASS,1.0,RIDDARA HORIZON PRO 4WD SUNROOF
2025-12,RY3,GWM,Poer Sahar,Poer Sahar,,,,,,,F,PICKUP,UPPER,HEV,MASS,1.0,GWM POER
